conversation_id,customer_tweet_id,support_tweet_id,customer_message,support_response,response_behavior,response_quality
100245,100245,100244,What is this ? since I upgraded with this $hi&*y macOS my instant click before is now lagging to almost a minute and that disrupts my writing e-mails (work and personal) wow! this is getting crazy everyday not enjoying Apple Macbook NOW!,"@137967 We'd like to help. Does this seem to persist when using multiple apps? Have you tried rebooting to see if that helps? Send us a DM, we'll be glad to work on this with you. https://t.co/GDrqU22YpT",troubleshooting,guided_escalation
100245,100243,100241,I have tried restarting my macbook but it keeps lagging. I will try rebooting and close all apps once again.,"@137967 Either way, let us know what happens via DM. We want to make sure this is fully resolved. https://t.co/GDrqU22YpT",dm_escalation,guided_escalation
100540,100540,100539,My iPhone been moving slow af the past couple weeks. I need answers,"@137986 We’d love to help with the performance of your iPhone. To start, please send us a DM confirming which iPhone and exact software version you’re using. You can tap Settings &gt; General &gt; About to locate the software version. https://t.co/GDrqU22YpT",troubleshooting,guided_escalation
101228,101228,101227,"Dear god not again,","@138151 We want to make sure your words and texts are coming out as expected. What version of the iOS software do you currently have installed on your device? You can find this in Settings &gt; General &gt; About.  

Please send a DM with this information so we can better assist. https://t.co/GDrqU22YpT",troubleshooting,guided_escalation
101231,101231,101230,Noticed a bug on my @115858 iPhone X/iOS 11.1.2 While I’m on the phone I can’t close apps.,"@138152 We can assist you. Thanks for bringing this to our attention. If you restart your device and test the issue again, does it persist?",troubleshooting,actionable
101234,101234,101232,"leg dit even uit? Dit is mijn oud e-mail adress/apple id, sinds een recente update krijg ik constant deze melding. Ik heb sinds paar jaar een nieuw e-mail adres en ook een apple id op dit adres. Ik was (nog altijd) het wachtwoord kwijt van het oude e-mail & apple-id",@138153 We offer support via Twitter in English. Contact us for help in your preferred language here: https://t.co/IBIY3vMgPj,link_resource,actionable
101234,101233,101235,"Since a recent update i’m constantly getting these notifications about my old apple ID /e-mail adress, wich i’ve lost the pw years ago. I allready got a new account and e-mail, but it doesn’t appear anywhere, alltho i can still acces the app store etc..","@138153 We'd be happy to look into why that Apple ID is popping up now, and see what we need to do to get it to stop. To get started, can you tell us which iPhone and iOS version you're using? You can find the version by going to Settings &gt; General &gt; About &gt; Version.",troubleshooting,actionable
101234,101236,101237,"Yes ofcourse, iphone 6s version 11.1.2 (15B202)","@138153 Go ahead and DM us your country, and we'll continue working there. https://t.co/GDrqU22YpT",troubleshooting,guided_escalation
101239,101239,101238,@115858 Just because you're releasing new phones doesn't mean you should stop making my current iPhone stop working. I have a contract and cannot just purchase a new phone every 12 months.,"@138154 If at all possible, we would love to help. Can you tell us in more detail about what you're experiencing with the current iPhone you have?",information_request,other
101241,101241,101240,anyone else’s phone changing “it” to I.T,@138155 We've received your DM and will respond to you there shortly.,dm_escalation,generic_escalation
101244,101244,101243,Spam emails ....,@138156 Thank you for reaching out to us and providing us with this information. Please report this phishing message using the info here: https://t.co/LNMCdqt6fD,dm_escalation,generic_escalation
101246,101246,101245,"updated to iOS 11.1.2, phone crashes repeatedly at 32% battery life. Briefly flashes ‘plug in graphic’, the will restart and crash again within seconds. When drained past 30%, suddenly works fine. Something buggy with the low battery emergency shutdown trigger.",@138157 We can help. Was this happening on the iPhone before the update?  Is there any activity that seems to trigger the issue otherwise?,troubleshooting,actionable
101249,101248,101247,"@115858 @116333 My Apple account’s Family Sharing has been broken for 10 weeks now, and support doesn’t seem any closer to fixing this. When asked for alternative solutions the answer is to have yet more patience. This is horrible :( https://t.co/1W9S7hFGwC","@138158 We'd like to see how we can help with this. Send us a DM with further information such as a case number or serial number, if you have one. https://t.co/GDrqU22YpT",dm_escalation,guided_escalation
101251,101251,101250,why is my MacBook doing this,@138159 We can work together on this display issue. Were there any recent changes to the Mac or damage (liquid contact or drops). Let us know in DM to get started. https://t.co/GDrqU22YpT,dm_escalation,guided_escalation
101253,101253,101252,"please, since the last update 10.13.1, there is a huge delay in the refresh of the files in the Finder. Same problem was before but it was fixed in the previous version. Now, the problem appears again","@138160 We want to ensure we're able to get your Mac running as expected. Please meet us in DM with more information on the exact issue you're experiencing. 

You can meet us in DM, here: https://t.co/GDrqU22YpT",dm_escalation,generic_escalation
101256,101256,101254,please helpmeni can't sign in icloud account,@138161 Having access to your account is important and we're happy to help determine the best options to gain access to your account. Are you receiving an error message when you attempt to log in? DM us and we'll work with you there. https://t.co/GDrqU22YpT,information_request,guided_escalation
101256,101255,101257,"I forget account and pasword icloud,",@138161 This link can help with a forgotten password: https://t.co/fJnZYmbI9N We'll need to refer you here for further help:  https://t.co/UJm15vmMM2 https://t.co/GDrqU22YpT,link_resource,actionable
101259,101259,101258,Only to break File Sharing! Sigh :-( /cc @115858 https://t.co/QGw2mX4igg,@138162 Having issues with File Sharing since updating to the latest macOS? We'd like to hear more about this to see how we can help. Send us a message in DM at the link below with more details to get started. https://t.co/GDrqU22YpT,troubleshooting,guided_escalation
101262,101262,101260,Why does the iPhone have “I.T” as the autocorrect for “it”??!,@138163 Thanks for reaching out. We'd be happy to help. Which version of iOS are you using? You can check in Settings &gt; General &gt; About.,troubleshooting,actionable
101262,101261,101263,11.0.3,"@138163 Let's backup your device, then update to the latest version of iOS, as shown here: https://t.co/80YRnjDFDk Then test it out and let us know what you see. Shoot us a DM if the issue persists by tapping here: https://t.co/GDrqU22YpT",troubleshooting,guided_escalation
101266,101266,101264,Hey my iPhone 7 suddenly stopped working with Apple CarPlay in my brand new car yesterday. Won't connect via bluetooth or USB either. I've done 2 hard resets & tried other troubleshooting to no avail. Can somebody help me or am I switching to Android soon?,@138164 We will do our best to get your CarPlay working again.  Were there any changes on the iPhone recently?  Which iOS version are you using?  You can check under Settings &gt; General &gt; About.,troubleshooting,actionable
101266,101267,101268,And before that I hadn’t done any updates between when it worked normally and the time it froze & crashed.,@138164 Thanks.  Are you able to successfully connect to any other Bluetooth devices?,information_request,other
101266,101269,101270,"I’m currently staying with family and don’t have access to other Bluetooth devices to connect to, unfortunately.","@138164 Understood, thanks. Are you showing any updates available for the firmware in your car? Also, are you showing any connection errors on your iPhone or in the car?",troubleshooting,actionable
101266,101271,101272,"No updates on the car, and my partner’s phone is pairing with Android Auto just fine. When I try plug my phone into the car, the car doesn’t respond at all. Even bought a new cord to make sure it wasn’t a connection issue.","@138164 You've completed some great steps, thanks. DM the make and model of your car and we'll continue there. https://t.co/GDrqU22YpT",dm_escalation,guided_escalation
101274,101274,101273,Alguien sabe pxq le pasa esto a mi nuevo iPhone X ese cuadro q?,@138165 We offer support via Twitter in English. Get help in Spanish here: https://t.co/IBIY3vMgPj or join https://t.co/OczyRx7IOs,link_resource,actionable
101278,101278,101277,Is there any way to check the overall battery health of my iPhone 6?,"@138167 We understand how important battery life is. 

Let's take a look into your support options in DM. Send us a message with the version of iOS you're currently on. The latest is iOS 11.1.2. https://t.co/GDrqU22YpT",troubleshooting,guided_escalation
101280,101280,101279,yo what’s your phone number,"@138168 Thanks for reaching out. To reach our telephone support, you can use this link:  https://t.co/IBIY3vMgPj",link_resource,actionable
101282,101282,101281,Hey could you make it more impossible and frustrating to get a Genius Bar Reservation for an elderly person? Ridiculous.,@138169 We're here for you. Use the link below to send us a DM with your country of residence and we'll look into support options with you. https://t.co/GDrqU22YpT,troubleshooting,guided_escalation
101285,101285,101284,Anybody else getting really annoyed with trying to type “it” and constantly having it autocorrect to I.T ???? What’s good with that @115858 ???,"@138170 We'd like to help. Please let us know in DM the device you are using, along with the software version it is running to start: https://t.co/GDrqU22YpT",dm_escalation,guided_escalation
101287,101287,101286,My iPhone X makes a clicking sound from the screen if you press on the bottom left corner of the screen,"@138171 Hey, we can look into some options for your iPhone X. We know it's not ideal to hear unexpected sounds comings from your device. DM us the country you're located in and we'll go from there. https://t.co/GDrqU22YpT",troubleshooting,guided_escalation
101290,101290,101288,MY PHONE IS UNLOCKED SO WHY CAN'T I VIEW MY NOTIFICATIONS iOS11,"@138172 We'll work together to get you able to view those notifications in no time. What happens when you try to view that notification? Also, what iOS version is running and which iPhone model is this happening on?",troubleshooting,actionable
101290,101289,101291,Nothing happens. iOS11.1.2. iPhone 7.,"@138172 Thanks for letting us know. Let's have you try to restart the iPhone and then see if that issue persists. This can help: https://t.co/OWRDHWSt4h Let us know how that goes afterward. Also, check out this article about notifications: https://t.co/2txgOv5s2M https://t.co/GDrqU22YpT",troubleshooting,actionable
101290,101292,101293,happened multiple times over 3-4 weeks. even after restarting. can't seem to replicate the scenario though.,"@138172 Thanks for that info. To confirm, the issue is not happening now after restarting the iPhone?",troubleshooting,actionable
101290,101294,101295,As I said I can't recreate the scenario but it happens once every week or so,"@138172 If that issue happens again, go ahead and reach out to us in DM and let us know more about it then. We'll be happy to help further then. https://t.co/GDrqU22YpT",dm_escalation,guided_escalation
101298,101298,101297,is it possible to make an appointment for someone else? My sister is locked out of her account and her iPhone is dead so she can’t receive the code.,"@138174 We’d be happy to assist.  Just so we are on the same page, she is trying to receive her two-factor authentication to unlock her Apple ID, and you wanted to make an Apple Retail Store appointment?  Please respond in DM. https://t.co/GDrqU22YpT",troubleshooting,guided_escalation
101300,101300,101299,just a heads up here's a glitch. Songs get stuck on the lock screen iOS 11.1.2 iPhone X,@138175 Thank you for reaching out to us. How often has this happened? Does it occur while using cellular data as well as a Wi-Fi connection? Let us know in DM. https://t.co/GDrqU22YpT,information_request,guided_escalation
101302,101302,101301,common guys. I rely on your products for video production for broadcast and your update to fix your security issue is completely crashing the OS... as a life long user of your products this is unacceptable,@138176 We can definitely understand and want you to be able to rely on our products and software. Which device are you using and what exactly happens?,information_request,other
101304,101304,101303,"how do I go about raising a high level complaint please? 4 senior techs couldn’t help fix my problem, now my e mails are being unanswered, want a refund for a product that’s not fit for purpose, have tried everything to fix, thanks.",@138177 We'd be happy to look into this with you. DM us using the link below and we'll go from there. https://t.co/GDrqU22YpT,dm_escalation,guided_escalation
102355,102355,102354,"MacBook won’t turn on...gives me this screen, I need my serial number to call Apple support, won’t turn on....HELP",@138468 No worries. Help has arrived. We have a few questions that will help us get to the bottom of this. How were you using your Mac just before this occurred? Have you added new external hardware or accessories? Send us a DM. https://t.co/GDrqU22YpT,information_request,guided_escalation
102358,102358,102356,"Hi since I’ve updated my iphone 6, sometimes it freezes while writing a message here, on Line or elsewhere. Never happened before. What the fuck? More than an update, its a downdate . Get your shit together please, for Jobs’s sake!! Sincerely pissed, A user",@138469 We'd like to look into your performance concerns with you. Reach out via DM using the link below and let us know what version of iOS 11 you have installed. You can check by tapping Settings &gt; General &gt; About. https://t.co/GDrqU22YpT,troubleshooting,guided_escalation
102363,102363,102362,"Dear , the feature that is suppose to keep Live Photos off doesn’t work. A fix would be nice. Thanks!",@138471 Let's look into that. Send us a DM and we'll go from there. https://t.co/GDrqU22YpT,dm_escalation,generic_escalation
103143,103143,103142,"CAN I PLEASE TALK TO A REAL PERSON, and not an automated voice? I've been on hold for 45 mins, got hung up on. I need your HELP LIKE NOW!!","@138688 We want you get the help you're needing. Perhaps we can offer some solutions here. Shoot us a DM, letting us know what's going on and from there we'll provide any assistance we can. https://t.co/GDrqU22YpT",dm_escalation,guided_escalation
103146,103146,103144,how do I stop this auto brightness I like my screen dark and it just randomly gets bright,"@138689 Thanks for reaching out. We know how important it is to control your display brightness, and we're happy to help. Can you tell us which device model and version of software you're using so we can provide the steps for how to adjust this?",information_request,other
103146,103145,103147,I have an iPhone 7 running iOS 11.1.2,@138689 This article provides the steps for how to adjust the brightness on your iPhone 7: https://t.co/QGzyuyr5Ra Let us know if this helps.,link_resource,actionable
103146,103148,103149,Omg yesss thank you !!!!,@138689 You're very welcome. Please let us know if you have any additional questions. We're happy to help. Have a great evening!,other,other
103151,103151,103150,"@115858 my iPhone gets slower and slower with every update and for this I thank you, keep up the good work",@138690 We know how important updates are and we want to help you use the device as you expect. DM us what device and iOS version you're using. https://t.co/GDrqU22YpT,troubleshooting,guided_escalation
103154,103154,103152,I need your help!!,@138691 You've come to the right place! What's going on?,information_request,other
103157,103157,103155,I cannot update my phone to iOS 11 I keep getting an error occurred while trying to install the download I've tried restarting force restart cleared at least 5gb of space what now,"@138692 Thank you for reaching out. Let's get you updated. To better assist, are you attempting to update directly on the iPhone via Settings or via a computer with iTunes?",troubleshooting,actionable
103157,103156,103158,Via my iPhone because I no longer have a computer,"@138692 No worries. If that is the case, check out the steps here: https://t.co/Ui1yTnOCUz but keep us posted if you run into any issues.  We're here for you.",troubleshooting,actionable
103157,103159,103160,"I deleted the download and re-downloaded the update and again, it says an error occured while installing",@138692 Let's meet up in DM and work together there. https://t.co/GDrqU22YpT,dm_escalation,generic_escalation
103162,103162,103161,", did HighSierra kill my old trackpad? After the recent update, no more trackpad. Bounces between connected and mostly not.",@138693 Thanks for reaching out to us. We are always happy to help. Send us a DM. We'd like to look into this with you.,dm_escalation,guided_escalation
103164,103164,103163,Hey why can’t I scroll to accept this developer agreement in Safari on iOS? Can’t get the accept button to show up.,@138694 Thanks for reaching out.  We know how important it is to be able to accept Developer agreements and  we'll do everything we can to assist.  Does this issue also happen from a computer? https://t.co/GDrqU22YpT,information_request,actionable
103166,103166,103165,@115858 iPhone X orange camera problem? https://t.co/HooDTPyYNl,@138695 Let's help take a look. How long has this been happening? Have you tried any troubleshooting such as force quitting camera or rebooting the iPhone X? What's the version of iOS in Settings &gt; General &gt; About?,troubleshooting,actionable
103169,103169,103167,Hey - Over the last few days my messages app on my iMac and MBA stopped syncing with my iMessages from my iOS devices. Any ideas on how to fix this problem? I've lost one of my favorite parts of AppleSimplicity,"@138696 We’d love to help with your messages. To start, do you see your iMac and MacBook enabled if you tap Settings &gt; Messages &gt; Text Message Forwarding on your iPhone?",troubleshooting,actionable
103169,103168,103170,Yes they are. My iPad is as well and that one is still working normally.,"@138696 On your iMac and MacBook, open Messages, then choose Messages &gt; Preferences. Click Accounts, then select your iMessage account. Do you have a check next to your phone number and email address? Is the same Apple ID being shown that you use with your iPhone?",troubleshooting,actionable
103169,103171,103172,All is correct there.,@138696 Thank you. We’d like to look further into this with you. Please send us a DM confirming which software version you are using with your iMac and MacBook Air. https://t.co/GDrqU22YpT,dm_escalation,guided_escalation
103174,103174,103173,why does my battery drain so fast now on iOS 11.1.2 I lose 10% in an hour or less and I don’t even use the phone. Im at 26% now,@138697 We know how vital the battery is and we'll help. Are you using the Apple Lightning to USB cable and power adapter to charge your iPhone? You can DM us your answer. https://t.co/GDrqU22YpT,information_request,guided_escalation
103176,103176,103175,Zouden jullie mij uit kunnen leggen waarom mijn telefoon ineens geen geheugenruimte meer over heeft terwijl ik er al van alles heb afgegooid? En dit tot grote ergernis blijft doen?,@138698 We offer support via Twitter in English. Contact us for help in your preferred language here: https://t.co/IBIY3vMgPj,link_resource,actionable
103179,103179,103177,FYI. Def have to you use passcode to unlock iPhone X more than past iPhones with touchid. iphonex FaceID,@138699 Congratulations on your new iPhone X. We'd like to help you. Have you tried setting up Face ID again? https://t.co/lDcNYSCMiX,information_request,actionable
103179,103178,103180,It’s not that. It’s because there’s many possible inference vision to the face. Like hands on face and other objects.,"@138699 Face ID will adapt to changes in your appearance, such as wearing sunglasses or growing facial hair. If you have your hands over your face, it will be difficult for Face ID to scan and unlock your iPhone. If you remove your hands, does Face ID unlock the iPhone?",troubleshooting,actionable
103179,103181,103182,"Yes. I think touchID was better, just my opinion. Just giving you some feedback but other than that I do like the new hardware finally.",@138699 We appreciate your feedback and we’re glad to hear that you like your new iPhone! Let us know if we can assist you with anything else in the future.  Have a wonderful day!,other,other
103184,103184,103183,The recent IOS update has slowed my 6S down to a crawl. I am seriously reconsidering my commitment to @115858.,@138700 We want you to be able to use your iPhone with no issues. Are you noticing it running slow when using specific apps? Let us know in DM. https://t.co/GDrqU22YpT,information_request,guided_escalation
103186,103186,103185,"@115858  thanks for making my phone backup fucking useless, cant download it back onto my phone because of a shitty ''two-factior verification' with my fucking old number, load a shite","@138701 We know how important being able to restore from a backup is. DM us a bit more details on what’s happening when you try to restore it, and we’ll work towards a resolution together. https://t.co/GDrqU22YpT",troubleshooting,guided_escalation
103193,103192,103191,I need to charge the battery 3 times a day. And I'm sick of it.,"@138702 Let's try following this article for Maximizing Battery Life, and let us know if it helps: https://t.co/TpjqFp3jxD",troubleshooting,actionable
103193,103189,103187,this happened after the update,@138702 We know how important it is to get the best performance from your battery and understand this happened after updating. We'd like to discuss some additional recommendations. Please DM us with the country where you're located to continue. https://t.co/GDrqU22YpT,troubleshooting,guided_escalation
103193,103188,103190,I know these. iphone 6+. I started having problems after installing iOS 11 when everything was normal. and now I'm going back too! Did you understand me?,@138702 We'd like to get clarification and work on a solution for your iPhone's performance. Please use the link below to DM us with the country where you're located. https://t.co/GDrqU22YpT,troubleshooting,guided_escalation
103197,103197,103195,what’s going on with this latest update? Whenever I type the “it” it autocorrects to “I.T” unless I press the actual word it. Wtf is going on?,@138703 We'd be happy to look into this with you. Can you provide us which iOS version you're using? This can be located in Settings &gt; General &gt; About &gt; Version.,troubleshooting,actionable
103197,103196,103198,11.2,@138703 Just to be sure are you on iOS 11.1.2 or iOS beta 11.2? Let us know in DM here: https://t.co/GDrqU22YpT,information_request,guided_escalation
103200,103200,103199,dont understand why i just called you to have my phone not working stilll.... thanks so much,@138704 Send us a DM. Let us know more details on the issue. We'll do our best to help. https://t.co/GDrqU22YpT,dm_escalation,guided_escalation
103205,103205,103203,The new update to my iMac messed up my play/pause button. It no longer controls Spotify but the videos on my facebook timeline and inside safari. How do I fix this?,@138705 We can assist you. Does this take place with any other apps such as iTunes?,information_request,other
103205,103202,103201,I tried to recreate the issue with iTunes open and was unable to reproduce the effect. Thank you for your reply.,"@138705 Got it, thank you. If it still occurs in Safari, please send us a DM. We'd like to continue working on this with you. https://t.co/GDrqU22YpT",dm_escalation,generic_escalation
103207,103207,103206,Yo @115858 you can make my phone not send/receive texts all you want I’m not buying your overpriced piece of glass #CanYouHearMeNow,@138706 Hi. We'd like to help. This article can help resolve most issues with sending and receiving messages on your iPhone: https://t.co/2hgNQH8Vvq Let us know if this helps.,link_resource,actionable
103210,103210,103208,OMFG @115858 this is my 3rd pair of fkn headphones that have crapped out on me.,"@138707 Hi, we appreciate you reaching out to us to resolve this issue. We would like to gather a little more information before we continue. First, are they Apple or Beats headphones?",information_request,other
103210,103209,103211,apple. ones you get when you get a new phone.,"@138707 Got it, thanks. So we're sure to be on the same page is there no sound at all or is there an issue with the sound quality? Also, does it happen when connected to any device?",information_request,other
103210,103212,103213,no sound in the right earphone and yes.,"@138707 Alright, we'd like to take a look at your options. Let us know when and where this set was purchased in a DM and we'll continue. https://t.co/GDrqU22YpT",dm_escalation,guided_escalation
103215,103215,103214,"@116333 Please help me, apple call centre in India unable to support",@138708 We're happy to assist you. Is this related to the Face ID issue you recently had? DM us with more information and we'll go from there. https://t.co/GDrqU22YpT,information_request,guided_escalation
103218,103218,103216,Yo my iPhone just went from 100% to 20% in an hour.,"@138709 Battery life is important, and we can help. To start, tell us the iOS version your iPhone is running, and we’ll take it from there.",acknowledgement,other
103218,103217,103219,iOS 11.1.2 - it’s up to date,"@138709 OK, thanks. So that we can look into this further, use the link below to DM us, and we’ll  take it from there. https://t.co/GDrqU22YpT",dm_escalation,generic_escalation
103221,103221,103220,I WANT Y’ALL TO EXPLAIN TO ME WHY MY 8 PLUS BATTERY IS GARBAGE. I’VE BEEN ON IT FOR LIKE AN HOUR AND IT’S AT 74%. IT GOES DOWN LIKE 5 PERCENT WHEN I LISTEN TO ONE FUCKING SONG.,@138710 We're happy to look into what's happening with your iPhone battery performance. We know how important it is to have your iPhone battery performing at its best. Send us a DM letting us know if you see the message outlined in this article: https://t.co/KyywFa9iZ3 https://t.co/GDrqU22YpT,dm_escalation,guided_escalation
103224,103224,103222,"""Keep in mind that this version will still be available to all users as a manual update from the App Store""...@118936 @115858.. the app store does not behave like this. Please can we fix this 🙏",@138711 We're happy to look into this with you. What are you downloading when you see this message?,information_request,other
103224,103223,103225,"Thanks. Each time we release the depop app using phased rollout, a user sees the what’s new text when they go to the App Store, but the OPEN button shows and they can’t download the new version",@138711 Got it.  You will need to reach out to Developer Support here.  They will be happy to help.  https://t.co/LIrs0dB6kH,link_resource,actionable
103228,103227,103226,@138713 Estou com problemas com a querida @115858 tbem e tive que acionar o Procon.,"@138712 Since our Twitter support is available in English, get help at https://t.co/IBIY3vMgPj or join https://t.co/pvaOFfPbjt",link_resource,actionable
103230,103230,103229,hi. i received an email about icloud payment from this email account and i'm wondering if it's fake since I domt have any apple decives at the moment so I didn't purchase anything.,@138714 Thanks for taking the time to reach out. We know it's important to be able to identify legitimate emails and we're here to get you pointed in the right direction. You'll want to review this article for help: https://t.co/LNMCdqt6fD,link_resource,actionable
103233,103233,103232,Are you guys kidding with these keyboard bugs?? I.T is so frustrating. Android is looking very tempting and be been an Apple user for YEARS. Is there a timeframe for a fix? Published workarounds don’t work!,@138715 We're happy to look into this issue with you. Please DM us your current iOS version and we'll go from there. https://t.co/GDrqU22YpT,dm_escalation,guided_escalation
103235,103235,103234,@115858 Estoy muy decepcionado con la calidad de la compra online. Despues de esperar tanto tiempo para el IPhone X + AppleWatch teneis problemas con el sistema de pago. Muy muy decepcionado !!! Espero que esto no afecte a la fecha de entrega de mi pedido!!!,@138716 We offer support via Twitter in English. Get help in Spanish here: https://t.co/IBIY3vMgPj or join https://t.co/OczyRx7IOs,link_resource,actionable
103237,103237,103236,Err um. when are we gonna fix the issue with all my I’s looking like trash,"@138717 Hi there. We recently released an update that includes a fix. Follow the steps here to back up and update your device: https://t.co/80YRnjDFDk If you are still seeing this when you type after updating, send us a DM and we'll take a closer look. https://t.co/GDrqU22YpT",troubleshooting,guided_escalation
103240,103240,103238,Why did all my pictures just delete from my phone. WTF just happened,@138718 We can help with your Photos! Please tell us which iPhone and iOS you're using in DM and we'll go from there: https://t.co/GDrqU22YpT,dm_escalation,guided_escalation
103240,103239,103241,They came back thanks.,@138718 That's great to hear! Please do reach back out if we can be of any further assistance.,other,other
103243,103243,103242,"On iOS 11, the video player shows a scrubbing speed tip every time I scrub for a while. Useful the 1st / 2nd time, but maybe not the gazillionth time. Is there a way to turn it off?",@138719 We’d be glad to look into this with you. Can you start by explaining what app you are using to view the video in DM? These details help us determine where to get started. https://t.co/GDrqU22YpT,information_request,guided_escalation
103245,103245,103244,Is this real? The app store said there were no updates.,"@138720 Thanks for taking the time to reach out. Yes, that notification is from Apple.",other,other
103248,103248,103246,Hey is this a known bug that will be fixed soon? My dock on iPad continues to not stay centered and only a reboot will reset it. See attached picture.,@138721 We'd love to look into this with you. Which exact version of the operating system is your iPad running? Let us know in DM and we'll team up to get this resolved. https://t.co/GDrqU22YpT,information_request,guided_escalation
103248,103247,103249,11.1.2,@138721 Thanks. Do you notice this occurring after running or exiting out of a certain app? Let's continue via DM. https://t.co/GDrqU22YpT,information_request,guided_escalation
103253,103252,103250,@115858 The upgrade is messing up with FaceTime. I had to restart 4 times in one day because it freezes. Fix this please,@138722 We want to help. What device is the issue occurring on?,information_request,other
103941,103941,103939,Is there a way to save the photos you have on a external hard drive to iCloud?,"@138902 Thanks for contacting us with this great question about importing photos to iCloud! There are a couple of different ways, so we want to know a bit more, so we'd love to help! DM us which kind of computer you're using and we'll get started. https://t.co/GDrqU22YpT",dm_escalation,guided_escalation
104192,104192,104191,"Hi . I keep my personal iPhone 6S in my pocket. Any time I also carry my work iPhone 6 in my bag, the steps count from both devices seem to get added together in the Health app. Is there a way to stop this please? It didn't happen in iOS 10.","@138973 We understand how important it is to sort this out. The Health app handles data from different sources such as from other devices or apps. However, you can prioritize the data sources and learn more about this here: https://t.co/FbDAfgVHS6 DM us any other questions. https://t.co/GDrqU22YpT",dm_escalation,guided_escalation
104192,104190,104189,"Thanks. Yep I checked that, but neither phone has the other listed as an alternative data source. It’s almost like it’s because they’re both linked to my iCloud account or something. Here’s an example from one of them, the one listed is the same device name.",@138973 We'd like to look into this further. Please DM us to continue working on this. https://t.co/GDrqU22YpT,dm_escalation,generic_escalation
104192,104188,104187,Certainly. I’ll collect some screenshots to illustrate the problem and message you later.,"@138973 Great, thanks.",other,other
104194,104194,104193,"my storage has ran out and nothing I download isn't storing on my iCloud which still has 2GB left,help?",@138974 We want to help you with managing your storage on your iPhone. Your iPhone is able to show you information on the storage being used and make recommendations to optimize your storage usage. Please check out more on how to clear that space here: https://t.co/0yFHFRYSnX,troubleshooting,actionable
105315,105315,105314,Anybody else having a problem uploading  screenshotted pictures from their #iphone? @115858,@139254 We'd be happy to help with your pictures. Provide us some details of what's going and we can work together from there.,acknowledgement,other
105315,105312,105310,When i go to upload to social media with a slo-mo or screen shotted picture i am getting a loading circle in the middle of the screen and it never finishes loading. Doesnt allow upload to complete,"@139254 Thank you. Does the issue persist if you restart your device? Also, which software version are you using? You can tap Settings &gt; General &gt; About to locate the software version.",troubleshooting,actionable
105315,105311,105313,"Issue remains the same,, i have an 8+ .. software up to date (11.1.2) but i believe the issue is just with instagram and stops any screenshot, slomo or high quality pic from uploading.","@139254 Are there any updates available for Instagram? Send us a DM, and we'll continue helping out from there. https://t.co/GDrqU22YpT",troubleshooting,guided_escalation
105317,105317,105316,hey @115858 fix the damn iOS so my phone stops freaking out. you want people to pay $1000 for a phone that has bugs?! it just deleted my entire yahoo inbox and now it’s downloading them again. all 8000! 😡,@139255 We'd like to help! Which iPhone and iOS are you using? You can check in Settings &gt; General &gt; About &gt; Version. Let us know in DM: https://t.co/GDrqU22YpT,troubleshooting,guided_escalation
105323,105323,105322,MY AIRPODS CASE WONT ChARGE WTF,@139257 We are here to help. Is it both that will not charge or just one?,information_request,other
105326,105326,105324,Dear WTF is up with inserting A? When I type I in a text fix this,@139258 We've released an update to fix this. We do recommend creating a current backup of the data on your device before updating. Here's more about the new update: https://t.co/xU1AGHStV6 Let us know if this helps. https://t.co/GDrqU22YpT,troubleshooting,actionable
105328,105328,105327,Such rude folks in apple store as if they have done favors by selling iPhone  @116333 @6126 #iPhoneSucks #AppleCareSucks,@139259 That's certainly not the experience we want for our customers.  DM us with more details and we can proceed from there to get to the bottom of this. https://t.co/GDrqU22YpT,dm_escalation,guided_escalation
105330,105330,105329,Why I can’t turn my WiFi button on?,"@139260 We'd like to help. Please let us know in DM the device you are using, along with the software version it is running to start: https://t.co/GDrqU22YpT",dm_escalation,guided_escalation
105334,105334,105333,Upgraded Mac (retina 4k 27” late 2014) to High Sierra this week. Photos app is nightmare. Editing virtually impossible as adjustments take 30secs – 1 min to appear. Photos frequently crashes too. Help please?,"@117107 Let's get you connected to our Photos team. Please use this link to get in contact with them: https://t.co/IBIY3vMgPj
Select Apps &amp; Software &gt; Mac apps.",link_resource,actionable
105334,105332,105331,Thank you!,@117107 You're welcome and thank you! Contact us again if you have other concerns or questions. We'll be glad to help. Have a great day.,other,other
105336,105336,105335,@115858 I️ I️ I️ I️ I️ I️ I️ I️ I️ I️ I️ I️ I️ I️ I️ I️ .... when are you going to fix this!?,"@139261 We're here for you. Let's get you updated to iOS 11.1.2 to see if the issue persists. 
You can find instructions on backing up and updating here: https://t.co/80YRnjDFDk",troubleshooting,actionable
105339,105339,105337,Is there a way to prevent my Apple Car Play from automatically playing music from my iPhone? I've looked thru all the settings on my phone and in my car and have not found anything.,@139262 Thanks for reaching out. We'd like to know more to assist. Which iPhone model and iOS are you currently using?,information_request,other
105339,105338,105340,I am using an iPhone 8 Plus and iOS 11.1.2,"@139262 Got it, thanks. While automatic playback is expected is your vehicles firmware up to date? There might be additional settings there you can adjust. Let us know in a DM and we'll continue. https://t.co/GDrqU22YpT",troubleshooting,guided_escalation
105342,105342,105341,"pairing an apple watch is the most frustrating thing in the world, i feel like breaking the damn phone and watch. Taken 3 hours already and the stupid piece of crap still not working hatethisdamnshit","@139263 You’ve come to the right place. We’re happy to help get you iPhone and Apple Watch paired. Send us a DM telling us which Apple Watch model you have, the iPhone we’re working with, and the iOS version number on the iPhone. https://t.co/GDrqU22YpT",dm_escalation,guided_escalation
105344,105344,105343,why tf do i pay $800 for a fucking phone that always has problems. @115858,"@139264 You've reached the right place for support. We want you to enjoy your iPhone and we'd like to help. To start, DM us with the model of iPhone you're using and details about what's happening. https://t.co/GDrqU22YpT",dm_escalation,guided_escalation
105347,105346,105345,my phone’s updated tho 🤔 what kinda bug is this @115858 fix it https://t.co/g3DalWEd91,@139265 We're here to help find the best solution. Can you send us a DM with detials on what you're referring to? https://t.co/GDrqU22YpT,information_request,guided_escalation
105349,105349,105348,Was split-keyboard taken away in iOS 11...? I’m not able to split it on 2017 jumbo iPad Pro...,"@139266 Hey there, great question! Please check out this link, with information on how to split and move the keyboard on your iPad Pro: https://t.co/19rtmutOA8

If you're still having issues, meet us in DM, here: https://t.co/GDrqU22YpT",troubleshooting,guided_escalation
105353,105353,105352,porque me pasa esto a mi??,@139267 We offer support via Twitter in English. Get help in Spanish here: https://t.co/IBIY3vMgPj or join https://t.co/OczyRx7IOs,link_resource,actionable
105353,105351,105350,Thanks,@139267 No problem.,other,other
105356,105356,105354,"Hi Apple, anything I can do to increase battery life after your software upgrades to my iPhone 6s. I’m truly concerned that I have to charge it fully twice a day just to make it on a daily basis. Thank you!","@139268 We know how vital the battery is. Please check out this article: https://t.co/TpjqFp3jxD  

DM us the result. https://t.co/GDrqU22YpT",troubleshooting,guided_escalation
105356,105355,105357,Any comment on if restarting to factory settings then downloading all software then loading back up will do anything?,@139268 Let's meet in Direct Message to continue. https://t.co/GDrqU22YpT,dm_escalation,generic_escalation
105361,105361,105360,"iPhone don’t even need to fix that letter i glitch anymore, I️ see a question box and I️ already know what It is smh... y’all takin forever @115858","@139269 We're here for you. Let's get you updated to iOS 11.1.2 to see if the issue persists. 
You can find instructions for updating here: https://t.co/80YRnjDFDk",troubleshooting,actionable
105364,105364,105362,Missing my voicemail on iOS11. It just says “call voicemail” what the hell....,@139270 This usually indicates that it needs to be set up. This would be best handled by your carrier.,other,other
105367,105367,105365,AppleSupport Since Sierra update (10.12.6) mouse & keyboard constantly losing/regaining bluetooth esp in FCPX. Bought wired set up & even then Mac freezes on occasions. Out of pocket by €300 with this upgrade and doesn't function properly - Any suggestions,"@139271 Thanks for reaching out. We know how important it is to have your Mac working as expected. We'd like some details to assist. Are these issues currently occurring on 10.12.6 or have you updated to High Sierra? Also, let us know the Mac model you're using.",troubleshooting,actionable
105367,105366,105368,Thanks for reply. These issues occurring on 10.12.6 since upgrading from El Capitan. (I didn't experience these problems in El Cap) Nervous about updating to High Sierra (I had to replace an unsupported audio interface on last upgrade) I have a mid 2011 iMac 21.5 inch,"@139271 Our pleasure. Since the issues began are there any steps you've attempted or have you ran a hardware test? If not, we recommend doing so now. Keep us posted on the results. https://t.co/yIWR4sw2u7",troubleshooting,actionable
105367,105369,105371,Ok thanks - yes I have that - I hadn’t opened it but I’ll follow along and get back to you.,"@139271 Excellent, thank you for confirming. Let us know the results or if you run into any issues, DM us using the link below and we'll continue. https://t.co/GDrqU22YpT",dm_escalation,guided_escalation
105367,105370,105372,I’ve tried trashing Bluetooth prefs - but this didn’t help. Could you please explain how to run the hardware test?,"@139271 Absolutely, there are a few steps involved. Are you able to open the article we previously sent? If so, the steps are there. If you have any issue viewing the article send us a DM with the link below and we'll provide them for you. https://t.co/GDrqU22YpT",information_request,guided_escalation
105374,105374,105373,"my watch is running really slow, it’s up to date, I’ve restarted it, turned it on and off, not sure what else I can do?",@139272 Thanks for reaching out to us. We are always happy to help. Send us a DM so we can look into this issue with you there. https://t.co/GDrqU22YpT,dm_escalation,guided_escalation
105376,105376,105375,dear my phone screen stays on all the time despite my 30 sec. auto-lock settings - version 11.1.2,"@139273 You’re in the right place for help. Since noticing this, have you had a chance to restart your iPhone? This simple step can resolve some minor issues with the device.",troubleshooting,actionable
105382,105382,105381,"3 updates now and still have not fixed the problem of swiping up and being able to turn off or on WiFi and Bluetooth, why. Samsung is becoming more attractive everyday.","@139274 In iOS 11 and later, when you toggle the Wi-Fi or Bluetooth buttons in Control Center, your device will immediately disconnect from Wi-Fi and Bluetooth accessories. Both Wi-Fi and Bluetooth will continue to be available. More info here: https://t.co/G7BHuQnDS6",link_resource,actionable
105382,105380,105379,When you turn it off from the settings it says “off” and does not connect randomly. If you turn it off from the control centre it says “not connected” in the settings and connects sometimes randomly.,"@139274 This is expected behavior with the iOS 11 updates. The Control Center function is a quick disconnect feature that will only disconnect your current connection. To disable, you'll want to go into your settings. For more information, please visit: https://t.co/G7BHuQnDS6",troubleshooting,actionable
105382,105378,105377,"So like I said from the start you can’t turn it off fully from the control centre. “If you want to completely disable Wi-Fi and Bluetooth for all networks and devices, follow these steps: To turn off Wi-Fi, go to Settings > Wi-Fi and turn off Wi-Fi.”",@139274 That's correct. We just wanted to make sure that we let you know. Go ahead and DM us which iPhone and iOS version you're using and we'll continue there. You can find the version by going to Settings &gt; General &gt; About &gt; Version. https://t.co/GDrqU22YpT,troubleshooting,guided_escalation
105384,105384,105383,My phone been freezing like no tomorrow since that last update fix my damn phone @115858,@139275 We certainly do not like to hear that. Can you confirm your iOS version in DM for us? https://t.co/GDrqU22YpT,information_request,guided_escalation
105386,105386,105385,Brand New iPhoneX with GreenLine Achievement Unlocked ... Time to leave this Planet,"@139276 We are sad to see those Photos, but we want to help with your new iPhone X. Please send us a DM, and we can continue. https://t.co/GDrqU22YpT",dm_escalation,generic_escalation
105396,105396,105394,"El caos post bug root de @115858 

- MBP sin parchear.
- El bug NO funciona (se supone por por actualización oculta).
- El parche aparece en actualizaciones.

¿Que hago? ¿Instalo o no instalo? https://t.co/NCVbKLo6nd",@139277 We offer support via Twitter in English. Get help in Spanish here: https://t.co/IBIY3vMgPj or join https://t.co/OczyRx7IOs,link_resource,actionable
105398,105398,105397,How do I clear analytic data from my iPhone? (yes its turned off) but it's being stored anyways. Bad enough your os is 4gb.,"@139279 We can offer some guidance on this. Use the link below to DM us, and we’ll take it from there. https://t.co/GDrqU22YpT",dm_escalation,generic_escalation
105400,105400,105399,Why is my iPhone X’s screen still freezing? I thought the last update was supposed to fix it??,@139280 We'd love to help look into this and get you back in action. Can you send us a DM with some additional details? https://t.co/GDrqU22YpT,information_request,guided_escalation
105402,105402,105401,Yo - my wifes iPhone 6s drops from 80% battery to 20% in seconds. 5 minutes later it'll be at 5%. You plug it back in and it'll immediately jump back up to 75%. What's up with that?,@139281 We'd like to help with this battery issue. Let us know which version of iOS is installed on this phone via DM to get started. We'll go from there. https://t.co/GDrqU22YpT,troubleshooting,guided_escalation
105405,105405,105404,"Why is every picture I take with my iphoneX with flash on, I get red eyes??? I never had this issue with my previous iphone help",@139282 We'd love to team up with you and get this sorted. Let's go to Settings&gt; General &gt; About and provide us with your software version in DM. Click here: https://t.co/GDrqU22YpT,troubleshooting,guided_escalation
105409,105409,105407,"Hey , wanna explain to me why my phone won’t stop turning it’s damn WiFi on? I DONT WANT TO USE IT SO STOP TURNING IT ON","@139283 We can help! Are you using iOS 11? If so, check the following article for some guidance on how Wi-Fi works in Control Center: https://t.co/G7BHuQnDS6. To turn off Wi-Fi rather than disable it, you'll want to do so via Settings &gt; Wi-Fi. Let us know if that helps!",troubleshooting,actionable
105409,105408,105410,I did that. It just keeps turning itself back on whenever it chooses.,@139283 So you turn Wi-Fi off in Settings but it turns itself back on arbitrarily? That's certainly not expected behavior. Would you mind please joining us in DM? We'd like to start troubleshooting. https://t.co/GDrqU22YpT,troubleshooting,guided_escalation
105409,105411,105412,I work until 5 or so. I will dm you when I’m off.,@139283 Sounds good!,other,other
105414,105414,105413,my 7 plus is failing when I send pics to droids or iMessage. iMessage is on. It was fine yesterday. I’ve restarted the phone.,@139284 We know how important it is to be able to send messages from your iPhone 7 Plus and we're happy to help. Here are some steps we'd recommend trying: https://t.co/reLBAO6fGY Let us know if this helps or if you get any type of error message.,troubleshooting,actionable
105417,105416,105415,@AppleSupport,@139285 We'd like to help! Tell us more please about what you're experiencing. Are you getting any error messages?,information_request,other
105419,105419,105418,Hi there! How to restore my restriction password on my iPhone? It will be a great help!,@139286 We'd be happy to help you with your restrictions password. You can read how to set that up or change it here: https://t.co/eiyAtwvrU1,link_resource,actionable
105421,105421,105420,"Hi, tried to install High Sierra on my 2011 MacBook Air, now I'm stuck here. Please help.",@139287 We'd be happy to assist with your Mac today. Send us a DM to get started. https://t.co/GDrqU22YpT,dm_escalation,guided_escalation
105423,105423,105422,"Hi, how can I check my iPhone's battery health? Any way without going to an Apple Store?",@139288 We can definitely understand your concern. We would want to make sure our battery health is good too.  Let's partner together in DM and go from there. https://t.co/GDrqU22YpT,dm_escalation,generic_escalation
105429,105429,105428,Why does my Siri sound fucked up!!! Anyone else having this problem??,@139289 We'd be happy to look into this with you. Send us a DM and we'll continue working from there. https://t.co/GDrqU22YpT,dm_escalation,guided_escalation
105432,105432,105431,i left my house 10 mins ago and my battery went down 40% :( wtf @115858,"@139290 Let's make sure your settings are tweaked to ensure the most of your battery life between charges. We want your iPhone to be available when you need it. Check out these tips to optimize your battery life: https://t.co/TpjqFp3jxD

DM us and we'll cotinue from there. https://t.co/GDrqU22YpT",troubleshooting,guided_escalation
105435,105435,105433,"Safari on MacOS needs some serious work. I have some websites that won't function et'all on Safari. Most recent, a payment to my IPTV service may have been lost because Safari wouldn't load.","@139291 We'd love to help you with Safari. Can you tell us more details of what's happening with the websites? Are some websites not loading at all? Also, what's the version of macOS installed?",troubleshooting,actionable
105435,105434,105436,It’s usually a site trying to process a payment. I’m on High Sierra.,@139291 Have you tried to clear your Safari history yet? Our website here explains how: https://t.co/SQ4Lne7fmo,information_request,actionable
105438,105438,105437,how do i make a service complaint?? Disappointed in my service for my repair,@139292 We can assist you. Please DM us via the following link for any details you can provide and we'll help you from there. https://t.co/GDrqU22YpT,dm_escalation,guided_escalation
105441,105441,105439,"so. i hate updates. ive rebooted iphone 6 37 times now & still the screen freezes. i cant answer calls, send or read texts, et al.this is the worst it’s ever been. i cant deal. ready to ditch Apple aftr 20 yrs","@139293 That's certainly not how we want the iPhone to respond to the new iOS update. Let's work together. To start, how recently did you update your iPhone to iOS 11.1.2? You can send your answer in a DM. https://t.co/GDrqU22YpT",troubleshooting,guided_escalation
105441,105440,105442,4 days ago.,"@139293 Did these issues start immediately? When the iPhone is unresponsive, are you able to press the Home button and exit the app? Please DM us. https://t.co/GDrqU22YpT",information_request,guided_escalation
10667,10667,10666,"Ok, @ATT and @115858 figure your collective shit out. The error when attempting to type “I am” &amp; getting weird ASCII characters is stoopid.",@117958 Let's look into this keyboard issue for you. Send us a DM with your current iOS version to get started. https://t.co/GDrqU22YpT,dm_escalation,guided_escalation
10671,10671,10668,"So, since updating the latest iOS, Pages no longer lets me open any docs, all show, just don’t open. Suggestions? Anyone?","@117959 Can you confirm what version of iOS you updated to? Also, have you tried restarting your device?",troubleshooting,actionable
10671,10669,10672,"/2...2 docs did open, duplicated themselves, now none open after I closed them.",@117959 Please send us a DM and we will go from there. https://t.co/GDrqU22YpT,dm_escalation,generic_escalation
10674,10674,10673,"after I upgraded my iPhone to iOS 11.0.3, the back camera and the flash stopped working. Could you do something?","@117960 Hi, we'll be happy to help. To start, let's give the troubleshooting steps in this article a try: https://t.co/r1DRfaFLIU",troubleshooting,actionable
10677,10677,10675,"just updated Apple Watch to 4.1. Is ESPN radio etc only available in USA, can’t get it on my watch in the UK",@117961 We want to help you. That station may not be available. Availability of live stations varies depending on your location.,other,other
10679,10679,10678,Depois da ultima atualizado do IOS a bateria do IPhone 6 tá durando quase nada,"@117962 Since our Twitter support is available in English, get help at https://t.co/IBIY3vMgPj or join https://t.co/pvaOFfPbjt",link_resource,actionable
10681,10681,10680,@115858 why is it impossible to Type “I” without a stupid box with a question mark. #notimpressed #fixit,@117963 We are here for you. Let's take a look at this further for you. Reach out to us in DM. https://t.co/GDrqU22YpT,dm_escalation,generic_escalation
10683,10683,10682,Baje la App de la cual es gratuita y me llego un cargo de $18.11 Pesos ¿cuál es el motivo?,@117964 We offer support via Twitter in English. Get help in Spanish here: https://t.co/IBIY3vMgPj or join https://t.co/OczyRx7IOs,link_resource,actionable
10687,10687,10686,@115858 why everytime I️ type an “I️” this extra A and box pops up ??,"@117965 Let's work on a solution together. To start, which device model and exact iOS version are you using?",information_request,other
10687,10685,10684,I figured it out thanks,@117965 Awesome! It's our pleasure. Feel free to reach out anytime a question comes up.,other,other
10689,10689,10688,updated to iOS 11.1 and there's so many glitches and bugs I found inside the update,@117966 We'd be happy to help. Send us a DM and we can start there. https://t.co/GDrqU22YpT,dm_escalation,guided_escalation
10691,10691,10690,Downloaded new software update and my iPhone 6S in perfect condition magically became inoperably glitchy. What a coincidence,@117967 We want you to have a smooth experience with our updates. What exactly is happening with your iPhone?,troubleshooting,actionable
10694,10694,10692,why do I not have my October challenge ring after competition?,"@117968 If you complete an achievement, but don't earn the award, you will earn the award within 9 days of completing the challenge.",other,other
10694,10693,10695,Well it is now 11 days after and still no sign of it,@117968 Thanks for letting us know. Please send us a DM with the current country you're in. https://t.co/GDrqU22YpT,troubleshooting,guided_escalation
107339,107339,107338,My phone just died on 42%. No joke.,@139839 We want to help with your battery concerns. Reach out via DM using the link below and let us know what version of iOS you have installed. You can check by tapping Settings &gt; General &gt; About. https://t.co/GDrqU22YpT,troubleshooting,guided_escalation
107342,107342,107341,where do we forward fake Apple emails?,@139840 We certainly appreciate you reaching out to us on this. This article should assist: https://t.co/LNMCdqt6fD,link_resource,actionable
107346,107346,107345,"umm, why won’t my personal hotspot connect to my laptop? I’ve tried restarting my network settings on my iphone and restarting my laptop but it still doesn’t work. On my laptop, it says “the connection is limited”",@139841 We are here to help. Let's take a look at this. What is your cell coverage like? What is your current iOS version?,information_request,other
107346,107344,107343,"I’m using Tri 4G LTE (Indonesia), my ios is the latest one, 11.1.2. My friend is using the same provider and it works for her",@139841 Let's have a look at this together. Can you please DM us? https://t.co/GDrqU22YpT,information_request,guided_escalation
107348,107348,107347,"Went to apple store with call receiving issue with my iPhone. Their reply ""1 to 2 call dropping per week is very standard. we can't do anything."" That's the level of support you get from apple now a days.",@139259 That's certainly not the type of experience that we want you to go through. Please send us a DM of your current location and we'll look into this with you. https://t.co/GDrqU22YpT,dm_escalation,generic_escalation
107352,107352,107349,"I swear to god I’m going to throw my iPhone out of frustration. STOP TURNING WIFI BACK ON I turn it off, it comes back on. Every 5 minutes. It’s fucking annoying not having a phone that works right anymore","@139842 Are you using Control Center or Settings on your iPhone to turn Wi-Fi off? If you're using Control Center, that works a bit differently in iOS 11: https://t.co/G7BHuQnDS6 Let us know in DM if you have any other questions. https://t.co/GDrqU22YpT",troubleshooting,guided_escalation
107352,107350,107353,"I’m wondering why stuff is not sending and I look and it’s because WiFi is on. So not only is data not working, the phone is acting on its own by turning WiFi back on after I turn it off. If I turn it off, it should stay off. Period.","@139842 If you want to ensure that Wi-Fi is off and stays off, you will want to go to Settings &gt; Wi-Fi and turn it off there. In the article we linked, using Control Center doesn't totally turn off Wi-Fi, and walking to a new location can cause that to turn back on.",troubleshooting,actionable
107352,107354,107355,"Ok guys, I’m going to let you have this one because it’s been 3 updates and you haven’t fixed the issue, but I want it on the record that it’s stupid that “control” center doesn’t allow you to control your phone and you have to be all extra and open settings.",@139842 We care about your opinion and you can leave your feedback about using Wi-Fi from Control Center in the following link. It will be the best place to let us know what changes you would like to see: https://t.co/eTPVYVFyd8,link_resource,actionable
107358,107358,107357,"ok... woke up yesterday and my podcast app had changed AGAIN. My subscriptions disappeared, and when it restored all my new subs were gone. Also the Listen Now is in NO order whatsoever. How can I get my old app back?",@139843 We know how important it is to enjoy your podcasts and we're happy to do everything we can to help. Let's pick back up where we left off. Please DM us to continue. https://t.co/GDrqU22YpT,dm_escalation,guided_escalation
107361,107361,107359,hi apple! How am I supposed to enter my password when my number keyboard refuses to work? happening to me for a while now!,@139844 We'd love to help out. Do you know which Mac OS you're on?,information_request,other
107361,107360,107362,"yes, I'm on 10.11.6. It's only doing this for numbers from 1 to 9, times to times.","@139844 Let's boot into safe mode first and see if those issues persist.  You can do that with these steps: https://t.co/PQ4LSYhUTY 

Let us know if the issue persists in Direct Message. https://t.co/GDrqU22YpT",dm_escalation,guided_escalation
107368,107368,107367,my app suddenly is not working,@139845 We'd like to help. Have you tried using a Wi-Fi network to download the app? Let us know.,information_request,other
107368,107365,107363,"I have done so, but still same issues","@139845 Has the device been restarted since it happened? If not, let's do that using these steps: https://t.co/OWRDHWSt4h",troubleshooting,actionable
107368,107364,107366,Thanks for the help! It’s working,@139845 You're welcome. Feel free to reach out to us if you have any further questions.  Have a wonderful day!,other,other
107371,107371,107369,MY APPLE MUSIC STILL ISNT WORKING! I AM NOT PAYING FOR A BLACK SCREEN,"@139846 Let's get you listening to your music again. What kind of device are you trying to connect to Apple Music with, and how are you connecting?",troubleshooting,actionable
107371,107370,107372,"A 7+, and I’m not connecting because it’s not working. I open it, my screen turns black and it closes out by itself.","@139846 How long have you been seeing this on your iPhone? How are you connecting to the internet, through Wi-Fi or a cellular connection? Does restarting your iPhone change anything?",troubleshooting,actionable
107374,107374,107373,Multitasking on iPad Pro 9.7 is getting right on my tits. Edit in Notepad. Switch to another app (Safari). Switch back and it (for no reason) scrolls elsewhere in Notepad. Lack of memory and/or incomplete state save is poor.,@139847 Hey there. Can you please send us a DM of your current iOS version and we will go from there? https://t.co/GDrqU22YpT,information_request,guided_escalation
107376,107376,107375,please help I can’t retrieve a song I downloaded!,"@139848 Thanks for reaching out. We'd like some information to assist. Are you currently signed into the same Apple ID the album was purchased with? Also, are you able to access the song on another device or computer with iTunes? Let us know, we're happy to help.",information_request,other
107378,107378,107377,"Kinda annoyed that I lost all my data on my @115858⌚️when I upgraded to the iPhone X, even though I [supposedly] restored the watch from the last backup. Oh well, there’ll be plenty of time to make it all up again. P.S. I still can’t believe this @123765 280 character limit. 🤪","@139849 We'd like to address this with you. Please shoot us a DM and let us know if you migrated your data to your iPhone X and if so, how it was done. Restored a backup, used Quick Start or set things up as new. https://t.co/GDrqU22YpT",troubleshooting,guided_escalation
109003,109003,109001,"Hey, / / , Why you lyin’?",@140189 Hey there. We’d like to look into this with you. Let us know in DM if you see the same amount of iCloud storage when signing in https://t.co/MdGttkkFL9 &gt; Settings? https://t.co/GDrqU22YpT,troubleshooting,guided_escalation
109003,109002,109004,?,"@140189 Sorry about that, we meant for you to try those steps on a computer. Once you do that, let us know in DM what you see. https://t.co/GDrqU22YpT",troubleshooting,guided_escalation
109007,109006,109005,And the volume/ ringer picture doesn’t even come up on my screen,@140190 We're happy to help. Let's make sure you can continue to enjoy using your earphones. When did this issue start? Are this the earphones that came with your phone? Let us know to continue.,information_request,other
109011,109011,109008,"I guess I can’t tweet a song from my music app anymore, why was that feature even added if it doesn’t work",@140191 We'd like to know more about the trouble you're having so we can help get your Music sharing working again. What was happening when you try to share a song to Twitter?,troubleshooting,actionable
109011,109009,109012,"I go into the music app, play a song, click on share song, click on twitter, add the account i want to talk to, then click tweet and the song isn’t there, only the text",@140191 What iOS version do you have on your iPhone currently? Let us know that and any other troubleshooting you may have already tried via DM. We can help figure out a resolution together. https://t.co/GDrqU22YpT,information_request,guided_escalation
109014,109014,109013,Apple turkey organization can not solve a problem in 3 months @115858,@140192 We're here for you and happy to help. Send us a DM and let us know what's happening specifically. We'll take it from there. https://t.co/GDrqU22YpT,dm_escalation,guided_escalation
109018,109018,109017,"@115858 How convenient, as soon as your new phone comes out I have to update my iPhone 7 and it is immediately is a piece of junk. What a joke

@122986 how is your new phone???",@140193 We want to help. What issues are you experiencing with your iPhone 7?,information_request,other
109018,109016,109015,It is running incredibly slow after the new update,@140193 OK. Let's continue in DM. https://t.co/GDrqU22YpT,dm_escalation,generic_escalation
109020,109020,109019,is iCloud down? I can't sign in,"@140194 Thanks for reaching out. We don't show an iCloud outage at the moment. We can definitely look into this further.
Do you still experience the same behavior after you restart your iPhone? 
Do you have the same results when you're connected to a cellular network? https://t.co/GDrqU22YpT",troubleshooting,actionable
109022,109022,109021,can you tell me what other is and why it’s taking up ALL OF MY STORAGE,"@140195 Thanks for contacting us, we can help you with your question. Please check out the ""About cached files in ""Other"" iOS storage"" section of this support article: https://t.co/0yFHFRYSnX",troubleshooting,actionable
109026,109026,109025,@115858 it’s first time for me when I saw my iPhone 📱 is getting hang and I was shocked. I have bought it before 30 days only.😔,@140196 We'd love to help out.  What iOS version is your device currently on?,information_request,other
109026,109024,109023,iOS 11.1,"@140196 We recently released an iOS update, 11.1.2. Let’s make sure there are no available updates on your device. Be sure to back up before doing an update. How to back up: https://t.co/tHicJHB57O",troubleshooting,actionable
109030,109030,109029,please fix or look more into the iPhones freezing and then restarting 2-4 times in a row. I have the iPhone 8 Plus and it’s done this 4 times to me in the last 12 hours,@140197 We can help! We know how important it is that our devices work as expected. Which version of iOS are you currently running? You can check in Settings &gt; General &gt; About &gt; Version.,troubleshooting,actionable
109030,109028,109027,11.1.2,@140197 Thanks for that. Would you mind joining us in DM please? We'd like to continue our conversation there. https://t.co/GDrqU22YpT,information_request,guided_escalation
109032,109032,109031,@115858 iPhone battery is BS I️m already at 30% and I️ took my phone off the charger at like 9:30???,"@140198 We're happy to look into your battery life further with you today. Which model iPhone do you have, and which version of iOS are you using? When did you begin to notice battery issues?",information_request,other
109034,109034,109033,"okay basically i deleted vsco so i could delete all the pics and i re downloaded it so it takes up less space, AND NOW IT REFUSES TO GO BACK INTO THE FOLDER @115858 fix it",@140199 Let's take a closer look. Could you Direct Message us so we can look into this with you? https://t.co/GDrqU22YpT,information_request,guided_escalation
109036,109036,109035,"did iOS11 and/or High Sierra break iCloud Contact Sync, my contacts are not syncing between my devices icloudcontactsync","@140200 Thanks for reaching out, we're happy to help! Which version of iOS are you using and when did you notice issues with iCloud contacts syncing? https://t.co/GDrqU22YpT",information_request,actionable
109039,109038,109037,The newest one,@140201 Got it. We've received your DM and you'll receive a response shortly to further assist you.,dm_escalation,generic_escalation
109044,109044,109043,The alert tone I bought won’t work and it makes the default sound please help,"@140202 Hi. We are here to help. Is this a ringtone that was purchased? When you go to your Sound settings do you see the tone assigned to the appropriate app? Check out this link just to confirm that everything is set up the way you want it:

https://t.co/Pm4DavkQln",troubleshooting,actionable
109044,109042,109041,"Yes, yes,","@140202 Thanks for confirming that. Next, send us a DM and we'll take a closer look into this. https://t.co/GDrqU22YpT",dm_escalation,generic_escalation
109046,109046,109045,why have you taken my Apple subscription twice within two days?,@140203 We can help out. We'd want to get you in touch with our iTunes Store support here:   https://t.co/SDIe7UiyJN,link_resource,actionable
109050,109050,109049,"Do I have to buy an iPhone 8 directly from Apple to be eligible for AppleCare+ or can I buy the phone separately and add AC+ afterwards, as long as it's within 60 days of my purchase?","@140204 That's a great question! No, you don't have to buy your iPhone directly from us. Please take a look at the following article for some guidance on purchasing an AppleCare plan for your device: https://t.co/brpZQUaYqu",link_resource,actionable
109050,109048,109047,Thank you very much!,@140204 You're welcome and please feel free to reach back out if we can be of any further assistance!,other,other
109054,109054,109053,Why is the Messenger app so glitchy on the @115858 Watch?! That is my main “text” app. 🤔😫,@140205 Thanks for bringing this to our attention. Have you tried restarting your Apple Watch to see if the issue persists?,troubleshooting,actionable
109054,109052,109051,I’ve found some tips online about changing settings on the Messenger app that seem to help.,"@140205 We're glad to hear it. If you need further assistance, let us know.",other,other
109056,109056,109055,Same bug in my iPhone7 as in my iPhone5s: Volume increases without touching the buttons or the display? iOS11,@140206 We want you to have an enjoyable experience with your new phone. Let's hop in DM and continue there. Click here: https://t.co/GDrqU22YpT,dm_escalation,generic_escalation
109058,109058,109057,Are refurbished iPads used less than a month? 30 day return policy from most stores!!,"@140207 Hello and thanks for reaching out to us. We test and certify all Apple refurbished products and include a 1-year warranty. All refurbished iPad models also include a brand new battery, new outer shell and a new white box. DM us with any other questions. https://t.co/GDrqU22YpT",troubleshooting,guided_escalation
109066,109066,109065,Cuando agrego música en mi biblioteca/playlist de Apple Music estas no se guardan. Qué pasa ahí? Es muy molesto.,@140208 We offer support via Twitter in English. Get help in Spanish here: https://t.co/IBIY3vMgPj or join https://t.co/OczyRx7IOs,link_resource,actionable
109066,109064,109063,I can’t add music to my playlists/library using Apple Music. It doesn’t save any music and it’s very annoying. I have latest iOS.,@140208 Did this issue begin today? Do you receive any type of error message when trying to add songs?,troubleshooting,actionable
109066,109061,109059,I noticed it on September 24th. I don’t receive any message.,"@140208 Can you tell us what you see if clicking the + symbol next to a song in Apple Music? Do you use Apple Music on any other devices, and if so, do you have this issue on them? Is iCloud Music Library enabled at Settings &gt; Music?",troubleshooting,actionable
109066,109060,109062,It says “added to library” also “added to playlist” but it doesn’t add any song. Of course they are not in “added recently”. Help.,"@140208 If you open Apple Music, go to the Library page and choose ""Songs"" at the top, are the songs you're adding appearing there? Do you use Apple Music on any other device? Meet us in DM to continue. https://t.co/GDrqU22YpT",information_request,guided_escalation
109068,109068,109067,"I have a problem with my iPhone. I typed the code too many times and now my device is disabled. If I set it to recovery mode and want to restore it, the iPhone won't be reset. I also can not use iTunes because I can not access the homescreen, what can i do?",@140209 Hi there! We've received your DMs and you can expect a response from us there shortly with a resolution.,dm_escalation,generic_escalation
109070,109070,109069,"my iPhone goes all pixelated when I swipe from the left in Contacts, is this a software or hardware problem? See photo",@140210 We'd like to help look into this a bit further. DM us what iOS version you're on. https://t.co/GDrqU22YpT,dm_escalation,guided_escalation
109075,109075,109074,"hi, since upgrading iOS I can no longer take screenshots. Has this feature been removed?","@140211 Hello. The feature is still available. Which device and software version are you using? Also, what happens while trying to take a screenshot?",troubleshooting,actionable
109075,109073,109072,Turned it off and in again and now they’re working. Thank you for the swift response. :),@140211 We're glad to hear that it's working. We hope you enjoy the rest of your day.,other,other
109082,109082,109080,"any reason why my back camera won’t focus all of a sudden? Wondering if it’s just me, update didn’t help","@140212 Thanks for reaching out. Let’s work together so you can take pictures again. To start, does a restart help? Also, which device are you using?",troubleshooting,actionable
109082,109078,109076,@AppleSupport  https://t.co/3lNR4s3CWC,@140212 Thanks so much for the update. Does this issue occur when using the built-in Apple Camera app?,troubleshooting,actionable
109082,109077,109079,Yeah I actually just fixed it by tapping the top of the phone above the camera. Works fine again! Thanks!,@140212 Excellent! You're welcome. Have a great day!,other,other
109091,109091,109090,"In NYC.Have free data roaming. iPhone keeps losing 3G signal. If I turn airplane mode on and off again, I get 3G for about a minute, then lose it again. Anyone any ideas for a fix?",@140213 We want to help. Please let us know which iPhone model and iOS version you are currently using.,other,other
109091,109089,109087,"iPhone 7, 11.1.2","@140213 When you do lose the 3G signal, what shows in its place?

Have you tried any other steps since this started to happen?",information_request,other
109091,109085,109083,"Haven’t tried anything else yet except updated to latest software, and the usual turn off and on again","@140213 Are you still able to use cellular data when the '3G' signal goes away?

Let's check for a carrier settings update with these steps: https://t.co/bfoi2mhtX3",troubleshooting,actionable
109091,109084,109086,I can’t use any data if if goes away. No updates needed for carrier - I looked first to see but no. I think it must be a phone problem because like I said my wife has same contract as me but not having same problems,@140213 Got it. Thanks for clarifying that for use. We'd like to take a closer look at what's happening. Send us a DM &amp; we'll go from there. https://t.co/GDrqU22YpT,dm_escalation,guided_escalation
109093,109093,109092,Totally disappointed in Talking to a lady on the phone who is full of attitude and isn’t helping my Mum at all!,@140214 That's not the experience we hope for you to have. Meet us in DM and let's see if there is something we can do to help here. https://t.co/GDrqU22YpT,dm_escalation,generic_escalation
109097,109097,109096,"Hi, any thoughts on why my iPhone is suddenly making a crackling sound when I refresh Twitter, as an example. Sounds vaguely like an electrical interference? Thanks.","@140215 Hello. We are here to help. How long has this issue with the crackling sound been occurring? Have their been any recent changes to your device? What is your iOS version? Also, what model of iPhone do you have? Thanks",information_request,other
109097,109095,109094,"Hi, I have an iPhone5S & it started this morning & no changes to the device. I am not sure what iOS version I have. At home I only have one bar showing and no 4G at present. When out had 3G & still 1 bar?","@140215 Thanks for that info. You can find the iOS version by going to Settings &gt; General &gt; About. Send us a DM, with that so that we can take a closer look into this. https://t.co/GDrqU22YpT",troubleshooting,guided_escalation
109099,109099,109098,"Hey and Is it possible to set multiple timers on iPhone or with Siri? I have timers for potatoes I need timers for turkey, Ham, potatoes, you name it. Only one timer is nothing but a novelty",@140216 Thanks for reaching out. We want you to have as many timers as you need to prepare your meal. We'd recommend checking out the App Store for all the different timers that're available. We also welcome your feedback and recommendations here: https://t.co/eTPVYVFyd8,troubleshooting,actionable
109767,109767,109766,After the iphone update I feel owes me a new phone! My screen keeps freezing and the apps run so damn slow! Such a terrible update,@140376 Let's help get your iPhone working as expected. What's the version of iOS installed? Which apps are in use the most when you experience this issue? Does this persist after rebooting?,troubleshooting,actionable
109767,109764,109762,"Google Maps, Snapchat and Instagram gets hanged quite often. I am using the latest iOS update and have already done the diagnostic earlier on my phone, and yes this problem is happening frequently.",@140376 Understood! Let's try deleting and reinstalling those applications to see if the issues persist. Here's how: https://t.co/bNH7gNvF9e,troubleshooting,actionable
109767,109763,109765,"Done that and restarted my phone too but it still doesn’t help, my screen keeps freezing especially spanchat & google map. My keboard is become glitchy, my shortcuts have disappeared, what monster have you created",@140376 Let's look into this further. Please meet with us in DM to continue. https://t.co/GDrqU22YpT,dm_escalation,generic_escalation
110857,110857,110855,Is it still possible to install IOS 10.3.3 on iPhone 6s?,@140656 You should be able to update your iPhone to the latest version of iOS 11 actually. Find out more online here: https://t.co/80YRnjDFDk DM us if you have any questions. https://t.co/GDrqU22YpT,troubleshooting,guided_escalation
110857,110856,110858,Is IOS 10.3.3 still being signed?,@140656 Most devices that can run iOS 10 will work with iOS 11. DM us if you have any other questions on how to update. https://t.co/GDrqU22YpT,troubleshooting,guided_escalation
110869,110869,110868,So I ran a 5k today but my watch didn’t record it as a 5k :( applewatch apple,"@140657 Great job on the 5k! It can take up to 9 days for that achievement award to appear. If you don't see that after 9 days, let us know. You can also read more about achievement awards here: https://t.co/xwf6lrIgzJ",link_resource,actionable
110869,110867,110866,Well it recorded at 3.07 but I ran a 5k :(,@140657 Thank you for the screenshot and additional details. 5 kilometers is approximately 3.1 miles. Have you noticed issues with the Watch being slightly inaccurate with distances run in the past? Within a tenth of a mile or so?,information_request,other
110869,110862,110860,Yea I believe so it’s a bit off,@140657 Could you tell us which Apple Watch you're using and the version of watchOS that is installed?,troubleshooting,actionable
110869,110861,110863,Series 3 38mm non LATE latest watchos,@140657 Thanks. Let's go ahead and update the watchOS next as outlined here: https://t.co/s6t9pl6tpv Let us know when you've completed that via DM. https://t.co/GDrqU22YpT,troubleshooting,guided_escalation
110869,110864,110865,I’m on the latest version,@140657 We'd like to look into this further. Please DM us to continue working on this. https://t.co/GDrqU22YpT,dm_escalation,generic_escalation
110872,110872,110870,Is it normal to update your Mac OS software and lose every single password? A little help here ...,@140658 We'd love to assist. Was a new password created as part of the update? Or a new user account?,troubleshooting,actionable
110872,110871,110873,None of the above. I just tried to check my emails and a message popped up saying that the Mac couldn’t login to the email address and the account.,@140658 Are you using Safari to check you mail or the Mail application? Let us know in DM. https://t.co/GDrqU22YpT,troubleshooting,guided_escalation
110876,110876,110874,Hey what’s wrong with this??,@140659 Let's check it out together. Which iOS version is currently installed on this iPhone? We'll do everything we can to get the iPhone working as expected.,troubleshooting,actionable
110876,110875,110877,It’s iOS 11.1.1,@140659 Okay. Let's use these steps to update the iOS version. The most recent is iOS 11.1.2: https://t.co/soeXTHWFdK,troubleshooting,actionable
110879,110879,110878,I just can’t anymore. my Apple Music is crashing. £15 down the drain becoz I can’t use it. Help!,"@140660 We're huge Apple Music fans ourselves, and want to ensure you're able to use your subscription. What exactly happens when you try to access Apple Music?",troubleshooting,actionable
110881,110881,110880,So excited to pick up my iPhone X this week and now the annoying green line appears. Any suggestion,"@140661 We want you to enjoy your new iPhone X and we're happy to do everything we can to help. To start, please DM us with the country where you're located. https://t.co/GDrqU22YpT",troubleshooting,guided_escalation
110884,110883,110882,@AppleSupport,@140662 Hey there! We've received your DM and we'll be following up there shortly.,dm_escalation,generic_escalation
110886,110886,110885,i updated my phone &amp; @115858 deleted all my music 🤬 y’all owe me a whole new fucking phone https://t.co/LUu0gVKwFJ,@140663 We know how important it is to have your music and we'd like to help. Please DM us with the model of iPhone you're using and country where you're located to get started. https://t.co/GDrqU22YpT,troubleshooting,guided_escalation
110889,110889,110887,please help me???,@140664 We want to help you delete the unwanted user. You'll find the steps to do so here: https://t.co/Ni2eLcZ5no,link_resource,actionable
110889,110888,110890,"doesnt work the profile isnt on my users and groups, it shouldnt exist its obviously a software glitch or something?",@140664 Got it. Send us a DM with a screenshot of what you see when you got to System Preferences &gt; Users &amp; Groups. This shows how to take a screenshot: https://t.co/c8TR4j54Ev https://t.co/GDrqU22YpT,dm_escalation,guided_escalation
110893,110892,110891,"@140666 @115858 @115888 For keyboard controls if something else claimed them first - eg a YouTube tab - it won’t work. If you launch Spotify first they should work. For spotlight, there’s a history of problems. Do you use multiple accounts? It used to do that for me but then I switched to just one.",@140665  We're here to help. DM us so we can look into this further with you. https://t.co/GDrqU22YpT,dm_escalation,generic_escalation
110897,110897,110895,hello my iPhone 7 plus won't let me update to the new iOS it says to retry but I do but it still won't?,"@140667 We can help get your iPhone up to date. Let's start with the steps here: https://t.co/Ui1yTnOCUz, and if those don't help, let us know in DM and we'll from there. https://t.co/GDrqU22YpT",dm_escalation,guided_escalation
110899,110899,110898,"It's 2017, and these types of bugs still exist. @115858
https://t.co/n2R685euPs via","@140668 If you're having issues with your Mac, we're happy to meet in DM and discuss the issue further to assist. Here's a link: https://t.co/GDrqU22YpT",dm_escalation,guided_escalation
110901,110901,110900,how to transfer my Apple Watch on my new iPhone ? and for AirPods too pls,@140669 Hello. We can help. Please meet us in DM. https://t.co/GDrqU22YpT,dm_escalation,generic_escalation
110903,110903,110902,"how do I contact Apple UK from the USA? You only have an 0800 number which I can’t call from here in the US, and also your “live chat” service detects I am outside the UK and then won’t allow me to ask a question. Very frustrating.","@140670 Perhaps we can help answer your question! Send us a DM, and let us know. We can go from there. https://t.co/GDrqU22YpT",dm_escalation,guided_escalation
110905,110905,110904,Why aren’t my messages going thruuuu,@140671 We'd love to help. Messages are important to keep in touch. Let's start with the steps found here: https://t.co/jhvYu3nzpA Reach us back if you need more assistance.,link_resource,actionable
110912,110912,110911,Dear : I love GarageBand iOS. Use it every day. But since the update it crashes every time I hit undo. That’s hours of work sometimes. Please fix!,@140672 Hey there. We want you to be able to use the GarageBand app without issues. We're happy to help. Could you tell us which version of iOS you're running? Find that under Settings &gt; General &gt; About.,troubleshooting,actionable
110912,110910,110908,"Hey, thanks for the reply! 11.1.1",@140672 OK. We recently released iOS 11.1.2. Go ahead and back up and update your device with these steps: https://t.co/80YRnjDFDk Let us know if this helps.,troubleshooting,actionable
110912,110907,110906,"So far so good. Thanks again! Now, can you get the iPad to stop acting crazy while it’s plugged in? Happy thanksgiving!",@140672 We're happy to help with your iPad. What's going on while it's plugged in? You can send us a DM. https://t.co/GDrqU2kzhr,information_request,guided_escalation
110914,110914,110913,hi my macbook air is making a loud fan noise and i have checked activity monitor for anything with a large CPU and there is nothing,@140673 Thanks for taking that step and we'll continue to assist in any way we can. What is the top item listed in Activity Monitor and what percentage of CPU is it showing? Let us know in DM: https://t.co/GDrqU22YpT,information_request,guided_escalation
110918,110918,110917,Does anyone know how to unpair an Watch without the original phone? ?,"@140674 Thanks for reaching out. If you don't have access to the iPhone, you can't unpair but you can still erase all content and settings on your Apple Watch. This article provides the steps for how to do so under the ""Erase your Apple Watch"" section: https://t.co/09tmX2l5D3",troubleshooting,actionable
110918,110916,110915,Got it. All good. Happy Thanksgiving.,@140674 Thanks. We hope you have a great one as well. Let us know if you have any additional questions. We're happy to do everything we can to help.,other,other
110921,110921,110920,anyway to check the overall battery health of my iPhone?,@140675 We'd be happy to look into your overall battery health.  Please reach out to us via DM and we'll get started. https://t.co/GDrqU22YpT,dm_escalation,guided_escalation
110924,110924,110922,My phone is brand spanking new and it’s fucking up @115858 get it together wtf,@140676 That's never the experience we want you to have. We'll be happy to see how we can help. What's going on with your new iPhone?,information_request,other
110924,110923,110925,It keeps freezing while I’m typing and my when I plug my charger in it charges but it goes on and off and I have to switch sides so that it doesn’t do that.,"@140676 Thanks for that info. Just to be clear, does that just slow down, or become completely unresponsive?",information_request,other
110924,110926,110927,"Sometimes it just slows down and then goes all fast , then some days it just shuts off on me.",@140676 OK. Let us know in DM if this only happens when you are using the keyboard to type or it this also happens in other instances. Please also let us know the exact iOS version seen in Settings &gt; General &gt; About. https://t.co/GDrqU22YpT,troubleshooting,guided_escalation
110933,110933,110932,"I have a problem when playing some songs that I have downloaded on my iPhone, I can not do it because it sends me to choose an Apole Music plan. Help",@140677 Thank you for showing us that video. Let's see if we can get to the bottom of this. How do you get your music to your iPhone? Is it purchased through the iTunes Store or synced with a computer? How were the songs that won't play placed on your iPhone?,information_request,other
110933,110930,110928,"All absolutely all the songs were passed from my computer from iTunes. Few are the songs that do not reproduce on the iphone and send me to Apple Music, but the computer if they reproduce perfectly.","@140677 Got it. Have you ever had an Apple Music subscription in the past? if you go to Settings &gt; Music and turn the ""Show Apple Music"" switch off, what impact does this have on your Music library? Are these songs still in iTunes on your computer?",troubleshooting,actionable
110933,110929,110931,"If you were previously subscribed to Apple Music, but not anymore. Deactivate Apple Music even in iTunes on your computer and there is no music from Apple Music from that moment. Now all the music that I have is purchased from iTunes","@140677 If you previously had Apple Music, the songs you have issue with may have been matched against the Apple Music Library and are removed from your device and treated as Apple Music tracks. It may be necessary to sync your music again from iTunes. Meet us in DM to proceed. https://t.co/GDrqU22YpT",troubleshooting,guided_escalation
110935,110935,110934,MacBook Air.2 years old. But never used. Tried to use it first time two weeks ago. Cursor uncontrollable. Service at Mangalore (Maple) says Track PAD defective. RS.10000 for replacement. Quite unfair as it is manufacturing defect.Replace free of cost,@140678 We'd like to look into this. Please DM us. https://t.co/GDrqU22YpT,dm_escalation,generic_escalation
110939,110939,110938,Hi I updated software on Monday to 11.1.2 and since then my battery has been draining very quickly can you help?,"@140679 We understand the importance of battery life and we're here to help. 

After an update, there are often apps that also need to be updated to the latest version. In the App Store, do you have any updates to install? If so, go ahead and do so.",troubleshooting,actionable
110939,110937,110936,"All as are updated, started to charge at 22% at 5.30pm only at 86% at 7.30pm usually doesn’t take long to get back to full charge.....","@140679 Go ahead and DM us your country, and we'll continue there. https://t.co/GDrqU22YpT",troubleshooting,guided_escalation
110946,110942,110940,help ?,@140680 Hello there. We'd love to help you with your Alarm app. Please tell us which version of iOS you have installed on your device. You'll see this in Settings &gt; General &gt; About.,troubleshooting,actionable
110946,110941,110943,11.1.1,@140680  What happens when you try using your alarms?,troubleshooting,actionable
110946,110944,110945,Nothin. It’ll say they’re set but nothing will happen. I’ve done everything I can think of n still no luck ????,"@140680 Please take a look at the following article in the ""Get help with alarms"" section and let us know if this helps: https://t.co/bz9TzU3lGI DM us to continue. https://t.co/GDrqU22YpT",dm_escalation,guided_escalation
110950,110950,110947,"I don't get this screen on my itunes for windows. Hence I cannot sync my ripped music to icloud, iphone and other i-devices. Home sharing isn't good enough! Help","@140681 We'd like to assist with this. Which version of iTunes are you using? https://t.co/g2HM9lnith

What Windows version are you running as well?",information_request,actionable
110950,110949,110952,The latest available on the Apple website,@140681 DM us your current country and we can take a look at this. https://t.co/GDrqU22YpT,troubleshooting,guided_escalation
110950,110953,110954,Chicago USA 60619,"@140681 Just to confirm, are you able to open preferences in iTunes at all? Let us know in DM. https://t.co/GDrqU22YpT",information_request,guided_escalation
110957,110957,110955,Hi! I'm having trouble with installing iOS 11 on my iPhone 6 I have downloaded it but I'm unable to install it.,@140682 We want to help. How are you trying to update? What errors do you receive?,troubleshooting,actionable
110957,110956,110958,"I have downloaded the update by using software update on the iPhone not through iTunes . The error message is ""some error has occurred while installation """,@140682 We see your DM. We'll continue with you there.,dm_escalation,generic_escalation
11096,11092,11091,Well it froze as I was ordering a pizza so I had to. And now it’s already to 49%,@118093 We'd like to offer our help. Please shoot us a DM and we'll explore the battery challenge. https://t.co/GDrqU22YpT,dm_escalation,generic_escalation
110961,110961,110959,"do you have a problem in your servers ? I updated my Iphone 7, asked me to login to itunes, but it won't do it, a message: ""There was a problem connecting to the server...etc"" and another message: ""KVC synchronizeWithCompletionHandler Failed"" how to fix it please ?","@140683 We'd like to help any way we can. From our System Status link, it appears to be working fine: https://t.co/7NVrDovSd8

Which exact iOS version number is installed on your iPhone 7?

Any steps tried so far?",troubleshooting,actionable
110961,110960,110962,it did work with a trick I skipped login several times before it finally allows me to access Siri setup and my device. after I setup Siri and start using my device I found out that I'm logged in already to my account -although I skipped it earlier-. iOS.11.1.2 v.n thanx,@140683 We're glad it's working again! If you have any issues or concerns in the future please feel free to reach out. Have a great day!,other,other
110965,110965,110964,"Ongelofelijk dat een MacBook Pro al na 2,5 jaar kapot gaat. Als antwoord krijg je dan alle kosten inclusief reparatie zijn voor eigen kosten. Terwijl de winkel al zegt u kan er niks aan doen dat hij stuk is. slechte service apple geenservice macbook pro",@140684 We offer support via Twitter in English. Contact an Advisor for help in your preferred language here: https://t.co/IBIY3vMgPj,link_resource,actionable
110967,110967,110966,any chance keyboard lag on the iPhone will be fixed soon? I upgraded my 6s+ to 11.1.2 and it's still sluggish,@140685 Could you Direct Message us so we can look into this further? We'd love to help. https://t.co/GDrqU22YpT,information_request,guided_escalation
11101,11101,11098,"music and podcast “skip” around like a CD, then distorts and clears up in few seconds, only happens after iOS 11","@118095 We're here to help. Did this happen after a specific update, or just recently? Thanks!",troubleshooting,actionable
11101,11100,11103,"It’s only done it with Apple Music and Apple Podcast, regardless if saved to phone or streaming",@118095 We want to help further! What model of iOS device are you using? Do you have the most recent version of iOS 11.1 downloaded?,information_request,other
11101,11104,11105,iPhone 7 and yes the software is up to date,@118095 We'd like to investigate with you. Send us a DM and we can troubleshoot more from there. https://t.co/GDrqU22YpT,dm_escalation,generic_escalation
11108,11107,11106,. . haven’t been able to type I since the new update,@118096 We certainly want you to be able to type. Have you tried restarting the device since this has happened?,troubleshooting,actionable
11111,11111,11109,My phone been fucking up all week @115858! https://t.co/VHrjDRAQPk,@118097 We'd like to help. What's going on?,information_request,other
11111,11110,11112,The whole phone will just crash or freeze for over a minute. It be spazzing out too like it has a ghost in it or something.,@118097 Thanks. We'll help get to the bottom of this together. What version of iOS are you currently running?,information_request,other
11111,11113,11114,11.0.3,"@118097 We'd like to suggest updating to iOS 11.1, which came out today, and see if the same issues continue: https://t.co/ahjigcvFRG",link_resource,actionable
11116,11116,11115,@115858 wtf is this “!  ?box” shit I️ keep seeing? Or someone just answer it plz lol,"@118098 Let us help. Tell us which device you're using, and the version of iOS 11 you have installed.",troubleshooting,actionable
11118,11118,11117,"my watch has been saying I’ve been averaging 57 minutes, now today it’s 52, I checked and did the math it’s 57... what the???",@118099 We'd like to help. Let's take this to DM and we'll explore ways to provide you assistance. https://t.co/GDrqU22YpT,dm_escalation,generic_escalation
11122,11122,11121,would love to know why my pictures look like this when I take a picture,@118100 We would love to help you with this! Is this the front or rear facing camera? Which device and iOS version?,information_request,other
11122,11120,11119,"6 plus, idk what iOS version.. and it was the rear facing camera",@118100 We'd like to gather more information. Let's meet in DM. https://t.co/GDrqU22YpT,dm_escalation,generic_escalation
11126,11126,11123,"@115858, your new iOS 11.1 not resolve the calendar problem. 😡#iOS11 #iosfail",@118102 We want you to be able to rely on your calendar. What exactly is going on with it?,information_request,other
11129,11129,11128,lucky I was home and next to this when it randomly started to smoke. Unplugged before disaster!! What the hell?,@118103 We want to look into this with you. DM us and let us know what model of computer you use this cord with. https://t.co/GDrqU22YpT,dm_escalation,guided_escalation
11131,11131,11130,Is anyone doing bug fixing @115858  anymore? I have a whole zoo of them on my iPhone and iMac that could be tamed!,"@118104 Let's get both working right, starting with your iPhone. Which model is it and what's happening with it? Steps tried?",information_request,other
11134,11134,11132,My Touch ID failed when I restarted my phone. Now it’s not working at all,"@118105 Did you receive an error message, or were you just prompted to enter in the passcode for your iOS device after the restart?",troubleshooting,actionable
11134,11133,11135,I received an error message. And another when I tried to set it up again in settings,"@118105 Let's give the steps in this article a try, and keep us posted on the results please: https://t.co/xqiXha6yeB",troubleshooting,actionable
11134,11136,11137,Tried the steps. Still receiving an error message. Just updated to iOS 11.1 and got the message when my phone restarted,"@118105 Alright, let's continue working on this via DM. Tell us what country you're currently in. https://t.co/GDrqU22YpT",troubleshooting,guided_escalation
11139,11139,11138,I get prompted for a system administrator password on a MBP MacOS but there is no system administrator account I’m aware of!!,@118106 Let's take a closer look together. Which macOS version is installed currently? Where does this screen come up on your Mac?,troubleshooting,actionable
11141,11141,11140,@115858 got people out here looking crazy with this damn glitch!!! Fix this shit now!!!,@118107 We’re available to help. Which device model and operating system are you using? Let us know in DM. https://t.co/GDrqU22YpT,information_request,guided_escalation
11144,11144,11142,"love how my computer charger just stopped working for literally no reason at all. thanks @115858 you’ve really done it for me this time, sweetie",@118108 We'd like to investigate with you. Send us a DM and we can troubleshoot more from there. https://t.co/GDrqU22YpT,dm_escalation,generic_escalation
112805,112805,112804,Is the Space Grey 64GB iPhone X in stock in Montreal? (Ste-Catherine store),"@141070 While we're unable to check individual inventories, our Online Sales team will best be able to address your questions. Click here to get in touch:  https://t.co/8yjRd1Xo0i",troubleshooting,actionable
112811,112811,112810,"5 Times a day my phone says “no sim” & I have to restart it to make it go away, do I need a new phone",@141071 Hello. We are here to help. How long has this been occurring? Have their been any recent changes to your device? What is your iOS version?,information_request,other
112811,112809,112808,"About 2 weeks, I have IOS 11.1.2","@141071 Thanks for that info. Let's try a few things in this article to see if it helps. Try steps 4 through 6:
https://t.co/UTP2qBi1Is",troubleshooting,actionable
112811,112807,112806,"Well, I couldn’t get the SIM card back in and now it’s jammed in there so I guess I’ll be at the Apple store tomorrow haha thanks anyway!",@141071 That's a good idea. Be sure to let us know if there's anything else we can help with. Have a great day!,acknowledgement,other
112813,112813,112812,"hi you guys, can you finally fix the problem with battery drain on iphone 6? thx",@141072 Battery life is important and we'd like to help if you're having problems with it. Which iOS version do you see in Settings &gt; General &gt; About? Let us know in DM. https://t.co/GDrqU22YpT,troubleshooting,guided_escalation
112815,112815,112814,"what’s going on with the camera roll?! Something is wrong since the latest iOS update. No all photos, I have approx 200 old photos before my latest photos. Not happy! appleissues iosissues","@141073 We know your photos are important, so let's meet in DM to check this out with you. Tell us some details, such as which device you use and the exact version of iOS, and which country you're in, and we'll take it from there. https://t.co/GDrqU22YpT",troubleshooting,guided_escalation
112818,112818,112817,Mr. Robot won’t load on Apple TV. Getting an endless spinner. Everything else (all other shows and apps) loads fine. Tried restarting and our wifi is working fine. Can you help?,@141075 Our Apple TV support can assist with this. Please reach out to them here:   https://t.co/IBIY3vMgPj,link_resource,actionable
112820,112820,112819,"Dear , I just killed myself at the gym today because I wanted the turkey award...and for some reason I’m not getting credit for my run. confused Thoughts? Signed, Thirsty for the recognition",@141076 Here's a guide to help you make sure you get achievements: https://t.co/xwf6lrIgzJ,link_resource,actionable
112824,112824,112823,My phone got stolen but i can't change my apple id password because of the 2 step verification that requires my phone! Do you have a uk based email that i can contact about this?,"@141077 We'd like to help any way we can over Twitter. The first steps to take would be here: https://t.co/fUoKdx4Yut

As you're unable to change your Apple ID password, we recommend reaching out to our Apple ID group using this link: https://t.co/UJm15vmMM2",link_resource,actionable
112824,112822,112821,Do you not have an email I could contact? I'm not really able to make a call with no phone..,"@141077 We can certainly understand your situation, though for security reasons a call is required. You may need to borrow a phone if possible to call in. You can even schedule a callback at you convenience using the link from before. Still have questions? DM us: https://t.co/GDrqU22YpT",information_request,guided_escalation
112827,112827,112825,Thank you for not trying to solve my problem and thank you for the high morals of your customer service staff at your company and for not caring for your customers I decided now to go to the Samsung store and see there products!,@141078 We'd be happy to see what can be done about your issue. DM us detail and we'll go from there. https://t.co/GDrqU22YpT,dm_escalation,guided_escalation
112830,112830,112829,"my iCloud account was just locked down, & I had to unlock it with my 2 factor code and then change my password. Was it a hacking attempt...?","@141079 Thanks for reaching out to us. We have an article that can help ensure your Apple ID is secure: https://t.co/SdkqXUvz1a

If you continue seeing any strange behavior, reach out to our Apple ID experts here: https://t.co/UJm15vmMM2",link_resource,actionable
112832,112832,112831,Question - I need to transfer my AppleCare to a new device. Can I do that online?,"@141080 We aren't able to do that through Twitter, but you can start that process online. Check out the steps for that here: https://t.co/8CjEPFkTCs",troubleshooting,actionable
112834,112834,112833,"@115858 PLEASE fix the symbols that replace actual letters. What is with you people? All that money and you can’t type a letter eye. &lt;—You see what was done there....
All that money, all that payroll, for inept people who don’t deserve it. Great job you’re doing there Timmy boy. https://t.co/T5sXPL1HZm",@141081 There's an update out now that fixes this issue. Make sure you have a recent backup and update to 11.1.2,troubleshooting,actionable
112839,112839,112837,So my phone just randomly stopped working,"@141082 We're here to help. What specifically is going on with your phone? Additionally, if you can access it, what version of iOS are you running under Settings &gt; General &gt; About?",troubleshooting,actionable
112839,112836,112835,And its running on the latest update of iOS. I can't make calls only receive them. Im getting notifications but i can't open them.,@141082 Thanks for those details.  What happens when you try to open notifications?  Have you tried a restart? You can do that by following the steps here: https://t.co/OWRDHWSt4h let us know the results in DM. https://t.co/GDrqU22YpT,troubleshooting,guided_escalation
112841,112841,112840,"received email that seems fraudulent. Says my ID used in Mexico. Have not been in Mex. My computer is ""suspicious"" of the link to unlock. Need help but it's getting late in UK. Help?",@141083 Great question! It's probably fraudulent and we'd love to see it. Take a look at this article for how to tell and where to forward to us: https://t.co/LNMCdqt6fD,link_resource,actionable
112844,112844,112842,"Grandma just told me @115858 is having problems. My iPhone 7 can’t make calls, so grandma is on to something.",@141084 We'd like to see if we can't get your iPhone working fully. When did this start happening?,information_request,other
112844,112843,112845,"A few days ago, but I’ll text for now (good excuse).","@141084 We'd be happy to take a closer look into what's going on. To continue, just DM us which iOS version you're currently using on your iPhone and we'll start from there. https://t.co/GDrqU22YpT",dm_escalation,guided_escalation
112844,112846,112847,"Thank you for following up. I spoke with live chat support, and the device needs to be brought in. Thanks for the response.",@141084 You're welcome. We'll be here to help if you have questions in the future.,other,other
112850,112850,112848,I swear my iPhone camera is acting up. It now looks like it has some type of dark/grainy filter no matter which app I open camera in. iphoneX help,"@141085 We're here for you! When did the camera issue first start? If you can also let us know which iOS version is currently installed, we'll do our best to assist.",troubleshooting,actionable
112850,112849,112851,It just started today. I have the most up to date version of iOS.,@141085 Understood. Let's move to DM and we'll gather some more information. https://t.co/GDrqU22YpT,dm_escalation,generic_escalation
112854,112853,112852,@AppleSupport,"@141086 We'd love to explore what's going on together. Have you recently made any changes to the iPhone? An update, restart, removed or added accounts? Please send us a DM. https://t.co/GDrqU22YpT",troubleshooting,guided_escalation
112856,112856,112855,"Hey 11.2.1 is killing my battery- big time. iPhone 6s+ I used to make it to 3 pm and still have 80%. I’m below 40 already (3:15). And no, I don’t use the app.",@141087 Thanks for contacting us. We know how important battery life is. We'd be happy to help in any way we can. Let's meet in DM to troubleshoot together. https://t.co/GDrqU22YpT,dm_escalation,guided_escalation
112858,112858,112857,I HAVE NO PATIENCE FOR THIS IPHONE AND RESETTING MY PASSWORD 100 TIMES TODAY. And the camera freezes too,@141088 Hi. We want you to be able to use your iPhone without any issues. You're in the right place for help. DM us and tell us which version of iOS you're running. You can find the exact version under Settings &gt; General &gt; About. https://t.co/GDrqU22YpT,troubleshooting,guided_escalation
112861,112861,112859,"Hey, just curious, do people have to pay for support now when calling in?","@141089 Thanks for reaching out. No, you do not have to pay for support if you call in.",acknowledgement,other
112861,112860,112862,"When I call the 1-800 My iPhone, the recording states “Due to the holiday, we’re offering limited product support. You will need an extended hours agreement.”","@141089 We can definitely understand the confusion. We at this channel can help resolve your issue. Due to the holiday our phone support is closed for the day. If you would like to work with us, hit the DM link and we'll get started. https://t.co/GDrqU22YpT",dm_escalation,generic_escalation
112865,112865,112863,is there anything that I can do to make your voice to text smarter? I just tried three times to comment and say “taunting call“ I was dictating slowly and clearly I got three different versions of this: Tonton car. Is there anything I can do to train my phone?,@141090 That's a great question and we're here to help. Here's a great article you can check out for this: https://t.co/xOrdgHyyiA,troubleshooting,actionable
112865,112864,112866,Completely unhelpful. It had nothing to do with saying “hey Siri“,"@141090 The first section that says 'If Siri isn't available, or doesn't understand or respond to questions', there are some steps you can take for this issue. Have you already tried them?",information_request,other
112865,112867,112868,I’ll have time in a few minutes. I’ll give it another look and try those. Thank you,"@141090 Great, thanks.",other,other
112870,112870,112869,I hate @115858 I delete like all my videos and apps and it still says my storage is full xxxx,"@141091 Having the storage space you need is our goal. So we can get started looking into this, could you join us in DM and let us know which device you're seeing this with? https://t.co/GDrqU22YpT",information_request,guided_escalation
112878,112876,112875,DEVOLVA MINHA BATERIA MALDITA,"@141092 Since our Twitter support is available in English, get help at https://t.co/IBIY3vMgPj or join https://t.co/pvaOFfPbjt",link_resource,actionable
112878,112873,112871,"So guys, any plans for a new update? cause this 11.1.2 just drain my batery with no reason. I cant put my phone on charger 3x per day. Come on","@141092 We know having your iPhone battery performing at its best is important. Let’s look into what’s happening. Please send us a DM telling us which iPhone we’re working with, when you first noticed the change in battery life, and any troubleshooting steps you’ve tried. https://t.co/GDrqU22YpT",dm_escalation,guided_escalation
112878,112872,112874,Done!,@141092 We've received your DM and will continue working with you there.,dm_escalation,generic_escalation
112881,112881,112879,"I want to trade in an iPhone for another one of the same model with larger storage capacity, will I have to buy another","@128763 Hello! We'll be happy to point you in the right direction to get that question answered. Options vary by location, which country are you currently in?",troubleshooting,actionable
112881,112880,112882,USA,"@128763 Apple has an iPhone Upgrade Program that you can learn more about here: https://t.co/1OpwRY51id Also, you can check with your carrier for any options they may offer.",troubleshooting,actionable
112885,112885,112883,MY PHONE WONT FUCKING GO OFF HEADPHONE MODE thoughts?,@141093 We're here to help. When did this start happening? When you have headphones in do they work normally?,information_request,other
112887,112887,112886,Has anyone had AT&T show up on iOS 11 like this as a carrier?,@141094 We'd be glad to assist with this. Which region is the iPhone set to? Which device model and iOS version? Let us know in DM. https://t.co/GDrqU22YpT,information_request,guided_escalation
112889,112889,112888,I don't have access to the security questions or emails so I'm too scared to update my phone but it keeps dying on 100%? Help?,@136622 Hey there! We’d be happy to help. Send us a DM so we can look into it together: https://t.co/GDrqU22YpT,dm_escalation,guided_escalation
112891,112891,112890,my phone went from 62% to 13%,"@141095 Great battery life on your iPhone is our goal. So we can take a closer look at this, could you let us know which version of iOS you are using and how long you've seen this in DM? You can check that at Settings &gt; General &gt; About. https://t.co/GDrqU22YpT",troubleshooting,guided_escalation
112894,112894,112892,How comes the UK website is down?,@141096 Hey there! We aren't seeing any issues with the website on our end. What happens when you try to access https://t.co/RmwhbvzNwH,troubleshooting,actionable
112894,112893,112895,"If you attempt to add an item to your bag, i.e. iPhone, iPad etc - it comes up with this!",@141096 That can appear when the Store is being updated. U.S.A. Thanksgiving weekend is a typically large shopping period and the Store is being changed ahead of this. Please check again later or contact local Sales Advisors here: https://t.co/ZAR4CvbiBa,troubleshooting,actionable
112897,112897,112896,", trade-in phone is due but my new phone hasn’t delivered. Help!",@141097 We'd be happy to point you in the right direction! Reach out to our Sales Team for further assistance with that here: https://t.co/8yjRd1Xo0i,link_resource,actionable
112899,112899,112898,"Hello A friend of mine has trouble. He paid for a Swiss National Anthem file, sung by Red Army Choir: (Russian famous choir) and iTunes deleted the file from the library & iCloud. How it is possible? cc",@141098 Hey there! Thanks for reaching out to us about this. Shoot us a DM so we can get you pointed in the right direction. https://t.co/GDrqU22YpT,dm_escalation,generic_escalation
112901,112901,112900,why can i not download my pictures???,@141100 We'd like to help you with your photos. Do you have iCloud Photo Library enabled? Let us know in DM: https://t.co/GDrqU22YpT,information_request,guided_escalation
112903,112903,112902,"-iPhone X Drops
-New update comes out 
*Downloads*

Now my iphone got 99 problems and dies in 3 minutes
#ThankfulForYou @115858","@141101 We know how important your battery life is, so we'd be happy to look into what's going on with you. To start, can you let us know which device and iOS version you're using?",information_request,other
112905,112905,112904,iphone5s I want to go back to iOS 10. How? Battery draining can’t withstand 12hrs.,@141102 We want to be sure you get the most out of your battery life. Send us a DM so we can help you further. https://t.co/GDrqU22YpT,dm_escalation,generic_escalation
112907,112907,112906,I was just on SnapChat and my battery went EXACTLY from 79% then in a SPLIT SECOND it drops to 11% and shuts off DEAD. I would like to know why this hasn’t been fixed with the already several updates of iOS 11 having been released?,@141103 Thanks for reaching out. We're here to help. DM us so we can look into this further with you. https://t.co/GDrqU22YpT,dm_escalation,generic_escalation
112909,112909,112908,@115858 I thought y’all fixed this shit why does the damn A keep popping up,@141104 Hey there! This issue was addressed in a recent update. Let's have you backup and update and see if that resolves the issue. Check out this link if you need help with the backup: https://t.co/ui8Itz8ESg DM us if you're still having issues: https://t.co/GDrqU22YpT,troubleshooting,generic_escalation
112911,112911,112910,"I promise that I did the workouts to finish the Thanksgiving day challenge. Yet, no badge. Does have any ideas?",@141105 We want to be sure you get the badge you earned. What country do you live in? DM us and let us know. https://t.co/GDrqU22YpT,troubleshooting,guided_escalation
114457,114457,114456,My brand new iPhone X won’t connect to ANY of my devices over bluetooth.,@141446 We'd like to help. Let's take this to DM and we'll explore ways to provide you assistance. https://t.co/GDrqU22YpT,dm_escalation,generic_escalation
114459,114459,114458,A recent upgrade to iOS 11.1.2 has made my phone so so slow . I hate it. It’s so laggy now,@141447 You've come to the right place for help. We can definitely look into this with you. Send us a DM and we'll go from there. https://t.co/GDrqU22YpT,dm_escalation,generic_escalation
114466,114465,114464,@115858 i tried putting it in some rice - no help,"@141448 We're here for you. Thank you for showing us that screenshot, we can see that your apps are out of alignment. Send us a DM with details about when it started. We'll work together there. https://t.co/GDrqU22YpT",dm_escalation,guided_escalation
114468,114468,114467,"My iPhone 8plus is showing issues(hanging and slowdown) while multitasking,from the past two hours, restarted 2 times. IOS11 is the worst ever!","@141449 We’d like to understand more about this. DM us some details of how you restarted, which exact version of iOS you're using, and which country you're in, and we'll get going. https://t.co/GDrqU22YpT",troubleshooting,guided_escalation
114471,114471,114470,"Sadly, my #applewatch did not sync my 2 workouts with my phone today, so no turkey 🦃 achievement for me.  Anyone know what I did wrong? @115858",@141450 We'd like to help. Let's take this to DM and we'll explore ways to provide you assistance. https://t.co/GDrqU22YpT,dm_escalation,generic_escalation
114473,114473,114472,@115858 can we update these chargers pls https://t.co/I3SmgsOLeG,@141451 We're here to help. Send us a DM with your location so we can explore your service options. Support options differ by region. https://t.co/GDrqU22YpT,dm_escalation,generic_escalation
114481,114481,114480,"how do I turn Live Photos OFF by default, and HDR ON by default? The current default setup makes no sense.","@141452  Thanks for checking with us to get your issue taken care of. We'd love to help, but we do want to make sure we provide information based on your configuration. Can you let us know the iOS version?",troubleshooting,actionable
114481,114479,114478,"I’m running iOS 11.1.2. I want to be able to permanently: (a) keep flash off, (b) keep live photo off, and (c) keep HDR on. Currently, I have to go in and change all these settings every time I take a photo. Thanks.","@141452 This article will show you how to turn off Live Photos: https://t.co/C3E4kiTqdx

Can you describe how you are turning off flash?",troubleshooting,actionable
114481,114477,114476,"I am clicking the flash icon in camera mode, and setting to “off” rather than “auto”.",@141452 OK. And then when you go to take another photo it is set to on again? Go ahead and DM us to continue. https://t.co/GDrqU22YpT,information_request,guided_escalation
114481,114475,114474,"Correct. I went to take a photo just now, and Live was set to on and flash to Auto even though they had both previously been turned off.",@141452 Please DM us to continue. Thank you. https://t.co/GDrqU22YpT,dm_escalation,generic_escalation
114484,114484,114482,i didn’t get my 5K turkey badge even though i went on a 3.27 mile walk using my watch,@141453 We want to ensure you receive all the achievement badges for your logged workouts. Which app did you use to track the walk? We'll take it from there.,information_request,other
114484,114483,114485,I used my apple watch’s default exercise app,"@141453 Got it! Once you complete the logged workout, you'll receive the achievement badge within 9 days. Check out all the details here: https://t.co/lcmdgxE8lP",troubleshooting,actionable
114487,114487,114486,"Help , why does the audio stop recording when I use FaceTime? Just tryna make thanksgiving memories pls","@141454 What you are seeing with FaceTime and screen recordings is expected. We welcome feedback on our apps and ways we can make them better, and you can leave that here: https://t.co/eTPVYVFyd8",link_resource,actionable
114489,114489,114488,"Battery life awful, iOS 11.2, iPhone X","@141455 We’d love to help with your battery life. To start, please send us a DM. https://t.co/GDrqU22YpT",dm_escalation,generic_escalation
114499,114499,114496,why every time I go to update of download an app I have to turn my phone on and off for it to work!?,"@141456 We want your iPhone working for you, and we'll do all we can to help. Can you describe for us what happens that requires you to restart your iPhone, for example, does the app become unresponsive after updating? Also, what iOS version is installed?",troubleshooting,actionable
114499,114492,114490,Until I turn my phone on and off again then it downloads it straight away,@141456 We appreciate the clarification. What iOS version is currently installed? You can find that by going to Settings &gt; General &gt; About.,troubleshooting,actionable
114499,114491,114493,11.1.1,"@141456 The latest version of iOS is 11.1.2. Let's go ahead and update following these steps: https://t.co/ahjigcvFRG Let us know if the issue persists afterward, and we'll continue from there.",troubleshooting,actionable
114499,114494,114495,It worked for a few days but it’s doing it again now,@141456 We appreciate you letting us know that this is still going on for you. Connect with us in DM to continue looking into this further together: https://t.co/GDrqU22YpT,dm_escalation,guided_escalation
114507,114507,114506,Hey - my iPhone X is stuck on the restore with just 270 bytes to go. What should I do?,"@141457 Thanks for reaching out. Has your phone stayed connected to Wi-Fi the entire time? Also, how long has your phone been restoring from iCloud?",information_request,other
114507,114502,114500,Almost the entire time. Obviously not when I'm out from the house. I have fast internet (100mbs). Has been restoring for more than 2 weeks. I think I had used 150gb on the phone.,"@141457 We want your device to work for you and we'll be happy to help out. Let's start by reviewing this great article: https://t.co/Lr8zUtw9ls
Let us know if that helps.",link_resource,actionable
114507,114501,114503,Nothing I didn't already know unfortunately.,@141457 Let's restart your iPhone and check for further progress: https://t.co/OWRDHWSt4h,troubleshooting,actionable
114507,114504,114505,Says the same thing.,@141457 We'd like to take a closer look at this with you. Reach out via DM using the link below. https://t.co/GDrqU22YpT,dm_escalation,generic_escalation
114509,114509,114508,"After installing iOS 11.1.2 apple apps close such as Podcasts, while playing and also apps from other developers. iPhone also feels slow and it gets hot and battery is running lower than usual. ios1112",@141458 Let's look into that. Send us a DM and we'll go from there. https://t.co/GDrqU22YpT,dm_escalation,generic_escalation
114512,114512,114510,what happened to bookmarks in ios11 update. Safari is now blank. How do I restore them please. Phone is so slow now too. What’s happened.,@141459 We'll be happy to look into what's going on with your bookmarks and the iPhone being slow. Which iPhone and iOS 11 version are you using?,information_request,other
114512,114511,114513,It’s the iPhone 6 and it’s ios 11.1.2,@141459 Alright. Let's continue to look further into this in DM: https://t.co/GDrqU22YpT,dm_escalation,generic_escalation
114516,114516,114514,Installed the iPhone software update 11.1.2 on my iPhone 6s and now my phone keeps crashing!,@141460 We want to help! Does is restart to the Apple logo or to a spinning circle? What apps are in use when this happens?,troubleshooting,actionable
114516,114517,114518,It only started after installing the new software update,@141460 We'd like to find the best solution. DM us what country or region you're located in. https://t.co/GDrqU22YpT,troubleshooting,guided_escalation
114521,114520,114519,@AppleSupport @6523 @115817,@141461 We’d like to get you in touch with our Apple Online Store team for further assistance regarding your order. You can reach out to them here: https://t.co/RmFSlCBcIE,link_resource,actionable
114523,114523,114522,3 times I’ve been running and been on to set a PB and 3 times you’re iwatch series 3 has stopped and finished my run early for me. Fuck this piece of shit watch. Fuming!,"@141462 Hi there, glad you reached out about this. We’ll be glad to take a look at why this is happening. Meet us in DM and let us know if this is a GPS or GPS + Cellular model and we’ll go from there. https://t.co/GDrqU22YpT",dm_escalation,guided_escalation
114525,114525,114524,"since the last update, my Bluetooth will not stay connected in my VW iosupdate iphone frustrated applesupport bluetooth",@141463 Let's get your car and iPhone working together. You'll find steps to work through this issue here: https://t.co/tqjOBvBgl0,link_resource,actionable
114527,114527,114526,dear apple! the inability to use the podcast app to its full extend (search new PCs) really is annoying. when will u fix this?,@141464 We'd like to learn more about this behavior. Tell us more about what you're experiencing via DM. We'd love to help lend a hand. https://t.co/GDrqU22YpT,dm_escalation,guided_escalation
115982,115982,115980,"why does my iPhone 5 SE run out of battery life after 6 hours, I’ve only had it for just over 1 year",@141827 Hi. Having great battery life on your iPhone is important. We're here to help. This article provides some great help with maximizing your battery life: https://t.co/bivpdfBNJ6,link_resource,actionable
115982,115981,115983,"I think you fail to see it has reduced significantly without me making any changes, hence my post.",@141827 OK. We'd be happy to take a closer look and do what we can to get to the bottom of this. DM us and tell us which version of iOS you're running. https://t.co/GDrqU2kzhr,dm_escalation,guided_escalation
115986,115986,115984,please fix the podcast app. You’ve completely ruined it in IOS 11. Where’s the sleep timer? I can’t find episodes. Total clusterfuck,"@141828 We're here to help! Swipe up to access the sleep timer per this page: https://t.co/bO8AbJKuc3 As for not finding episodes, what do you see in the Library tab?",information_request,actionable
115986,115985,115987,Stuff that’s not in chronological order. It’s just nowhere as user friendly as before,@141828 Got it. The next page after the one we sent may help with sorting order and managing your library. Here's the direct link for your convenience: https://t.co/ymueizyNHZ,link_resource,actionable
115990,115990,115989,@115858 why is this a Siri suggested website? https://t.co/P7SQKqRIpr,@141829 Let's look into this together. Please DM us. https://t.co/GDrqU22YpT,dm_escalation,generic_escalation
115992,115992,115991,bizarre battery problems on iOS 11.1.2. Went out for a short walk. Started at 77%. 30 minutes later never went on my phone; down to 1%! Reset the phone - back up to 71%. I do have an Apple Watch but I don’t think Bluetooth with an Apple Watch draws it down that much,@141830 We'd be happy to look into this with you more in detail. Please reach out to us via DM and we'll get started. https://t.co/GDrqU22YpT,dm_escalation,guided_escalation
115994,115994,115993,how can such messages be blocked in Messages?,@141831 Happy to help you. Our website here has information on how to block a single phone number: https://t.co/rYxZGDk3Lz We'd also ask that you tap Report Junk under any message you receive like that looks like this. DM us if you have any questions. https://t.co/GDrqU22YpT,dm_escalation,guided_escalation
115996,115996,115995,Is anybody else on iPhone having contacts being deleted? It keeps happening to me. I know I’ve saved several numbers I tried to text.,@141832 Having access to your saved contacts is important and we'd like to help with that. Has anything with the iPhone changed recently? Accounts added or removed? Please DM us. https://t.co/GDrqU22YpT,troubleshooting,guided_escalation
116000,116000,115998,Trying to open a document I scanned into documents this is the response I get from Acrobat Reader: The SendMail doesn't know how to talk to my default client. Please select a different mail application to use. I stopped using Mail -emails took too long to open.,@141833 We'd love to help you out. Is this a PDF document? Do you know which format the document was saved in?,information_request,other
116000,115999,116001,It is a document that I scanned in as a PDF. Also had to switch to Go Mail. My Emails in Mail started taking a long time to open.,"@141833 So we can take our next steps, let's take things to DM from here. https://t.co/GDrqU22YpT",dm_escalation,generic_escalation
116006,116005,116004,"@141835 @115858 This last update was utter garbage. Crucified my battery life, made everything wobbly and obnoxious, messed with the touch screen accuracy 👎🏻",@141834  We'd like to help. Please let us know all about the issues you're experiencing. We'd like to look into this further. Please DM us to get started. https://t.co/GDrqU22YpT,dm_escalation,guided_escalation
116006,116003,116002,My tweet pretty much says it all to be honest. The battery life and the touch screen inaccuracy are the most annoying.,"@141834 We'd like to gather more info about everything that's going on so we can find the best way to get this resolved. DM us more info, like which model of iPhone and the exact version of the operating system you're using for starters, and we'll team up. https://t.co/GDrqU22YpT",dm_escalation,guided_escalation
116010,116010,116009,"Hi, I have an iphone 6. Should i upgrade to IOS 11 ?","@141836 Thanks for reaching out. We always recommend that you upgrade to our latest version of iOS, to get the most current features and security protections. Before upgrading, be sure to make a backup so your information will be safe: https://t.co/4f8hwT5to6",troubleshooting,actionable
116012,116012,116011,In how many years will I have the iPhone X? Because in Europe it’s impossible have it... Good work with your marketing...,@141837 We may be able to help. Where in Europe are you currently located?,information_request,other
116014,116014,116013,"Anyone knows how to disconnect from iCloud? Last iOS update transferred my files to the iCloud (!). If I try to turn it off, it offers to delete my files from the computer and store them in the iCloud. What the hell is going on, ?","@141838 Thanks for reaching out. We'd like some details to assist. Are you referring to the files saved on iCkoud Drive? Also, are those files saved locally to your computer? Send us a DM with the details, we'd like to help. https://t.co/GDrqU22YpT",information_request,guided_escalation
116016,116016,116015,hey Apple support a picture of other people just showed up on my pictures. I do not know these people what so ever. And when my phone is rotation is locked it still turns,"@141839 Let's look into this together. DM us which iPhone and iOS version you're experiencing these issues on, and we'll start from there. https://t.co/GDrqU22YpT",dm_escalation,guided_escalation
116018,116018,116017,when @115858 does that thing where they erase all of my threads AND contacts without my consent. Real cute. Y'all best have my shit stored on y'all magical ass database or sumn for when I need to extract receipts for science. Got me fucked up.,@141840 Accessing your data is extremely important and we'd like to review this for you. Please DM us with more information and we'll get started. https://t.co/GDrqU22YpT,dm_escalation,generic_escalation
116021,116021,116019,Some weird dots on my iphonex any idea what they are?,@141841 Let's get this figured out. When did you start seeing these dots? Have you tried cleaning the screen with a microfiber cloth? Please DM us. https://t.co/GDrqU22YpT,information_request,guided_escalation
116023,116023,116022,"@115858 seriously iOS 11 is shit, phones so buggy can’t send a message from the dialer screen, crashes non stop Apple you suck dick",@141842 Thanks for reaching out to us. We'd like to help you and look into this further. Please DM us to continue working on this. https://t.co/GDrqU22YpT,dm_escalation,generic_escalation
116026,116026,116024,hello my phone is not good,@141843 We'd like to help. What issue are you running into on your iPhone?,information_request,other
116028,116028,116027,"Hey , third MacBook retina display with stain problem. Getting tired of spending time and money to fix it, what do I do???",@141844 We are here to help. DM us your device details and we can take a look at this. https://t.co/GDrqU22YpT,dm_escalation,guided_escalation
116030,116030,116029,My phone keeps vibrating but I’m not getting any notifications,@141845 Thanks for reaching out. We can definitely look into this further with you. Have you restarted your iPhone since you noticed this behavior?,troubleshooting,actionable
116032,116032,116031,Is anyone else having lagging issues with the @115858 11.1.2 update? It sucks #iphone,"@141846 Hi there. We'd be glad to help out. Which device do you have? Do you notice this issue on any particular apps, or does it happen on all screens?",information_request,other
116034,116034,116033,@115858 Ok how TF do I upload a cd to my phone??? this iCloud music library crap screwed everything up! I pay for Apple Music and this is what I get?!?!! Steve jobs would be disappointed NOT USER FRIENDLY AT ALL,@141847 Thanks for reaching out. We're happy to help. Send us a DM to get started. We'll meet you there. https://t.co/GDrqU22YpT,dm_escalation,guided_escalation
116039,116037,116035,@AppleSupport  https://t.co/9KrD2oAz5L,@141848 Thanks for reaching out. We'd like some additional details to assist. Which iOS is this occurring on? Let us know and we'll take it from there.,information_request,other
116039,116036,116038,11.1.1,"@141848 Great, thanks. The most recent update is iOS 11.1.2.  Be sure to back up your device prior to updating. This article can help: https://t.co/tHicJHB57O Once updated test the issue and keep us posted on the results.",troubleshooting,actionable
116041,116041,116040,@115858 My brand new iPhone X won’t connect via bluetooth. Not to ANY of my devices.,@141446 We know it's important to be able to use your new iPhone with your accessories. Let's see if we can things connected for you. What happens when you try connect? Have you ever been able to make a successful Bluetooth connection on your iPhone X?,troubleshooting,actionable
116044,116044,116042,"My Iphone 7+ has screen touch issues when it’s plugged up! And yes, I do have an apple brand charger. Help me bc it’s driving me crazy. Same for my macbook, but my charger isn’t apple brand for the laptop. help before I die plz.","@141849 We definitely want you to be able to use your iPhone, and we're glad to lend a hand. To start, what iOS is running under Settings &gt; General &gt; About?",troubleshooting,actionable
116044,116043,116045,11.1.1,"@141849 Thanks for that detail. Let's get you up to speed as a first step and see if the issues resolve themselves. We've released iOS 11.1.2 recently, so let's get you to back up and update first. Check out this link for assistance in this step: https://t.co/EGo8nZttAk",troubleshooting,actionable
116044,116047,116048,"I updated my phone, and it’s still acting up while it’s plugged up",@141849 Meet us in DM and fill us in in as much detail as possible on exactly what occurs with the screen touch issue when the iPhone is plugged in. Then from there we will get you taken care of! https://t.co/GDrqU22YpT,dm_escalation,guided_escalation
11628,11628,11627,I've been trying to update to the newest iOS for some time. It never fully processes. Verification doesn't go through. Help.,"@118241 We're here to help. After backing up your device, let's try updating your device through iTunes: https://t.co/80YRnjDFDk",troubleshooting,actionable
11630,11630,11629,@115858 I just wanted to let you know that the new update is crap and it wastes my battery more than ever before.,@118242 We want to help. Which version of iOS 11 do you have installed on your device? Let us know in DM. https://t.co/GDrqU22YpT,troubleshooting,guided_escalation
11633,11633,11631,Since I updated my iPhone I can’t download apps now. Thanks,@118243 Are you on the latest iOS 11.1 version?,troubleshooting,actionable
11633,11632,11634,Yes,@118243 Please send us a DM and we will go from there. https://t.co/GDrqU22YpT,dm_escalation,generic_escalation
11645,11645,11644,How do I get rid of this notification?,@118244 Let's see how we can help. Is that the message you see when trying to swipe the notification and get to the app?,troubleshooting,actionable
11645,11639,11637,"I get this message when I close the app. When I touch it I get into the app, but getting this when closing the app is annoying.",@118244 Is this coming up with any other apps when doing the same thing? Which iOS version is in Settings &gt; General &gt; About?,troubleshooting,actionable
11645,11638,11640,"It only happens when I close WhatsApp, doesn’t happen with any other app. I run iOS11.0.3",@118244 How are you closing the App? https://t.co/GDrqU22YpT,information_request,actionable
11645,11641,11642,"Like this. Open the Multitasking screen, swiping up on the WhatsApp app to close it; as seen in the video.","@118244 Meet us in DM with a screenshot of what shows in Settings &gt; Notifications &gt; WhatsApp, please. https://t.co/GDrqU22YpT",troubleshooting,guided_escalation
11648,11647,11646,Wow! Also in landscape! This is better than I think!,"@118246 We'd love to look into this with you!  To begin, can you DM us what iOS version you're currently on? https://t.co/GDrqU22YpT",information_request,guided_escalation
11651,11650,11649,Just updated it and still is turing my letter I into something different.,"@118247 Alright, no problem. Let's look into it closer via DM: https://t.co/GDrqU22YpT",dm_escalation,generic_escalation
11655,11655,11654,is my IphoneX really going to ship between December 5-11? I preorder right when preordering open at 12:01,@118248 Thank you for reaching out. May we ask where you're located? Let us know in DM. https://t.co/GDrqU22YpT,information_request,guided_escalation
11659,11659,11658,Fix my shit,"@118249 We're always ready to help, but we'll need more details to start. Reply by DM with which model is it and what's happening with it. https://t.co/GDrqU22YpT",dm_escalation,guided_escalation
11659,11657,11656,Ios 11.1 software update needs to be fixed,@118249 Let's continue within DM here: https://t.co/GDrqU22YpT,dm_escalation,generic_escalation
11661,11661,11660,fix it,"@118250 We want to help you. DM us, and let us know what's going on. We'll look into this. https://t.co/GDrqU22YpT",dm_escalation,guided_escalation
11663,11663,11662,how will iphone x recognize me with face id if I am wearing my du rag?,@118251 Great Question! You can read more about changing your appearance with Face ID here: https://t.co/etk4MmVSpa,link_resource,actionable
11666,11666,11664,"Tried to update my phone to the new IOS system, and my phone died while 'charging' &amp; now I lost everything. Thanks @115858.",@118252 We'd like to work with you and look into this together. Do you have a previous backup to your iPhone on either iTunes or iCloud?,troubleshooting,actionable
11666,11665,11667,My backup was stored to my MacBook Pro which battery died 2 months ago.,@118252 Let's take a look at this together in DM. https://t.co/GDrqU22YpT,dm_escalation,generic_escalation
117940,117985,121527,"How about a less than year old 7 - dies at 10%, freezes 15 times a day, skips music when multitasking and occasionally will load an app and then freeze up. This is a joke you’re quite right!",@143055 We'd like to look into the issues you're experiencing. Reach out via DM using the link below and let us know what version of iOS you have installed. You can check by tapping Settings &gt; General &gt; About.,troubleshooting,guided_escalation
117940,117979,120649,"My 6s starts as expected at 100% use it for 5 minutes and it needs recharged, really infuriating",@142823 We'd like to look into what's happening on your iPhone. Could you join us in DM to get started? https://t.co/GDrqU22YpT,information_request,guided_escalation
117940,117940,117938,"Hi , could you pls explain why, since I downloaded yr iOS update, my iPhone crashes at 10%, 20%, even 40% battery? Massively inconvenient at best.",@142155 Thanks for reaching out to us. We'd like to work closely with you and get your iPhone working properly. Please join us in DM and we'll get started. https://t.co/GDrqU22YpT,dm_escalation,generic_escalation
117940,117939,117941,"As it seems to be a widespread problem, perhaps you can tell me by public message.",@142155 We would like to gather further details in DM. Let us know which device you are using and we can get started. https://t.co/GDrqU22YpT,dm_escalation,guided_escalation
117940,117948,117949,"Also weird stuff happening with iPhone 7’s since the update. Mysterious temporary screen blackouts, occasional reboots and the phone doesn’t work well with the iPhone 7 Apple Battery Case","@142157 Let's take a look at this together. When the screen blacks out or reboots, are you using any app in particular, or is it random? When it turns back on, do you see the Apple logo or a spinning gear? Let us know in DM and we'll team up to get these issues resolved. https://t.co/GDrqU22YpT",troubleshooting,guided_escalation
117940,117967,119516,Snap. Downloaded all the updates as well but my 5S still drains twice as quick as it used to and goes from 20% to ‘off’ in seconds. Grrrr,@142516 We'll gladly assist. So you are updated to iOS 11.1.2? Not running the beta of iOS 11.2? Let us know in DM. https://t.co/GDrqU22YpT,troubleshooting,guided_escalation
117940,117972,119541,Thank you! I thought it was just my phone. Come on Apple what’s going on?!,@142527 Maximizing the battery life on your iPhone is vital. We'd be happy to review this for you. Please DM us with more details and we'll go from there. https://t.co/GDrqU2kzhr,dm_escalation,guided_escalation
117940,119544,119542,Mine too! I wonder what we can do about it? My phone is 6s but I have to charge it twice a day,@123246 Issues with your iPhone battery? We can help. DM us with more details to get started. https://t.co/GDrqU22YpT,information_request,guided_escalation
117940,117957,118051,Same problems. And notifications all over the place. shambolic,"@142174 That's not expected, but we're glad to assist. Connect with us in DM to continue. https://t.co/GDrqU22YpT",dm_escalation,generic_escalation
118012,118012,118011,@115858 now fix this “I.T” 🙄,"@142162 We'd like to discuss this issue further with you today. Meet us in DM to continue, here's a link: https://t.co/GDrqU22YpT",dm_escalation,generic_escalation
118016,118016,118015,You have to go into your photos folder to delete pictures/videos now. You can go into your camera and delete them anymore?,@142163 Our Photos team can help look into this with you. You can reach out to them here to get this sorted out:  https://t.co/IBIY3vMgPj,link_resource,actionable
118016,118014,118013,"Thank you that would be great. I found this bug about a month ago and I took a accidental photo, went to go delete it, I couldn’t and I have to go to my photos to delete a picture every time.",@142163 The link we provided you previously will get you to the right spot for help.,other,other
118018,118018,118017,"help! I did 4.7mi of walking/running today but since I logged them as separate components, I’m not getting the Thanksgiving 5K badge! I sweat my butt off today!",@142164 We want to be sure you get the Badge too. What country do you live in? DM us and let us know. https://t.co/GDrqU22YpT,troubleshooting,guided_escalation
118020,118020,118019,Soy sólo yo...o a ustedes también les pasa que a toda hora se les enciende el WIFI del teléfono desde la nueva actualización del iOS ?,@142165 We offer support via Twitter in English. Get help in Spanish here: https://t.co/IBIY3vMgPj or join https://t.co/OczyRx7IOs,link_resource,actionable
118024,118024,118022,my apple music won’t let me download or add new music to my library what’s up with that,"@142166 We’d love to help with Apple Music. To start, what do you experience when you try to add music to your library? Have you had a chance to restart your device and test the issue?",troubleshooting,actionable
118024,118023,118025,it ‘adds’ but doesn’t come up in my library when i click on it and yes i’ve restarted my phone twice,"@142166 We’d love to help further. To start, please send us a DM letting us know if the issue persists if you use a different network. https://t.co/GDrqU22YpT",dm_escalation,generic_escalation
118027,118027,118026,why my phone deleted all my contacts randomly over night!,@142167 We know how valuable your contacts are. Let's pair up in DM to get to the bottom of what you're seeing on your iPhone. https://t.co/GDrqU22YpT,dm_escalation,guided_escalation
118035,118035,118034,The new @115858 iOS High Sierra has a new feature... won't shut down unless I press the power button!,@139811 May we take a look?  What version of macOS High Sierra are you currently on?  What happens when you try to shut down using the Apple menu?  Let us know more and we'll go from there.,troubleshooting,actionable
118035,118033,118032,This is the screen it gets stuck on. Never shuts down. Started with latest update.,"@139811 Thank you for that photo and info. Let's try resetting your SMC. This link will walk through how to do so: https://t.co/FYojVXHuwn 

Please let us know if you're still having the same issue.",troubleshooting,actionable
118035,118031,118030,That fixed it. Thanks.,@139811 We are happy to hear it's fixed. We hope you have a good day today.,other,other
118035,118029,118028,I spoke too soon. Did it again today.,@139811 Let's meet in DM and work on this together. https://t.co/GDrqU22YpT,dm_escalation,generic_escalation
118037,118037,118036,Grrrrrr iPhone problems .... battery is worse than ever. 11.1.2 is awful.... iphone ios11.1.2,@142168 We're happy to continue working on your issue with you. DM us and we'll go from there. https://t.co/GDrqU22YpT,dm_escalation,guided_escalation
118040,118040,118038,The beach balling action with Finder in High Sierra is real dontdroptheball,"@142169 Hi there! Finder is such a great tool, let’s see what we can do to help it work smoother for you. Are you doing any particular function when this happens?
Which macOS version are you using?  &gt; About this Mac
Also, have you restarted your Mac since noticing this?",troubleshooting,actionable
118040,118039,118041,"Hey; 10.13.1 Just doing regular stuff: writing documents, taking notes, surfing the web... Yes I've restarted several times already...","@142169 When the behavior occurs, what steps do you take to get your Mac working normally again? How long ago did you upgrade your Mac, how many times have you encountered this behavior since?",information_request,other
118043,118043,118042,I’m over @115858 and these glitches. First the “I” problem now the “I.T” probably why is my lowercase i and t being corrected to I.T 🤦🏽‍♀️🤦🏽‍♀️,@142170 We'd like to help with these text issues. Let us know which device you're using and the OS installed via DM. We'll go from there. https://t.co/GDrqU22YpT,troubleshooting,guided_escalation
118045,118045,118044,"FED UP! My iPhone 6+ is useless after the latest major update! Something has got to give or Samsung will have a new customer! Makes me think twice about my: 6-iPhone 6s, 2-Mac Airs, 1-Mac mini, 4-airport extremes and 5-AppleTVs.",@142171 Thanks for reaching out. We'd like some additional information to assist. Let us know the details of the issues you've been having since the update in a DM and we'll continue. https://t.co/GDrqU22YpT,troubleshooting,guided_escalation
118047,118047,118046,"How long do I have to wait after ""invalid verification code entered too many times""? I can't update/download any apps",@142172 Is this verification code a component when trying to purchase on the App Store? Send us a DM. https://t.co/GDrqU22YpT,troubleshooting,guided_escalation
118049,118049,118048,"update ios 11.1.2 messed up battery life to just a few hours, screen unresponsive sometimes, overheating and music just stops randomly IPhone 7 Plus",@142173 This is not the experience we'd expect you to have since updating. Do you notice that certain applications drain your battery more or cause your device to freeze and be unresponsive? Let us know in DM. https://t.co/GDrqU22YpT,information_request,guided_escalation
118054,118054,118052,"Hey @115858 just so you know, I’m gonna bitchslap every single one of your devs for making this fucking screwup a thing. https://t.co/IteE3sJF3J","@142175 We've released an update that addresses this issue. If you haven't already, can you please back up using this article: https://t.co/4f8hwT5to6?

Then, install the update to iOS 11.1.2. (Settings &gt; General &gt; Software Update)",troubleshooting,actionable
118054,118053,118055,Just installed it. Thanks!,@142175 Excellent. Keep in mind that if you continue to see this in messages sent by others that it just means they have not updated yet.,troubleshooting,actionable
118058,118058,118056,"So @115858 charges me for my Apple Music membership, but won’t actually allow me to use it. Right 🙃","@142176 We’d love to help with Apple Music. To start, what behavior do you experience when you try to listen to music with Apple Music?",troubleshooting,actionable
118058,118057,118059,I can’t even access the Apple Music library from my music app :(,@142176 Thanks for reaching out. We're here to help. DM us so we can look into this further with you. https://t.co/GDrqU22YpT,dm_escalation,generic_escalation
118061,118061,118060,"Hey guys, I did everything required (twice) to get the achievement for today and I still haven’t gotten it. Help?",@142177 Let's look into that. Send us a DM and we'll go from there. https://t.co/GDrqU22YpT,dm_escalation,generic_escalation
118069,118069,118068,someone tell me why i can’t airdrop videos from my phone to my laptop or why the photos app won’t pop up when i plug my phone into my laptop?! i need to transfer vlog footage 🤬🤬🤬  @115858 pls help me,"@142178 We'd be happy to see how we can help with AirDrop and transferring your videos. To start, can you tell us which iPhone and iOS version you're using? You can find the version by going to Settings &gt; General &gt; About &gt; Version.",troubleshooting,actionable
118069,118064,118062,i am using ios 11.1.2,@142178 Thanks. Do you only experience issues with AirDrop when attempting to share with your MacBook?,information_request,other
118069,118063,118065,"yes, it works with other phones because i airdropped videos to my friends a week ago without issues but for some reason my laptop won’t show up on airdrop on my phone and vice versa","@142178 Have you previously been able to use AirDrop on your MacBook? Also, do you have both Bluetooth and Wi-Fi turned on on your MacBook?",information_request,other
118069,118066,118067,yes i have been able to before but this happens quite a lot and yes i have both turned on on my macbook and they’re connected to the same wifi and everything,@142178 We'd like to take a closer look at your AirDrop and Photos concerns with you. Reach out via DM using the link below. https://t.co/GDrqU22YpT,dm_escalation,generic_escalation
118071,118071,118070,I updated my @115858 MacBook at the wrong time. For some reason I can’t even log into my Mac. I need to grade assignments and study for my final! 🤦🏾‍♂️,@142179 We're here to help and definitely want to make sure you're able to access your Mac and get ready for your final. Meet us in DM. We'll go from there. https://t.co/GDrqU22YpT,dm_escalation,generic_escalation
118073,118073,118072,@118845 ever consider a tougher case to help headphones survive accidents 😭#accident #beats #headphones #sad #broken https://t.co/jvwTkn6SLF,"@142180 Broken Beats are never fun. We’d like to partner with you to see how we can help you enjoy your Beats again. So that we can explore the best options for your region, DM us the country you’re messaging us from. https://t.co/GDrqU22YpT",troubleshooting,guided_escalation
118076,118076,118074,@116333 the new iOS update jacked my phone up. Send me a new one.,@142181 We'd like to know more about what's going on with your iPhone and do everything we can to help. Send us a DM and we'll get started. https://t.co/GDrqU22YpT,dm_escalation,guided_escalation
118076,118075,118077,"Ever since I downloaded the new software, it’s been lagging, so hard.",@142181 Thanks for reaching out. We're here to help. DM us so we can look into this further with you. https://t.co/GDrqU22YpT,dm_escalation,generic_escalation
118080,118080,118079,completed a run today and my Thanksgiving badge hasn’t shown up :( Any advice?,@142182 Let's have a closer look. Please DM us. https://t.co/GDrqU22YpT,dm_escalation,generic_escalation
118084,118084,118083,"@115858 your phones suck now, literally cannot type any sort of long message without the app crashing and my text being deleted.",@142183 We'll do all we can to assist. Is this happening with the native Messages app or with a different texting app?,information_request,other
118084,118082,118081,With my normal iMessage to people in the same town,@142183 Let's look into that further. Send us a DM and we'll go from there. https://t.co/GDrqU22YpT,dm_escalation,generic_escalation
118086,118086,118085,Ima be honest.  This Face ID limited @115858 works 85% of the time.,@142184 We'd love to make sure your awesome new iPhone X's Face ID is working correctly. Face ID does have requirements to work correctly. Check out this link on making sure it's set up correctly: https://t.co/fmYLguPU24,troubleshooting,actionable
118090,118090,118089,my music app keeps crashing since I updated to iOS 11.1.2,@142185 We're glad you reached out. Try these steps with the Music app and let us know how it goes: https://t.co/fUZ0NRJxcn,troubleshooting,actionable
118090,118088,118087,Mate have done all those steps. Its harder when it's the built in Apple music app....ios 11 is a joke,@142185 Were you able to delete and reinstall the app? Let us know in DM and we'll continue there. https://t.co/GDrqU22YpT,troubleshooting,guided_escalation
118094,118092,118091,"@142187 @115858 SpringBoard in iOS 11 has some issue where nothing is visible on lock screen. Even screen to enter PIN is invisible, although functional. Happens constantly.",@142186 We'd like to help. Let's take this to DM and we'll explore ways to provide you assistance. https://t.co/GDrqU22YpT,dm_escalation,generic_escalation
118096,118096,118095,How can I tell if I need a new battery for my iPhone 6S?,@142188 We can assist you with this. Please feel free to DM us. https://t.co/GDrqU22YpT,dm_escalation,generic_escalation
118098,118098,118097,@115858  what’s happening with pages I cannot access my files ?😡,@142189 Hi there. For this we recommend reaching out to an Advisor over the phone. You can contact them here:  https://t.co/IBIY3vMgPj,link_resource,actionable
118100,118100,118099,what’s up with the app? It’s not a WWDC,@142190 Hello. Thanks for reaching out. Can you provide some additional information? Which device are you using and what happens when accessing the Apple Store app? Go ahead and DM us and we'll take a look there. https://t.co/GDrqU22YpT,information_request,guided_escalation
118103,118103,118102,"I have a question, if I were to get a new computer, how would I transfer my songs on iTunes on my old computer to iTunes on my new computer? Asking because I may get a new computer",@142191 Hello there. We'd love to help you with transferring your iTunes library. Please take a look at this: https://t.co/lQg9Mr0sdj,link_resource,actionable
118105,118105,118104,Left my @115858 Watch charger in my hotel room!!! #SoMadWithMyself,"@142192 That's never something we like to hear, but we're glad to help you get a replacement cable. DM us which country you are reaching out to us from, and we'll get you on the right track with a new cable if you're unable to find yours. https://t.co/GDrqU22YpT",troubleshooting,guided_escalation
118108,118108,118106,"Overnight my messages in my iPhones be have changed and are not recognising my contacts?? What’s going on Please advise, this is ridiculous the amount of issues happening!","@142193 Thanks for reaching out. We'd like some additional information to help. Are the messages showing out of chronological order? Also, when you state your contacts aren't recognized are you missing contact information? Let us know the details in a DM and we'll continue. https://t.co/GDrqU22YpT",information_request,guided_escalation
118108,118107,118109,Just wanted to say thank you again for the quick response and help this morning! Amazing!!,"@142193 You're most welcome. Anytime you need assistance, we've got your back.",other,other
118113,118113,118112,I have to be honest. I don’t appreciate all the glitches in my phone to bait me into buying another. It’s NOT happening,@142194 We want to help so you can enjoy the iPhone you currently have. Can you tell us a bit about what is happening?,information_request,other
118113,118111,118110,Well my battery doesn’t last. I have a permanent mophie attached. All my apps crash and take over 30seconds to load consistently,@142194 So we can better assist we'd like to ask a few questions. Do all your apps have this issue or are some more affected than others? Which iOS version are you currently running? DM us and we'll go from there. https://t.co/GDrqU22YpT,information_request,guided_escalation
118117,118117,118116,"@115858 iOS 11 is messed up, now my phone is freezing so much",@142195 We'd like to help you enjoy your iPhone. What iOS 11 version are you on?,information_request,other
118117,118115,118114,IOS 11.1.1,@142195 Let's go ahead and make sure to back up and update to iOS 11.1.2. Let us know if your iPhone still becomes unresponsive like this when it's updated. This article will help with the update: https://t.co/soeXTHWFdK,troubleshooting,actionable
118119,118119,118118,I'm desperate. my grandkid just turned on voiceover with the internet off. I tried rebooting and now it wants my passcode but won't let me enter it. How do I get access to my ipad again.,@142196 We've got your DM and will continue with you there! Be on the lookout for our reply. Thank you!,dm_escalation,generic_escalation
118121,118121,118120,"Today I give thanks for Pages having an autosave function for unsaved documents. Oh, wait, no ... no I don't. (hi, )",@142197 We'd like to help and point you in the right direction to get assistance with Pages. Let us know what happened in DM and we'll continue from there. https://t.co/GDrqU22YpT,dm_escalation,guided_escalation
118128,118128,118127,why can i not update if i have enough storage? @115858 https://t.co/qPS2v9p0Li,"@142198 Thanks for reaching out. We can help you update your iPhone. If you're not able to update over the air, let's see if we can update via iTunes: https://t.co/GfczciMZXW
Let us know how it goes.",troubleshooting,actionable
119450,119450,119449,": New iPhoneX. iOS 11.1.2 update. Phone app literally will not open. Cannot access call history, my voicemail or make a call. WTF","@142502 That's not the experience we want you to have with your new iPhone X and we'd like to help. To start, DM us with the country where you're located. We look forward to working with you to resolve this. https://t.co/GDrqU22YpT",troubleshooting,guided_escalation
119453,119453,119451,Why the hell does Apple provide regular corded earphones with the iPhone 8 when they can’t be used unless I buy a connecter? So annoying!,"@142503 We do want you to be able to use the EarPods that come with your iPhone 8, and we've included the Lightning to 3.5 mm Headphone Jack Adapter. Take a look in the box to be sure you haven't overlooked it.",other,other
119453,119452,119454,"No, there’s nothing!","@142503 Let's continue in DM to work this out with you. Once in DM, tell us some details such as where you purchased your iPhone, and which country your in, and we'll get started. https://t.co/GDrqU22YpT",troubleshooting,guided_escalation
119461,119461,119459,Not surprised 11.1.2 is full of bugs my iPhone 8 crashed twice this week already. Steve would not approve at the loss of “thoughtfulness” and “quality” in your Software coding and QA testing Tim. Apple has fallen VERY far on your watch.,"@142505 We'd like to help get your iPhone to not restart itself. What showed on its screen when it did restart itself?

Have you tried any steps so far?",troubleshooting,actionable
119461,119460,119462,"Pandora was playing, then suddenly the apple logo appeared and Pandora stopped and a few seconds later I had to type in my passcode to unlock the phone. I found all my open apps backgrounded but I had to forground Pandora and it started playing again.","@142505 Are all of your apps up-to-date if you connect to Wi-Fi and check in its App Store &gt; Updates section?

How many times has this occurred?",troubleshooting,actionable
119461,119463,119464,yes,"@142505 How many times has this occurred? Also, which country are you located within?

Please let us know both details in DM here: https://t.co/GDrqU22YpT",troubleshooting,guided_escalation
119461,119465,119466,two times. USA,@142505 We received your DM and will continue with you there.,dm_escalation,generic_escalation
119470,119471,120650,It will not connect to my 2015 Explorer with SYNC.,"@142506 Thanks for reaching out. We know how concerning this can be. Let’s look into this together. Do you have any other Bluetooth devices that we can try to connect to the iPhone? Also, did the iPhone 6 connect to the car? If so, what OS was on the iPhone 6?",troubleshooting,actionable
119470,119470,119469,I didn’t realize that by upgrading from my iPhone 6 to the new iPhone X I was loosing Bluetooth. Any idea when I can return to life as I know it?,@142506 We want to help. The iPhone X does have Bluetooth capabilities. Can you tell us a bit about what is happening when you try to use Bluetooth so we can help?,troubleshooting,actionable
119479,119479,119478,I keep getting this error message for about half the songs I try to play on what do I do? Thanks!,@142507 We'll do all we can to help out. Are these songs that were downloaded to the device for offline play or are they added to your iCloud Music Library for streaming? Has there been any change in the iTunes Store region or are you not currently physically in that region?,information_request,other
119479,119474,119472,Thanks so much for getting back to me so quickly. I was streaming them via WiFi and mobile data. No changes to store or region as far as I know,"@142507 We're trying to find the common thread. Are you able, for example, to play some songs from an album but not all of them? Does this persist after you've rebooted the device?",troubleshooting,actionable
119479,119473,119475,Thanks again. I can play some songs from the album but not certain ones. It’s the same on a few different albums with the same error message. Restarting my phone hasn’t fixed it,"@142507 We want to make sure we don't advise any steps that might result in downloaded songs being deleted. Try going to Settings &gt; [your name] &gt; iCloud and sign out. Then reboot, sign back in and try one of the same songs.",troubleshooting,actionable
119479,119476,119477,Thanks. I’ve done those steps and still not responded the problem,@142507 Are you able to try on a different Wi-Fi network? Let us know in DM. https://t.co/GDrqU22YpT,troubleshooting,guided_escalation
119483,119483,119482,can you tell me why the new updates now make my iphone6s die at 40% battery? Or if charged overnight to 100% it dies as soon as its unlocked,@142508 Battery life is important. We'd be happy to look into this with you. Can you provide us the iOS version you're using? This can be located in Settings &gt; General &gt; About &gt; Version.,troubleshooting,actionable
119483,119481,119480,Thanks for looking into this for me. I’m using iOS version 11.1.2(15B202),@142508  We're here to help. DM us so we can look into this further with you. https://t.co/GDrqU22YpT,dm_escalation,generic_escalation
119488,119488,119487,So is Logic Pro X not supported by macOS High Sierra? ? Is that why the software isn’t working?,"@142509 If you're having trouble with Logic Pro X, we recommend contacting our experts by phone that can help with this. Here's a link to get started: https://t.co/IBIY3vMgPj",link_resource,actionable
119488,119486,119484,I need someone to contact me and assist me personally. I wouldn't want to be waiting for ever and not speak to anyone like last time.,"@142509 The link in our last tweet allows you to arrange a call-back. We can also create that for you if needed, meet us in DM so we can gather the information to proceed if you prefer. https://t.co/GDrqU22YpT",dm_escalation,generic_escalation
119492,119492,119491,"Yes, I’m looking for my playlists. What happened to them? iTunes Apple","@142510 Thanks for reaching out. Do you currently have iCloud Music Library enabled? Also, let us know the iOS you're running on your iPhone and we'll take it from there.",information_request,other
119492,119490,119489,"Thank you, I’m occupied for the holiday, but will try ASAP. HappyThanksgiving",@142510 You are very welcome. Happy Holidays!,other,other
119495,119495,119493,My iPhone 6s control center has started to look like this,@142511 We'd like to help. What version of iOS are you running on this iPhone? Have you restarted the device recently?,troubleshooting,actionable
119495,119494,119496,The iOS version is 11.1.2. I restored the device last week and the its uptime since last shutdown is less than 24 hours,@142511 Thanks. Did you install any new software or updates prior to experiencing this issue?,troubleshooting,actionable
119495,119497,119498,I have not installed any new appliaction. Anyway automatic application updates are enabled so I cannot determine which of the ones that were installed today might be coincident with the exact time frame when the issue appeared.,@142511 Got it. Let's look into this further via DM. Let us know if you're able to access the Control Center preferences via Settings. https://t.co/GDrqU22YpT,troubleshooting,guided_escalation
119495,119499,119501,"Yes, I even tried to add another control and its icon appeared on top of the ones that overlap in the bottom left corner.",@142511 Thanks for that info. Let's go ahead and get to DM so we'll have more room to work and can collect some more information on this. https://t.co/GDrqU22YpT,dm_escalation,generic_escalation
119503,119503,119502,"@115858 Two step verification with phone number I don't have anymore, this is very dangerous as I now have no way of using my phone to contact anyone! HELP!","@142512 We know it's important to be able to access your Apple ID. 
Take a look at this article, under the section, ""What if I don’t have access to a trusted device"" to see what to do if you no longer have you're trusted phone number: https://t.co/RONuUjClwW",link_resource,actionable
119505,119505,119504,Any idea when the AirPower will be released?? Apple,@142513 We appreciate your interest and encourage you to stay up to date on Apple news here: https://t.co/EjP4Lifg56,link_resource,actionable
119509,119509,119508,When your phone vibrates like crazy thinking your loved with messages...nope just a dodgy charger 🤦‍♂️ #iphoneproblems @115858,@142514 Hello there. We don't want you having an issue with charging your iPhone. Can you let us know if this is an Apple manufactured charging cable?,information_request,other
119509,119507,119506,Yeah it’s an Apple manufacture charger cable,@142514 Let us know when this first began in a DM. We'll continue from there to explore options to ensure your iPhone is getting charged like it should be. https://t.co/GDrqU22YpT,dm_escalation,guided_escalation
119512,119512,119510,Hey I'm having trouble with a defective iPhone. It's impossible to pick up signal with this phone. Can you please help me? Thanks!,@142515 We can certainly take a look at this with you. What model iPhone do you have? Are you having these reception issues only while you're in certain areas?,information_request,other
119512,119511,119513,It's a iPhone 6s and i cannot get signal anywhere.,@142515 When did this first start? Which version of the iOS is currently installed?,troubleshooting,actionable
119512,119514,119515,It started in may. 11.1.2,"@142515 Check out the following article and try out the steps it suggestsL: https://t.co/5KootZbxj1

If this does not resolve the issue, let us know via DM which country you are in and who your carrier is, then we can go from there. https://t.co/GDrqU22YpT",troubleshooting,guided_escalation
119518,119518,119517,if you accidentally text a number that you've blocked will that message be received by them?,"@142517 That’s a great question. If you send that number a text, they will receive it but you will not receive any messages from them in response. Here is a link that will tell you more: https://t.co/rYxZGDk3Lz",link_resource,actionable
119522,119522,119520,Why the website doesn’t work?!,@142518 Hi there. Which site are you trying to visit? Have you tried a different browser? Let us know.,troubleshooting,actionable
119524,119524,119523,is the Animal Crossing game on the Mac App Store?,@142519 Hey there! Thanks for asking; we'd love to help with this! Animal Crossing is available for iOS devices running iOS 9 or later. It's not currently available for Mac computers.,acknowledgement,other
119526,119526,119525,"""we're here to provide tips, tricks and helpful information"" ok so can you help me then?",@142520 We know how important your music is and we'll be happy to help out with this missing music. Let's chat over in Direct Message. Let us know what all has gone missing.,dm_escalation,guided_escalation
119529,119529,119528,Thank you for supporting me with Notes,@142521 Our pleasure! Thanks for reaching out. We love a happy ending.,acknowledgement,other
119531,119531,119530,"hi can you please help me? my iphone 7 keeps freezing, it has happened like 5 times today and I have to restart my phone every time that that happens bc my screen doesn’t react","@142522 We’d love to help with the performance of your iPhone. To start, please send us a DM confirming which software version you’re using. You can tap Settings &gt; General &gt; About to locate the software version. https://t.co/GDrqU22YpT",troubleshooting,guided_escalation
119534,119534,119532,Have to say I’m unfortunately falling out of love with my IPhone this draining of the battery since the ISO update is wearing thin bloodyupdate I’m sure updates are supposed to enhance not hinder,@142523 We'll gladly assist. Are you updated all the way to iOS 11.1.2? Which device are you using? Check these tips for maximizing your battery life. https://t.co/bivpdfBNJ6,troubleshooting,actionable
119538,119538,119537,@115858 the Basingstoke store has the most useless and unhelpful bunch of staff I have ever met. Turning me down and refusing to help me with a manufacturing fault of my phone. Expect me to sort out my own phone or fob me off to the network I brought it from.,@142525 We'd like to look further into what's going on with you. Please meet us in DM so we can gather additional details. https://t.co/GDrqU22YpT,dm_escalation,guided_escalation
119540,119540,119539,I got a brand new iPhone yesterday and I’m having the same problems that I had with the old one....@115858,@142526 We'd like to help. What kind of issues are you having? We can provide you with specific troubleshooting steps based on that.,information_request,other
11988,11988,11987,@115858 this glitch is blowing mine. please fix it.,@118357 We're here to help with any issues you may be having. Tell us what's going on to get started.,acknowledgement,other
11992,11992,11989,your latest iOS update had made my phone slower and apps like iMessage are slow to open and load. What’s up with this?,@118358 Hi. We are here to help. What is the specific iOS version that you have?,information_request,other
11992,11990,11993,11.1,@118358 Got it. Let's continue to look further into this in DM: https://t.co/GDrqU22YpT,dm_escalation,generic_escalation
11996,11995,11994,any suggestions???,@118359 We'd like to look at service options with you. Let's take a look at this in DM. https://t.co/GDrqU22YpT,dm_escalation,generic_escalation
12000,12000,11997,what’s up with the letter “i” man? pls fix. i’m annoyed.,@118360 You've come to the right place. May we ask when you started to notice the situation?,information_request,other
12000,11998,12001,a couple of days ago. it’s been happening on a few of my friends’ phones as well.,@118360 Thank you for that info. Is this happening with all the apps or only a select few? https://t.co/GDrqU22YpT,information_request,actionable
12000,12002,12003,It’s happening in all my apps. I’m thinking there’s a problem with the keyboard.,@118360 Thank you for confirming that. Let's discuss this further in DM. https://t.co/GDrqU22YpT,dm_escalation,generic_escalation
12010,12010,12009,@115858 so IOS 11 reduced avg battery life from 240 minutes to 96?? Seriously I would rather have my batter explode and get a new one...,@118362 We'd like to work with you. May we ask what type of iOS device you have? Let us know to get started.,information_request,other
12010,12006,12004,I app. the reply. Iphone 7+. Not finishing for an 8 or an X just fix the SW. I can’t go another week with the 7+,@118362 We're asking which version you're running as we released iOS 11.1 today. It may help address the issues you've been experiencing.,other,other
12010,12005,12007,No it doesn’t address. Nothing even included about battery improvement on the SW release notes from what I can see.,@118362 We want to make sure your iPhone works the way you expect it to. Let's get paired up in DM to get started. https://t.co/GDrqU22YpT,dm_escalation,generic_escalation
12013,12013,12011,Excuse me : when y’all gonna address the fact that some glitch is turning Is into hieroglyphics?!,@118363 We want your predictions to be accurate. Please DM us with the current version of iOS you have. https://t.co/GDrqU22YpT,dm_escalation,guided_escalation
12013,12017,12018,Man I’m having the same problem. Thought EYE was alone. Was just about to accept life without ever using the word “I” anymore.,"@118365 We want to take a look into this with you. DM us your current iOS version, and we’ll start there. https://t.co/GDrqU22YpT",dm_escalation,guided_escalation
12023,12023,12021,@115858 why does my uppercase letter “I️” look so weird. Fix it please,"@118366 We can help! What keyboards do you have added? Is this issue only occurring in messages, or in other applications as well?",information_request,other
12023,12022,12024,"The only keyboard I have is whatever my iPhone came with. It’s occurring in everything: messages, social media, emailing ect.",@118366 We'd like to take a closer look. Send us a DM and we can start there. https://t.co/GDrqU22YpT,dm_escalation,generic_escalation
120620,120620,120618,I can not close apps while on my iphoneX (during an active call),@142816 We'd like to help. This article will explain how to force quit apps on your iPhone: https://t.co/RqqIctrDWV,link_resource,actionable
120620,120619,120621,IPhone X please and during a phone call,"@142816 The article we provided also has the steps to use with your iPhone X. If that doesn't work for you, please let us know what happens when you try those steps.",troubleshooting,actionable
120620,120622,120623,"Sorry, didn’t read it all the way through. I try that, but during an active phone call, they will not close by swiping or from pressing the close button. Nothing happens, sometimes my phone will freeze up temporarily. (No longer than 5 seconds)",@142816 Are the applications on the iPhone X and the iOS all fully updated to the most recent versions? What apps are open when you have an active call?,troubleshooting,actionable
120620,120624,120625,"Fully updated, and I had Facebook, Twitter, Amazon, and YouTube open. Applications/IOS are both updated to most recent",@142816  When you make active calls are you utilizing the Wi-Fi calls feature? Have you attempted to disconnect the Wi-Fi and make a call? This would only be to test if your connection with those apps's internet connection causes any disturbance. Send us a DM. https://t.co/GDrqU22YpT,troubleshooting,guided_escalation
120632,120632,120631,My phone restarted 3 times it was on 50% then 100% & now its stuck on 1% I kept it on the charger for 4 hours & its still 1%,"@142817 We'd like to help out. If you disconnect from the charger does your iPhone immediately power off? Also, when you navigate to Settings &gt; Battery are you seeing a notice about service being needed? Let us know and we'll continue to assist.",troubleshooting,actionable
120632,120628,120626,This is what im getting,"@142817 Thanks for the screenshot. If the charger is disconnected does your iPhone stay powered on? If so, after a normal restart does the percentage remain at 1% or show full as expected?",troubleshooting,actionable
120632,120627,120629,It turned off after i took it off the charger & its still on 1% after its restarted,@142817 OK. Have you tried charging with multiple cables? Let us know in DM. https://t.co/GDrqU22YpT,information_request,guided_escalation
120635,120635,120633,"Message in a bottle to Apple:  My Ibooks have ceased to download- they freeze and then cancel themselves. I have tried everything: googled forums, emailed the pretended help lines- no answer. Is there no hope? What is a fat mortal to do?",@142818 We heard that you might need some help with iBooks. Let's take a look at this together. Send us a DM. https://t.co/GDrqU22YpT,dm_escalation,generic_escalation
120642,120642,120641,"UK user here. Having an absolute NIGHTMARE accessing my iTunes subscriptions. My Netflix account is connected to my Apple ID and I want to cancel/amend it, and it's showing up as totally blank on my iTunes page. PLEASE ADVISE ASAP. Getting very frustrated.","@142820 We can help with this. If you've been unable to cancel your subscription, reach out to our iTunes Store support team using this link: https://t.co/SDIe7UiyJN",link_resource,actionable
120646,120646,120645,my Shake to Undo feature seems to have deactivated itself. What’s going on please? I’m on the latest public release software.,@142821 Thanks for reaching out. We're here to help. DM us so we can look into this further with you. https://t.co/GDrqU22YpT,dm_escalation,generic_escalation
120648,120648,120647,I need to phone support in reference to a serial number for my MacBook right now. Please provide me a number to call.,"@142822 Hi. We are here to help. So that we can provide the best service options, please DM us and we'll help from there. Thanks. https://t.co/GDrqU22YpT",dm_escalation,generic_escalation
120652,120652,120651,"My iTunes won’t open. I keep getting this login box popping up, and every time I enter my details correctly, it just pops straight back up? Now my MacBook Pro won’t shut down and there is no option to force quit iTunes?",@142824 We'd be happy to help out. DM us more details about your Mac and we'll take it from there. https://t.co/GDrqU22YpT,dm_escalation,guided_escalation
120654,120654,120653,downloaded 11.1.2 yesterday. Major keyboard issues! Letters unresponsive with first and even second tap! Poor autocorrect and super sensitive press touch on keyboard as well.,@142825 Thanks for reaching out. We're here to help. DM us so we can look into this further with you. https://t.co/GDrqU22YpT,dm_escalation,generic_escalation
120658,120658,120655,@116333  don't just earn money by selling high price mobiles. Battery backup is very worst for iPhone X. For INR 102000 worth mobile doesn't even give half a day battery. Are you kidding me ? Just return my money back. 15000 worth mobile gives better battery backup,@142826 We'd like to help with your battery life. Send us a DM with more details and we'll go from there. https://t.co/GDrqU22YpT,dm_escalation,guided_escalation
120658,120659,120660,Hello don't you have time to respond ? Worst battery is bugging me daily. Just return my money and take back your pathetic device. 102000 lakh INR and worst battery. Are you kidding me ?,@142826 We understand how important good battery life can be. We'd like to help. Please meet us in DM and we'll take a further look at this with you. https://t.co/GDrqU22YpT,dm_escalation,guided_escalation
120658,120662,120663,I have already sent DM long back and followed each and everything they mentioned in article but still same issue. You need to fix it through software update,@142826 We'd love to see what we can do to help out.  Please meet us in DM and we'll work together on this: https://t.co/GDrqU22YpT,dm_escalation,guided_escalation
120669,120669,120667,Can we please stop this shite where clicking the WiFi button in the control centre doesn’t turn it off? Let me choose when I want it to come back!,"@142828 Thanks for reaching out to us for support. The way that works in Control Center has changed. Read more here, and DM if you need more help:

https://t.co/vzVz37YMv0 https://t.co/GDrqU22YpT",dm_escalation,generic_escalation
120672,120672,120670,Anyone else's media keys stopped working since updating to #HighSierra? @115858 pls,"@142829 We'll gladly assist here. Start by doing safe mode as outlined here. https://t.co/PQ4LSYhUTY This will clear some cache files and give us a good foundation. After doing safe mode, reboot normally and test.",troubleshooting,actionable
120672,120671,120673,Well if that don't beat all. Much obliged. A+ customer service.,"@142829 Happy we could help. If there's anything you need in the future, reach out. Take Care.",other,other
120676,120676,120675,My phone’s battery is dying all thanks to the recent iOS 11 update! It drains out even when I keep my WiFi switched off!!!!,@142830 Thanks for reaching out to us for support. We would love to help you. Please DM us so that we can look into this together. https://t.co/GDrqU22YpT,dm_escalation,generic_escalation
120678,120678,120677,QUÉ HAGO PARA RECUPERAR ESTA NOTA DE VOZ???,@142831 We offer support via Twitter in English. Get help in Spanish here: https://t.co/IBIY3vMgPj or join https://t.co/OczyRx7IOs,link_resource,actionable
120681,120681,120680,"And of course my Apple Watch had to screw up on Strava again. I don’t know if it was Strava or Apple Watch’s fault but it needs to be fixed. And no it wasn’t user error, I did the same thing I usually do work this out please",@142832 Thanks for reaching out. We want to help look into this. What kind of issues are you having with your Apple Watch? DM us and let us know: https://t.co/GDrqU22YpT,information_request,guided_escalation
120683,120683,120682,"My Apple Watch is still not connecting to Wi-Fi. Did everything: forgetting & reconnecting iPhone Wi-Fi, shutting-off devices & Bluetooth, repairing... Wi-Fi network is 2,4Ghz and 11b/g/n. Called French . They were so lost I decided to get another coffee . Help?","@142833 We're happy to help. Just to make sure we understand, after trying all these steps, your Apple Watch still won't connect to Wi-Fi at all? What iPhone and iOS version do you have? DM us so we can gather additional information to assist you. https://t.co/GDrqU22YpT",troubleshooting,guided_escalation
120685,120685,120684,you guys have racists working for you in NC you should maybe talk to dave nelson from summerfield.,@142834 Thanks for reaching out. DM us more info about your experience and we'll get you to the right spot. https://t.co/GDrqU22YpT,dm_escalation,generic_escalation
121507,121507,121505,This is really annoying please fix it iMovie applesupport,@143050 We know how important it is to be able to export your projects and we'd like to help point you in the right direction for support. Please contact our team of specialists for iMovie through the following link: https://t.co/IBIY3vMgPj,link_resource,actionable
121507,121506,121508,"I contacted you guys and no one can help me. Just fix the app, update it.","@143050 Since this particular issue is not handled over Twitter, we'd recommend to continue and work with the iMovie team who are best suited to look into this with you: https://t.co/IBIY3vMgPj",link_resource,actionable
121511,121510,121509,"To usando a 47 minutos e já tá 80%, vai se foder","@143051 Since our Twitter support is available in English, get help at https://t.co/IBIY3vMgPj or join https://t.co/pvaOFfPbjt",link_resource,actionable
121514,121514,121512,Sorry I've had enough! Been trying to get my Mac to produce a very simple movie using iMovie... keeps crashing. Helpdesk suggested I update to High Sierra... did so and it took over an hour. Same problem but now my machine seems unstable! Game over! YouSuck,"@143052 We know how important it is for your Mac to work as expected and we'd like to help. To start, please DM us with details about what's happening and the model of Mac you're using. https://t.co/GDrqU22YpT",dm_escalation,guided_escalation
121514,121513,121515,No no no... to add insult to injury. Your new and improved Sierra has just monumentally screwed up my portable harddrive!!!! I am livid with Apple right now!!!! This machine is going to the bin!!!!!!!!!,"@143052  We know how important it is for your Mac to work as expected and we'd like to help. To start, please DM us with details about what's happening and the model of Mac you're using. https://t.co/GDrqU22YpT",dm_escalation,guided_escalation
121518,121518,121517,"Dear I used to have an IPhone, but after IOS 11 update now I have a SlowPhone wont help much",@143053 Thanks for reaching out to us. We'd like to help you and look into this slowness issue further. Please DM us to continue working on this. https://t.co/GDrqU22YpT,dm_escalation,generic_escalation
121526,121526,121525,Anyone else's phone possessed by demons after the most recent IOS update? My phone will call/text/facetime/open apps/fav tweets and react to texts without me even touching the screen! help me out!,@143054 That's definitely not an expected behavior. We want to take a look at this issue with you. Does the issue continue even after you restarted your device? How to restart: https://t.co/OWRDHWSt4h,troubleshooting,actionable
121526,121524,121523,Yup!,"@143054 How often would you say this issue occurs throughout the day? Do you notice any pattern? For example, do you find this issue happening when you open up a certain app or do something specific on your device?",information_request,other
121526,121521,121519,"It happens spontaneously at times, but without fail happens every morning for at least 2-3 hours.","@143054 Thanks for letting us know. Is there a protective case or screen protector on your iPhone at this time? Also, this is occurring on iOS 11.1.2, correct?",information_request,other
121526,121520,121522,"yup, I have a glass screen protector and a protective case on my phone. and yes, this is with iOS 11.1.2.",@143054 Good to know. Please send us a DM to continue looking into this. https://t.co/GDrqU22YpT,dm_escalation,generic_escalation
121531,121531,121530,My laptop’s doing this again,@143056 We want to help. Let's continue in DM. https://t.co/GDrqU22YpT,dm_escalation,generic_escalation
121531,121529,121528,Message sent,@143056 We got your DM. We will meet with you there.,dm_escalation,generic_escalation
121538,121538,121537,my wifi keeps disconnecting I have on iPhone 7 and I’m also running the latest Software ios 11.1.2 help,@143058 Let's look into that. Send us a DM and we'll go from there. https://t.co/GDrqU22YpT,dm_escalation,generic_escalation
121541,121541,121539,if I sell an apple product can the AppleCare+ be passed over to the buyer?,@143059 This article may help: https://t.co/8CjEPFkTCs You can reach out with questions here: https://t.co/IBIY3vMgPj,link_resource,actionable
121544,121544,121542,"I upgraded to iPhone8 from 6s, and am wondering if I could find out how many old (6s) backups I still have on iCloud. Are backups identified by device?","@143060 We’d be happy to help with iCloud. You’ll be able to see a list of your backups by device if you tap Settings &gt; [name] &gt; iCloud &gt; Manage Storage &gt; Backup. Let us know if you have any additional questions, and we'll be happy to help further.",troubleshooting,actionable
121544,121543,121545,"Looking at the list of apps, I saw many which are useful (ie they tell me when a bus or subway will arrive), but have no apparent reason to be backed up. What do I lose by turning them off from being backed up?","@143060 If those are apps that pull info in real time, you've not a lot to lose by not backing them up. But you'll not gain a lot of space by doing so either.",other,other
121547,121547,121546,Hey any chance my iPhone X will ever leave Asia? Has gone back and forth between China and Korea three times now.,"@143061 For assistance with your iPhone X order, we want to help get you in touch with our Apple Online Store group here: https://t.co/8yjRd1Xo0i",link_resource,actionable
121549,121549,121548,30 minutos y no abre la pagina!,@143062 We offer support via Twitter in English. Get help in Spanish here: https://t.co/IBIY3vMgPj or join https://t.co/OczyRx7IOs https://t.co/GDrqU22YpT,link_resource,actionable
121552,121552,121550,"Estoy teniendo demasiados problemas con la nueva actualización del iOS 11.1.2 de , es extremadamente mala esta actualización necesito solución",@143063 Thanks for reaching out. We offer support via Twitter in English. Get help in Spanish here: https://t.co/IBIY3vMgPj or join: https://t.co/OczyRx7IOs,link_resource,actionable
121552,121551,121553,"I’m having trouble with the new iOS update (11.1.2), my apps do not start well since I upgraded my iOS, i need to restart my phone all the time. I need a solution soon. Thanks.","@143063 Thanks for letting us know, we're happy to help. Do you notice this occurs more often with a specific app or any? Also, are you showing any updates of the app in the App Store? Let us know and we'll continue to assist.",troubleshooting,actionable
121552,121554,121555,It happens with any app and all my apps are updated til now.,"@143063 Got it, thanks. Did any of these issues begin before the iOS 11.1.2 update? If so, let us know when it started and the last iOS installed before updating.",troubleshooting,actionable
121552,121556,121557,"The last iOS before 11.1.2 was 11.1.1, and the problem started after the update 11.1.2 :(",@143063 Thanks for the details. Send us a DM using the link below and we'll continue to assist. https://t.co/GDrqU22YpT,dm_escalation,guided_escalation
121561,121561,121560,I bought one of those chargers that are like 2 ft long a couple months ago and the cable is already ruined,@143064 Thanks for reaching out. Is there any damage present to the cable? We'd like to know more to take a look at your option. Let us know and confirm your country in a DM and we'll continue. https://t.co/GDrqU22YpT,troubleshooting,guided_escalation
121563,121563,121562,"hi, could you explain what’s happening to my ipad? and how do i fix this issue? thankyou.",@143065 Hi there. You've come to the right place for help. DM us which country you're located in and we'll look into some options for you. https://t.co/GDrqU22YpT,troubleshooting,guided_escalation
121565,121565,121564,"Hey I found a glitch with the control center, can you help me with that? iOS 11.1.1",@143066 We'd be happy to look into this for you. Meet up with us in DM and let us know what's going on. https://t.co/GDrqU22YpT,dm_escalation,guided_escalation
121567,121567,121566,Beyoncé’s posts make my phone freeze. Fix it @115858,"@143067 We'd like to help, but we'll need more details to better understand what's happening. Please provide us more details in DM here: https://t.co/GDrqU22YpT",dm_escalation,guided_escalation
121569,121569,121568,Okay @115858. First it was the stupid A symbol everytime I type “I”. Now it’s this for “ I.T “ .... WTF IS I.T ???????????? U ABOUT TO MAKE ME SWITCH TO @122609 WITH THESE DUMBASS GLITCHES,@143068 We want to help with the text prediction issue you're experiencing. Reach out via DM using the link below and let us know what version of iOS you're using. You can check by tapping Settings &gt; General &gt; About. https://t.co/GDrqU22YpT,troubleshooting,guided_escalation
121571,121571,121570,please why does my phone ask for my Apple ID almost every time I want to open an app and then crash,@143069 Let's look into that. Send us a DM and we'll go from there. https://t.co/GDrqU22YpT,dm_escalation,generic_escalation
122300,122300,122299,I high key think that @115858 somehow bricked every iPhone 6 in my house? 2 iPhone 6s left over cause I upgraded. Were working totally fine. Now they won’t turn on? Won’t even work with a hard restart? Gonna tell me that 2 phones just went died.....seems unlikely,@143270 We'd be happy to look into this with you. If you connect to iTunes on a computer do the devices show up?,information_request,other
122300,122295,122293,Nope. Neither of them do. Which is crazy. I upgraded my phone(so did my girlfriend)and both our old iPhone 6 models have been stored away. Went to give one to a relative who broke their phone and NEITHER of them even turn on. How is that possible?,"@143270 How long have both devices been connected to a power source? Are you using the original Apple-branded wall adapter and Lightning to USB cable? If so, do you see anything on the displays?",information_request,other
122300,122294,122296,Have both been on now for 30 mins. And totally black screens. Both are original Apple cords. This can’t be a coincidence.,"@143270 You are right, it does seem like something went wrong during the last update that was installed. This is something we can help you fix though. Does iTunes recognize either iPhone while in recovery mode? Learn how to use recovery mode: https://t.co/iYLZzFD8qZ",troubleshooting,actionable
122300,122297,122298,They won’t enter recovery mode. This is really upsetting. How can you guys make products that do this?,"@143270 This isn’t expected behavior, but we’ll work through fixing this together. DM us and let us know what country you live in next. https://t.co/GDrqU22YpT",troubleshooting,guided_escalation
122303,122303,122301,", I completed a 3.7 mile walk workout today but didn’t get my Thanksgiving achievement.","@143271 Congrats on completing the activity! We have an article that addresses Activity Badges, https://t.co/xwf6lrIgzJ

Keep in mind, if you complete an achievement, but don't earn the award.
You will earn the award within 9 days of completing the Activity Challenge.",link_resource,actionable
122311,122311,122310,"Just noticed, my iTunes backup size grew from 10GB to 50GB while iCloud backup is still 6GB with my new phone. Does iTunes save photos from the phone in high resolution even with iCloud Photo Library enabled? Here it says it doesn’t.","@143272 No it doesn't, that article is correct.   Have you tried recreating the backup to see if the issue persists?",troubleshooting,actionable
122311,122309,122308,"I never understood the size of my old backup, but thinking about it it might have grown buy several gigs after I activated iCloud Photo Library This was the first after migrating phones. I can delete and re-create it, but I guess it will remain the same.",@143272 That's what we want to check.,troubleshooting,actionable
122311,122307,122306,Have to do that later!,@143272 We’re available every day from 5am-8pm Pacific. Reach out when you're able to check and we'll take it from there.,troubleshooting,actionable
122311,122305,122304,"So, no change. I deleted the backup, even rebooted, backup is once again ~50GB. Is there anything we can do to analyze this further? Open a ticket? Provide debug data/logs?","@143272 Thanks for verifying that. From here, let's move to DM. Send us a message with the country you're located in, and we'll follow up there. https://t.co/GDrqU22YpT",troubleshooting,guided_escalation
122314,122314,122312,"Hi, i have iPhone 8 plus and its version is 11.1.2 but my problem is I can't use 3G with calling , when i want to call it's 2G",@143273 We're happy to help as much as we can. What country are you located in? Let us know in DM. https://t.co/GDrqU22YpT,troubleshooting,guided_escalation
122316,122316,122315,@115858 why has my low power mode settings disappeared 🧐🤔help!... https://t.co/8Lg6UqkBl3,@143274 Let's look into this further with you. Have you tried restarting the Settings app or your iOS device?,troubleshooting,actionable
122318,122318,122317,why isn’t my low power mode working help?!...,@143274 Thanks for reaching out. We're here to help. DM us so we can look into this further with you. https://t.co/GDrqU22YpT,dm_escalation,generic_escalation
122320,122320,122319,I got a message that said my account was locked. I just want to be sure it was sent from Apple.,@143275 Let's look into that. Send us a DM and we'll go from there. https://t.co/GDrqU22YpT,dm_escalation,generic_escalation
122324,122324,122323,"pls help,my ip7+ freeze all the time after update ios 11.1.2 & the camera is also got blurry,also couldnt open my photo gallery.what happen?","@143276 We're happy to help with these issues. What happens when you attempt to open the photo gallery currently? Also, let's see if we can resolve that camera issue with the steps outlined here: https://t.co/r1DRfaFLIU",information_request,actionable
122324,122322,122321,"Thx,everything is working well now after i update once more through itunes & a strong wifi.",@143276 We're glad to hear this. Let us know if we can help in the future.,acknowledgement,other
122327,122326,122325,@143278 The fingerprint has never worked for me either! C’mon @115858 Fix it!...,"@143277 Hey, let's meet up to discuss any issues you're having with your Apple products today. Here's a link to discuss this in DM: https://t.co/GDrqU22YpT",dm_escalation,guided_escalation
122329,122329,122328,"after upgrading to the latest iOS 11.1.2 on my iPad, going back the home screen by finger swiping up isn’t working and screen tilting orientation change isn’t yet sensitive as before in release 10. Work a little bit please apple ios ipad",@143279 Let's look into that. Send us a DM and we'll go from there. https://t.co/GDrqU22YpT,dm_escalation,generic_escalation
122331,122331,122330,"iOS 11.1.2 on iPhone6: battery still drains suddenly (40% to 9% in 5 mins), even the low power mode warning is skipped and it switches off. Was fine with 11.0.x. Are you aware of this?",@143280 We'd like to take closer look. Please join us in DM. https://t.co/GDrqU22YpT,dm_escalation,generic_escalation
122333,122333,122332,what’s up with this stupid symbol? Why do i even have It?!?!?!?,@143281 Hello. Please check these tips for your next steps: https://t.co/xXaXeeSRt9 Questions? Let us know. We're here for you. https://t.co/GDrqU22YpT,troubleshooting,actionable
122335,122335,122334,"love my iphone but legit about to fxckn switch phones! update after update and my phone keeps getting more and more crappy! get it together @115858 people pay a lot of money, this should not be happening smfh",@143282 We want you to enjoy updating your devices. Let's look into this together. DM us and we'll continue with you there. https://t.co/GDrqU22YpT,dm_escalation,guided_escalation
122337,122337,122336,dear my devices and computer get slower and slower with every update. might want to look into that. not to be rude,@143283 Hi. We're here to help you. DM us and we can look into your issues there. https://t.co/GDrqU22YpT,dm_escalation,generic_escalation
122339,122339,122338,wondering why tf there’s a green line on my new iphoneX screen ?,@143284 Help is on the way. When did you first notice that? Send us a DM to get started. https://t.co/GDrqU22YpT,information_request,guided_escalation
122341,122341,122340,I’m having trouble accessing your website to purchase something. Any chance you know when it’ll be available again?,@143285 We're happy to help. What happens when you try to make a purchase? Are you getting an error message?,troubleshooting,actionable
122344,125809,125806,No es mala.,"@143286 Great! We're glad to see you were able to locate the issue. Let us know if you have any other questions, we'd be happy to help. Have a great rest of your evening!",acknowledgement,other
122344,122344,122342,Hi I’m having an issue with the dictation on my Apple Watch as suddenly tooked the EN voice recognition instead of the ES I have configured on the phone and on the app on the phone I’m trying to use. Any idea?,@143286 We'd love to help. Have you made any recent changes to the language on your iPhone? Take a look under Change the language: https://t.co/TOw4vY9ih3,information_request,actionable
122347,122347,122346,Pretty sad that for some reason I did not get my 5k achievement when I clearly completed my run. AppleWatch Apple activity TurkeyTrot 5k AppleSupport AppleNews AppleEvent,@143287 Congratulations on completing the 5K! Achievement badges are awarded within 9 days of completing the Activity Challenge. This article explains more: https://t.co/xwf6lrIgzJ,link_resource,actionable
122349,122349,122348,Hi I have some problems with my iPhone X order and shipping Can u help me?,@143289 Hello. We look forward to you enjoying your new iPhone X. Our Apple Online Store team can check into this for you. Please reach out to them directly here:  https://t.co/8yjRd1Xo0i,troubleshooting,actionable
123056,123056,123055,what is this?,"@143481  Hello. Thanks for connecting with us here. That did not come from us. We'd suggest deleting that text and not clicking any link. There's more information here:

https://t.co/LNMCdqt6fD https://t.co/GDrqU22YpT",link_resource,actionable
123061,123060,123059,I have the same problem. Would be interested in hearing about the solution.,@143482 We want to be sure you get the most out of your iPhone's performance. We're happy to help you. Which iOS are you running currently? You can go to Settings &gt; General &gt; About to locate the version.,troubleshooting,actionable
123061,123058,123057,Version 11.1.2,"@143482 Thanks for confirming that. Next, send us a DM and we'll take a closer look into this. https://t.co/GDrqU22YpT",dm_escalation,generic_escalation
123064,123064,123063,all my photos and videos from all my concerts got deleted off icloud drive but the pictures of me and someone i don’t associate myself w anymore are still on there fix this b,"@143484 We know how important it is to have your photos and videos and we're happy to do everything we can to help. To start, please DM us with the country where you're located and the device model you're using. https://t.co/GDrqU22YpT",troubleshooting,guided_escalation
123070,123070,123069,@115858 I am so tired of this update Siri sounds deaf and doesn’t even work my keyboard is broken apps keep cashing my texts come later than should the phone won’t connect to WiFi when everyone else can my camera is slow to load I get notifications for things that don’t exist HELP,"@143485 You've come to the right place, we want to help with this. What device are you currently using, and which version of iOS?",information_request,other
123070,123066,123065,"Also I’ll get notifications for old, read texts, and not for newer ones.",@143485 Wounds like we've got a few things happening. We'll be happy to do all we can to help get this sorted out. Next step would be to update fully to iOS 11.1.2 which I the most current version. This guide will offer assistance if you need is: https://t.co/80YRnjDFDk,troubleshooting,actionable
123072,123072,123071,@118721 why does all my music from download cards from the records I️ buy disappear from my iTunes after a couple months!?  @6964 swan city vultures @143487 southeastern @6965 ultra mega ok...gone.  That’s some #shadymoneygrubbingbullshit @115858.,"@143486 We're not exactly sure what's happening, but we'd like to help get your music to stay put on your iPhone. Please DM us more details about what you mean by 'download cards' here: https://t.co/GDrqU22YpT",dm_escalation,guided_escalation
123075,123075,123073,Worked fine 2 houers ago,@143488 We've received your DM and will continue with you there.,dm_escalation,generic_escalation
123082,123082,123080,"the latest iOS update is making it that when we FaceTime, both ends have stretched videos.. makes u look like a cone head. Any suggestions on what we should try, or do we have to wait for another bug fix from u guys ? MoreIOSissues help",@143489 We'd like to look into this FaceTime issue with you. Is this happening with multiple contacts? Does restarting your iPhone or switching cameras during FaceTime have any impact on the issue?,troubleshooting,actionable
123082,123079,123078,"Restarting the phone does not work. When my wife and I FaceTime and hit the home button for something, that’s when it triggers the problem. I asked her to hit the home button on her end so when she came back to FaceTime, it triggered it on her end as well","@143489 Got it, thanks! Recently we did release an update to iOS 11.1.2 that may help with this issue. Be sure to back up your device prior to updating, and let us know if the issue persists afterwards. How to back up: https://t.co/4f8hwT5to6",troubleshooting,actionable
123082,123077,123076,Did the latest update. Problem continues when I FaceTime my wife. She has the same issues on her end as well. Both phones were already restarted and it didn’t fix the problem,"@143489 Thanks so much for reaching back out! So we can look closer into this with you, reach out to us in DM using the link below and we'll continue from there. https://t.co/GDrqU22YpT",dm_escalation,generic_escalation
123090,123090,123089,Is there something I need to do to get my mail on Mac (High Sierra) to synch with mail on iPad Pro/iPhone running latest 11 software?,@143490 Hi. We'd be happy to help. Do you have the same email accounts set up on all your devices?,information_request,other
123090,123085,123083,"Yes. The same email accounts are on my Mac, iPad, and 6S Plus",@143490 Your mail should sync automatically. Are you experiencing anything different with your devices?,information_request,other
123090,123084,123086,Yes. IPhone /6S Plus syncs the same. I deleted quite a few emails from the MacBook Pro (approx 150) but no change on the 6S+/iPad,"@143490 Is it one particular email account, or is it happening with multiple email accounts?",information_request,other
123090,123087,123088,Yahoo,@143490 Let's meet up in DM and continue the conversation. https://t.co/GDrqU22YpT,dm_escalation,generic_escalation
123099,123099,123098,I got a new iPhone X and did a restore of backup from previous iPhone. Text replacements did not come with the restore and have not synced to new iPhone X. Is there a way get them to sync? (I have them on iPad and iMac),@143491 Congratulations on your new iPhone X! We'd be happy to help. Did you restore using iCloud or iTunes? Are you signed in with the same Apple ID on all devices?,information_request,other
123099,123097,123096,Same Apple ID,"@143491 Are both the iPad and iMac running the most current updates? For the iPad, we've released iOS 11.1.2 and the iMac should be running 10.13.1 to be up-to-date. Do you also have the same iCloud accounts on these devices?",troubleshooting,actionable
123099,123095,123094,iPad is on 11.0.2 and iMac is 10.12.6. Same iCloud account on all devices,"@143491 Let's update your iPad to the latest version of iOS: https://t.co/80YRnjDFDk If the issue persists after updating, send us a DM and we will continue working with you. https://t.co/GDrqU22YpT",troubleshooting,guided_escalation
123099,123092,123091,Text replacements on new iPhone X still not there after updating iPhone X and iPad Pro to 11.1.2. I think I will bring both to Apple Store geniuses.,@143491 Meet us in DM if you'd like further assistance exploring support options for this: https://t.co/GDrqU22YpT,dm_escalation,generic_escalation
123101,123101,123100,any reason why debit card is being declined after being asked to update when updating apps. Via that path it declines. Via logging in to account proper via website it returns ‘unknown error’. I do have a newly issued card but works everywhere else.,@143492 That is going to be a great question for our iTunes Store support team. Reach them here. https://t.co/SDIe7UiyJN,link_resource,actionable
123104,123104,123102,How do I fix the “I” shit on my phone?,@143493 We would be happy to look into this with you. Can you DM us a screenshot of your Settings &gt; General &gt; About section please? https://t.co/GDrqU22YpT,troubleshooting,guided_escalation
123107,123106,123105,I mean restart. Power and home button aren’t working.,"@143494 Let's see if we can help with this. Check out our article https://t.co/o7nB3pXfMv for steps to take on an iPhone 8 when it won't respond, let us know if that helps.",troubleshooting,actionable
123109,123109,123108,Ok I’m sick of this “I” situation FIX IT! NOW,@143495 We want to help you with this issue. Which iOS version is your device currently running? We want to make sure that you're running the latest version. You can check this through Settings &gt; General &gt; About.,troubleshooting,actionable
123112,123112,123110,Hey my Apple Music won’t let me add songs anymore that are out. Wassup with that?? Hit up my messages plz,"@143496 Thanks for reaching out to us today! We know how important your music is, so we'd be happy to look into what's going on. To start, can you let us know which device and software version you're experiencing this issues on?",information_request,other
123112,123111,123113,6s 11.1.2,"@143496 Got it, thanks! Going forward, how are you trying to add songs to your iPhone? Also, what happens when you try to add a song, do you get a particular error message?",troubleshooting,actionable
123116,123116,123115,the wall plug thingy I purchased from you a few months ago is broken (the divider piece inside the slot). Do you fix/replace?,@143497 We'd love to help. Reach us via DM to check your service options. https://t.co/GDrqU22YpT,troubleshooting,generic_escalation
123119,123119,123121,"Spent almost two hours on a chat with you guys, got transferred and a “Senior advisor” ended the chat on me after one message lol what a joke nothing resolved",@143498 Thanks for reaching out. Have you been reconnected as of yet? Let us know in a DM and we'll continue. https://t.co/GDrqU22YpT,information_request,guided_escalation
123119,123118,123117,@AppleSupport  https://t.co/eoyB4bDXPM,@143498 We want to ensure you get reconnected. When you're ready send us a Direct Message and we'll take it from there. https://t.co/GDrqU22YpT,dm_escalation,guided_escalation
123124,123124,123122,Hey @123765 and @115858 why is Twitter app unusable on iOS without losing my podcast/music I’m alreaDy listening to? This only started today and it’s way annoying.,"@143499 We'd like to know more to assist. Which iOS are you currently using? Also, we'd like to clarify do your podcasts and music stop playback when opening the Twitter app? Let us know the details and we'll continue.",information_request,other
123124,123123,123125,"Stops as soon as I scroll over a video (not clicking it, video has no sound playing but is auto playing) However, tapping a video to full screen followed by closing it appears to have fixed the issue for now. A stray “video start” event?",@143499 Understood. Which iOS version is your device running? Let us know in DM and we'll go from there. https://t.co/GDrqU22YpT,information_request,guided_escalation
123685,123685,123684,"I use 2 iphone's 7+ as my phone & a 6+ as backup as a Photographer.As a rule I NEVER update my IOS Never,last night put my 6+ on charge and it updated on its own,now I cant use it anymore as soon as I press the home button it goes to a white screen & back here again",@143653 We understand the importance of having your iPhone 6 Plus as a backup for taking photos. Send us a DM and we'll work together towards a solution! https://t.co/GDrqU22YpT,troubleshooting,generic_escalation
123688,123688,123686,Can I really not just use a song on my phone as a ringtone?,@143654 Here's the best information available for ringtones. https://t.co/Pm4DavkQln,link_resource,actionable
123693,123693,123691,?,"@143655 Hi there. Let's check your Message settings. Do you have SMS and MMS enabled, as shown here? https://t.co/zdkcAVkpSV",troubleshooting,actionable
123693,123692,123694,Yes I have both SMS and MMS enabled. There are people in the group message who are not saved in my contacts but normally I still get their replies but today I am only getting replies from ppl in the group who are in my contact list,"@143655 Thanks for checking. Let's turn off MMS, restart the phone, and turn it back on. Let us know if that resolves the issue.",troubleshooting,actionable
123700,123700,123699,my Apple Music isn’t working every time I try to open the app it turns to a black screen,@143656 Thanks for bringing this to our attention. Have you tried restarting your iPhone to see if the issue continues?,troubleshooting,actionable
123700,123698,123696,Yeah I restarted it and it still won’t open just a black screen,"@143656 Got it. Next, send us a DM and we'll take a closer look into this. https://t.co/GDrqU22YpT",dm_escalation,generic_escalation
123702,123702,123701,1 semaine et mon iPhone tombe vraiment en ruine... il ne vibre pas et ne sonne pas. Merci de faire des mises à jours pour l’iPhone X mais occupez vous des autres aussi,@143657 We offer support via Twitter in English. Contact us for help in your preferred language here: https://t.co/IBIY3vMgPj,link_resource,actionable
123707,123705,123703,"""accessory not supported"" it's not enough that I spent $800 on your product? @115858 @124871 #noiphonex for me #dontupgrade",@143658 We want to assist with this issue. What device is this occurring on? Does this error message appear when you use the lightning cable that came with your iPhone?,information_request,other
123707,123704,123706,The cable that came with my iPhone is damaged so I had to buy one at a store. It happens on my iPhone 6s,@143658 Thanks for reaching out to us for support. We would love to help you. Please DM us so that we can look into this together. https://t.co/GDrqU22YpT,dm_escalation,generic_escalation
123709,123709,123708,Apple really screwed up with this update. The problem when you put I. My phones constantly freezing and crashing shit sucks.,"@143659 Great news! An update has been released to address auto correct issues, and provide stability and performance improvements. If you haven’t yet, please back up your device and update it to iOS 11.1.2. For more info, check out: https://t.co/4f8hwT5to6",troubleshooting,actionable
123713,123711,123710,Same here so many issues I was much happy with my android,@143660 Hello. Let's talk. We want your iPhone to respond quickly and be ready when you need it. Please DM us and share a few details about what you're experiencing. We'll get to work on this. Tap here to continue: https://t.co/GDrqU22YpT,dm_escalation,guided_escalation
123716,123716,123715,@115858 please fix the i️ bs pls,@143662 We'd like to help any way we can. What's your device model and the exact OS version installed? Please let us know both details in DM: https://t.co/GDrqU22YpT,troubleshooting,guided_escalation
123718,123718,123717,i bought a song from Little Mix new album but when I go to my library is not even there like I didn’t buy it ?? And also on iTunes is said that I bought a song. what do i do to get the song i paid for? Or at least give me my money back,"@143663 We can help. Check out the section ""Redownload a song, album, or music video"" here: https://t.co/I39AyMJNgb

Let us know if the song appears there. https://t.co/GDrqU22YpT",troubleshooting,actionable
123723,123723,123722,hey! how can I update my iphone using cellular data?,@143664 That's a great question! You can only update your iPhone using Wi-Fi or by using iTunes on a computer. This article explains more: https://t.co/ahjigcvFRG,troubleshooting,actionable
123723,123721,123719,Thanks!!!,"@143664 You’re welcome! If you have any other questions, let us know. We’re available every day from 5 a.m. to 8 p.m. Pacific time.",other,other
123725,123725,123724,Wow. I am not about to keep playing with @115858. Run me my new phone🗣 cuz y'all still won't let me update after I tried all the troubleshooting steps yall sent me.,@143623 Can you please let us know via DM what happens when you try the update in iTunes? Any screenshots you may have would be a huge help. Thank you. https://t.co/GDrqU22YpT,troubleshooting,guided_escalation
123728,123728,123726,"if i buy the WiFi only iPad, can i later add the cellular package to it?",@143665 The Wi-Fi only models do not have the capability to run cellular. You would need to buy a cellular version to have the option to activate later.,other,other
123730,123730,123729,I have a loving/hate relationship with my iphone 7. It’s not even 1 year old and the fucking battery sucks. I love iphones but i hate their battery jfc do something @115858,@143666 Thanks for reaching out to us for support. We would love to help you. Please DM us so that we can look into this together. https://t.co/GDrqU22YpT,dm_escalation,generic_escalation
124410,124410,124409,Why the HELL does my MacBook NEVER connect to my good ass internet please help me @115858,"@143863 It's essential for your Mac to work as you expect, and we'll do all we can to help out. Would you mind letting us know the OS version installed on your Mac? From the Apple menu (), choose About This Mac. The version number appears beneath “macOS” or “OS X.”",troubleshooting,actionable
124410,124405,124403,Version 10.12.5,@143863 Are you having an issue connecting to one specific network or to any Wi-Fi network? Are you getting any kind of error message?,information_request,other
124410,124404,124406,"I don't have access to another network, this is the message. This network works perfectly fine on every other device connected to it","@143863 Try a couple of things. 1) Reboot your router. Yes, there may be other devices that are not having issues, but restarting the router can solve a lot. 2) Settings &gt; Wi-Fi tap the Info symbol for the network &amp; then Forget This Network. Reboot the Mac and try again.",troubleshooting,actionable
124410,124407,124408,I've done this multiple times now and it still won't connect to the wifi,@143863 Okay. Join us in DM so we can better assist you: https://t.co/GDrqU22YpT,dm_escalation,generic_escalation
124412,124412,124411,"I’ve been having problems with my SE since last month with 10.3.3. It uses a lot of RAM when connected to Wi-Fi and sometimes with LTE data. I go to Calendar and it says NO EVENTS for 1 second, and in the Music app I get lag when I first enter and slide down or up.","@143864 Hey there! We'd be happy to look into that with you. Would you mind shooting us a DM with any specific details, and we'll take it from there. https://t.co/GDrqU22YpT",dm_escalation,guided_escalation
124415,124415,124414,"When your IPhone charger breaks, starts leaking blue stuff and your phone is on 5%",@143865 Hi. We are here to help. Send us a DM and we'll take a look into this. https://t.co/GDrqU22YpT,dm_escalation,generic_escalation
124417,124417,124416,"hi my iPhone 6S running iOS 11.2 can't send and receieve iMessages or send and receive Facetime calls? I've tried restarting my phone, logging in and out of iMessage, and resetting my network settings but none of that worked...",@143866 Thanks for reaching out. We're here to help. DM us so we can look into this further with you. https://t.co/GDrqU22YpT,dm_escalation,generic_escalation
124419,124419,124418,what the fuck @115858 why the fuck did i have to do a restore on my phone just to get it to accept a charge and now ive lost so much important shit,"@143867 We'll do all we can to help. Follow up with us in DM. Tell us how you restored the device, and the type of data now missing there. https://t.co/GDrqU22YpT",dm_escalation,guided_escalation
124421,124421,124420,Thanks apple for your latest updates I can’t open my music app,"@143868 Hi there. Let's get your music flowing through again. Try the steps in this article to see if they help: https://t.co/3WF5Z1DBGa

Still having issues? Shoot us a DM here: https://t.co/GDrqU22YpT",troubleshooting,guided_escalation
124426,124426,124425,Updated to iOS 11.1.2 and now i have no sound 👍🏼 @115858 #sickupdatedudes,"@143869 We don't want you to be without any sound on your device. We can definitely look into this further with you. 
Let us know if this helps: https://t.co/4Kux8rhhGX",link_resource,actionable
124426,124424,124423,Negative,@143869 Thanks for giving that a try. Which apps have you tested sound with? Let us know with a DM. https://t.co/GDrqU22YpT,troubleshooting,guided_escalation
124435,124435,124434,WTF @115858?!? Why are icons #blurry?? #iphone #iPhone7Plus #1stworldproblems https://t.co/feUbHb1m4k,"@143870 We'd be happy to assist today! So the application icons on your device are ""blurry"", did that happen after making any changes or installing something? Have you already tried restarting the device since this issue occurred?",troubleshooting,actionable
124435,124433,124432,"I was able to lock them unlock the phone . The icons are back to normal. Happened exiting an app, no updates, etc.","@143870 To confirm, does the issue now appear to be resolved?",information_request,other
124435,124429,124427,It happened again as I exited an app. Everything is up to date. This time I didn’t have to restart. What’s going on?!?,@143870 We appreciate you getting back to us. Have you tried a normal restart of the device? This simple step can resolve issues like this. This article explains how to do a normal restart: https://t.co/OWRDHWSt4h,troubleshooting,actionable
124435,124428,124430,"Is this an auto reply? It didn’t stay frozen, thus no restart needed. It should not be doing this.",@143870 We agree that this isn’t expected behavior and we’ll work through fixing this together. DM us to continue. https://t.co/GDrqU22YpT,dm_escalation,generic_escalation
124440,125036,125035,"Yeah like my phone is trippin’ , its like i have no control over it.",@143872 What's your model and exact iOS version? Any steps tried since this started and when did this start?,information_request,other
124440,124440,124439,Why the fuck my phone trippin,"@143872 We'd like to help get it running normally again. What's happening with it exactly?

Also, which model do you have and what's the exact iOS version number installed?",troubleshooting,actionable
125007,125006,125005,@115858 Good to see we have time for commercials but can't get any help with fixing the new iOS update that is draining my battery.....,@144016 Go ahead and send us a DM with details about your issue so we can look into this with you. Thank you. https://t.co/GDrqU22YpT,dm_escalation,guided_escalation
125009,125009,125008,"mate, I lost a song that I buy, I don't know how it happen, can I get it back?",@144017 We'd love to help get your purchased song back with these steps: https://t.co/I39AyMJNgb,link_resource,actionable
125011,125011,125010,"I feel like we never used to see this from @115858. Could be just me, but watch how janky the transition is from an arrow to a straight line https://t.co/EjauiryzvH","@144018 Thanks for the video. This is normal behavior, but if you'd like to submit feedback about this, we always welcome it here: https://t.co/eTPVYVFyd8

Just reach out again if you need more help and have a good one!",link_resource,actionable
125013,125013,125012,Machine Gun Kelly - Fuck Life ( News Songs 2017 ) https://t.co/gDKLuDgVia via @126972 @5515. Where is this song at? I can’t find it on @115858 music???? Thanks!!!,@144019 Hey. Thanks for your interest. Check out which Apple Music songs are available in your region with this link: https://t.co/GD3awecJOw,troubleshooting,actionable
125015,125015,125014,"@115858 is so terrible, I have contacted them about a Apple Watch that got so hot it burnt my arm.... sent them everything they needed. Said hey would get back to me in 24 hrs....that was Sunday....... if it’s a safety issue you would think they would handle this a lil better",@144020 We'd like to better understand what's happening to see how we can help over Twitter. Please DM us more details here: https://t.co/GDrqU22YpT,dm_escalation,guided_escalation
125017,125017,125016,"God damn it, @115858 
Updated my phone and now my battery life is GONE. Please stop having ur phones bug to update when it ruins the phone. 😡","@144021 That's not the experience we want you to be having with your iPhone. Please send us a DM and tell us which country you're in and which device you're using, and we'll assist you. https://t.co/GDrqU22YpT",troubleshooting,guided_escalation
125020,125020,125018,"hi there, I sent an iTunes gift for my friend. This morning he lost it with no reason and can’t find it anywhere. Please help.","@144022 Hi. We are here to help. Check out this link for steps to resend your gift:
https://t.co/dmWUqgVYdP",troubleshooting,generic_escalation
125020,125019,125021,Thank you!,@144022 You are very welcome.,other,other
125023,125023,125022,"@115858 how do I install an agel de operating system, such as, @116230 XP on my iPhone 6? Your new update doesn't work.","@144023 We didn't quite understand what you're asking, but we'd like to help any way we can. What's happening exactly on your iPhone after updating it?

Also, is iOS 11.1.2 the version currently installed?",troubleshooting,actionable
125025,125025,125024,"You get the worst customer service of the year award. No calls, no emails, just empty lies. But that’s what is expected from Apple.",@144024 We're glad you reached out and we definitely want to look into this. Send us a DM to get started: https://t.co/GDrqU22YpT,dm_escalation,generic_escalation
125027,125027,125026,Apple Watch setup has been on this screen for nearly an hour. Help,@144025 We're happy to help with your Apple Watch. The steps here may help: https://t.co/lrUT3FBnPf,link_resource,actionable
125030,125030,125028,I am furious with your company right now. nohelp youmadethesituationworse,"@144026 We'd like to help. Send us a message in DM, and tell us a bit about what's going on. We're here for you.",dm_escalation,guided_escalation
125034,125034,125033,how remove this error,"@144027 We're happy to assist. 

Is this a persistent issue? Meaning if you close the app and reopen it, it remains? Also do you notice this sort of overlap in other apps? 

Finally, what version of iOS are you on? The latest is 11.1.2.",troubleshooting,actionable
125034,125032,125031,Not always but sometimes this error comes,"@144027 If you haven't yet, let's restart your iPhone normally using the steps found here: https://t.co/OWRDHWSt4h Let us know if the behavior occurs again after restarting.",troubleshooting,actionable
125038,125038,125037,"why is MegaBackup considered an application from a verified developer? It is pure malware. Any why are you charging $1,000 to help fix the problem? This seems like a scam.",@144029 Let's help take a look. Follow up with us in DM. Tell us more about what you're experiencing regarding that app there. https://t.co/GDrqU22YpT,dm_escalation,guided_escalation
12566,12566,12565,It's a shame that Siri can't be used to turn off the timer. Pain to do it with messy hands. Send to the idea file?,@118507 We value your feedback. Feel free to leave it here: https://t.co/J46COPJzUo,link_resource,actionable
12569,12569,12567,@115858 what’s up with my “I️” being replaced with some bs in my messages? Makes me want to throw the whole phone away.,@118508 Let us help you get this sorted out. Can you tell us which iOS version you are currently using please?,information_request,other
12569,12568,12570,11,@118508 Send us a DM and we can check on more options for you. https://t.co/GDrqU22YpT,troubleshooting,generic_escalation
12572,12572,12571,is there a way to opt out of iMessage and FaceTime during initial setup on an iPhone?,"@118509 We're here for you. There isn't a way to avoid iMessage activation with a number, but you can turn it off: https://t.co/R5zxAawOzV",link_resource,actionable
125748,125748,125747,"Hell with IOS 11 ! Frustated to the core, WiFi Switches on automatically, its become a head ache. Wasting my data , power and unnecessary disturbance during sleep. Please fix my issue ASAP iOS11 frustatedcustomer hateios11","@144214 Thanks for reaching out to us this evening. We'd be happy to look into what's going on. To start, can you let us know which iOS device and version of iOS 11 you're currently using? Also, can you let us know how you're disabling Wi-Fi?",information_request,other
125750,125750,125749,"my new IPhone 8 is lagging, text especially. Is there a way to fix?",@144215 We'd be more than happy to look into it with you. Send us a DM with any details you have and we'll take it from there. https://t.co/GDrqU22YpT,dm_escalation,guided_escalation
125753,125753,125751,ummmm what is this?,"@144216 We understand the concern behind seeing that message. Have a look at this article and see if it helps: https://t.co/HH37urdbz9

We're here for you. Please let us know if this helps.",link_resource,actionable
125753,125752,125754,I reset my password and the problem still persists,"@144216 Are you able to log in to https://t.co/tmRhWEkIq4 from a computer? Also, where are you located?",information_request,actionable
125764,125763,125762,@144218 @115858 Same here. iPhone 6s glitchy as hell now with update.,@144217 What kind of issues are you having with the iPhone? We'd love to help out.,information_request,other
125764,125761,125760,"Unresponsive keyboard and buttons, low battery life, disappearing icons and even the time display, wifi/bluetooth always on.","@144217 Thanks for clarifying. We're eager to help get these issues resolved. In order to ensure we're on the same page, please send us a DM and let us know the version number of iOS installed. This can be found under Settings &gt; General &gt; About. https://t.co/GDrqU22YpT",troubleshooting,guided_escalation
125764,125758,125759,"I have a 6 Plus, everyone that I have talked to has been having the issues that he mentioned since the iOS 11 updates. My battery life is terrible now, my cursor/screen freezes & jumps around while I’m typing & I have to do a hard reset every couple of days.","@144218 We expect you to have a great experience running the latest version of iOS, 11.1.2, on your iPhone 6 Plus. Send us a Direct Message, and we'll work together to investigate the behaviors you're running into, so we can offer the best solution. https://t.co/GDrqU22YpT",troubleshooting,guided_escalation
125764,125756,125755,The most recent updates have not fixed any of the issues. Wifi and bluetooth antennas turn on by themselves,@144217 Hello. Follow these tips to contol your Wi-Fi and Bluetooth connections in iOS 11: https://t.co/G7BHuQnDS6 Feel free to reach out via DM if you have questions or you're experiencing something other than what you see in the article: https://t.co/GDrqU22YpT,dm_escalation,guided_escalation
12577,12577,12573,"Please, @115858, fix the keyboard bug that changes letter “I️” to other characters",@118510 We'd love to help! Which version of iOS are you using? Which keyboards do you have installed?,troubleshooting,actionable
12577,12574,12578,If I type letter “eye” it does this. I,@118510 Please DM us with the iOS version showing in Settings &gt; General &gt; About. We're eager to look into what's going on. https://t.co/GDrqU22YpT,troubleshooting,guided_escalation
125770,125770,125768,hey I can’t seem to send pictures or videos or even post them on all my social media’s,@144219 Let's see what we can find for this together. What happens when you try any of these actions? Are you using old photos or new ones?,troubleshooting,actionable
125770,125766,125765,Also on the bottom right corner there’s a little exclamation point in white,@144219 We received your DM and will continue there.,dm_escalation,generic_escalation
125774,125774,125773,how do i back up to my computer and update ipod/iphone apps now that itunes doesn't do it?,"@144220 Hi there. We're happy to help with this. You can find the steps to make an iTunes backup here: https://t.co/4f8hwT5to6 Update your apps in the App Store on your device under the ""updates"" tab. Let us know if this helps.",troubleshooting,actionable
125774,125772,125771,"I found that earlier, thanks, but it's also an issue with updates to apps which I used to do with iTunes. I'd update all apps and then plug the device in to download them. Now I have to use my data allotment to do the same thing.",@144220 We value your feedback. Many changes in iOS software have been made at the suggestions of user just like you. Send us your feedback here: https://t.co/eTPVYVFyd8,link_resource,actionable
125777,125777,125775,Hey can you tell me why this keeps on popping up? I’m not trying to purchase anything?,@144221 Thanks for reaching out. Do you happen to have any apps trying to download from the App Store?,troubleshooting,actionable
125777,125776,125778,No I don’t. Still keeps popping up.,"@144221 Understood. Is your iPhone currently restoring an iCloud backup? Let us know in DM, and we'll meet you there. https://t.co/GDrqU22YpT",troubleshooting,guided_escalation
125780,125780,125779,"i would like to change my apple store region but i cant do it 'cause my apple id balance is $0.01, could you please remove it?",@144222 We'd like to get you in the right direction to assist. For billing issues reach out to our iTunes Store Support team here:  https://t.co/SDIe7UiyJN,link_resource,actionable
125783,125783,125781,see last tweey,@144223 Hello. Follow these tips to use Siri on your Apple Watch: https://t.co/L0xH9gXYAj Feel free to reach out if you have additional questions. Enjoy!,link_resource,actionable
125783,125782,125784,Please look at my photos. Siri is NOT an option in my general settings on the newest apple watch.,@144223 Are you able to find the Siri settings in the Watch app on the iPhone that it's paired with?,troubleshooting,actionable
125783,125786,125787,"No, these are all the options in the general spot. Siri settings also do not appear in search.","@144223 You mentioned wanting to use Siri only on your Apple Watch, is that right? To be sure we understand, do you have Siri disabled on the paired iPhone right now?",information_request,other
125783,125788,125789,"I want siri to remain on both devices. When I say Hey Siri, I only want that feature enabled on my Watch.","@144223 Got it, thanks for clarifying for us. On the paired iPhone,  tap Settings &gt; Siri &amp; Search, and make sure Press Home for Siri is on. Also, let us know in DM what model iPhone your Apple Watch is paired with. https://t.co/GDrqU22YpT",troubleshooting,guided_escalation
125791,125791,125790,"My @115858 #iphone just crashed and deleted all of my pictures, which are gone forever because it can’t connect with my #macmini. 
#pissedoff #applehasbecomejunk",@144225 Hello. We know those memories are important. Please DM us and share a few details about what happened: https://t.co/GDrqU22YpT,dm_escalation,guided_escalation
125793,125793,125792,"This is getting out of hand now, I can’t type “it” without I.t auto-correcting to “ I.t “ - Fix This!",@144226 We'd like to help you out. DM us the version of iOS you are running and we can get started. https://t.co/GDrqU22YpT,dm_escalation,guided_escalation
125795,125795,125794,I have credit on my account but I can't buy nothing because of billing information,@144227 We're happy to help and to point you in the right direction. Our iTunes Team can help you here with any billing inquiry: https://t.co/SDIe7UiyJN,link_resource,actionable
125801,125801,125796,@115858 is unavailable and their TV doesn’t work. Zero customer service. https://t.co/C703TDtt8O,"@144228 Hi. We are here to help. Please reach out to our Apple TV support team with this link:

 https://t.co/IBIY3vMgPj",link_resource,actionable
125803,125803,125802,My iPhone power button stops functioning after about a day. After a Power Off via Settings>General>Shut Down the button works fine for about another day. iOS issue? Firmware update in process?,"@144229 That's not expected behavior on any version, that said we do recommend making sure you have a current backup, and are updated to the latest release, iOS 11.1.2. This article will guide you through the process of backing up: https://t.co/tHicJHB57O",troubleshooting,actionable
125805,125805,125804,hi @115858 im mad bc my phone was working PERFECTLY FINE UNTIL THE NEW ONE CAME OUT,"@144230 If you're having issues with your iPhone, we're happy to help you address those. Which device model are you using, and what seems to be going on today?",information_request,other
12581,12581,12579,why does I keep showing up as symbols?,@118511 We'd like to see what we can do to assist. What iOS version are you running?,information_request,other
12581,12580,12582,11.0,@118511 We released iOS 11.1 today. Let's update to see if that helps. Here's how: https://t.co/80YRnjDFDk,troubleshooting,actionable
12584,12584,12583,why is my phone doing this,@118512 Let's look into this for you. Send us a DM with your iOS version to get started. https://t.co/GDrqU22YpT,dm_escalation,guided_escalation
12586,12586,12585,"What do you make of this? (Top left corner) I am a US customer, and I think my phone has been hacked.",@118513 Let's look into this for you. Send us a DM with your current iOS version to get started. https://t.co/GDrqU22YpT,dm_escalation,guided_escalation
12588,12588,12587,"Wow great work @115858 !!! Love the new features on the 7+ (glitching, apps quitting, long pauses on Snapchat) awesome, sweet keep it up",@118514 May we take a look?  Feel free to DM us what iOS version you're on and we'll go from there: https://t.co/GDrqU22YpT,information_request,guided_escalation
12594,12592,12589,@115858 @115858 you see?!!!!! I️ &lt;—- that’s a bug...please fix 😒,@118515 Thanks for contacting. We understand wanting your device to work correctly. Could you please tell us which iOS version you're on?,information_request,other
12594,12591,12593,It’s happening to a lot of my friends,@118515 Let's meet up in DM to continue. https://t.co/GDrqU22YpT,dm_escalation,generic_escalation
12596,12596,12595,"Seems I have a virus, I’ve been getting these pop-ups:",@118516 Your security is our absolute priority. Visit this link for info on pop up adds in Safari: https://t.co/qr0pQfKgYD,link_resource,actionable
12599,12599,12597,APPLE WHY IS MY “I’s” coming out as question marked boxes & pounds ?! Fix it jeezus,@118517 Hi. We are here to help. What version of iOS do you have?,information_request,other
12599,12598,12600,Here is the problem,"@118517 We'd be happy to assist. To begin, are you completely updated to iOS 11.1? DM us to let us know. https://t.co/GDrqU22YpT",troubleshooting,guided_escalation
12602,12602,12601,Why do you keep charging my card for FREE apps? Im not happy at all.,"@118518 We're here for you. For unrecognized charges, use: https://t.co/taIxXM0mAZ For more help, contact us: https://t.co/SDIe7UiyJN",link_resource,actionable
12605,12605,12603,What’s with the I I I I I I? I just want to write an I (eye),@118519 Can you confirm what iOS version you are running?,information_request,other
12608,12608,12606,Eye can’t type the letter eye without it changing to a? ... yes I reset the keyboard,@118520 We'd love to help! Which version of iOS are you currently updated to? What Keyboards do you have installed?,troubleshooting,actionable
12608,12607,12609,Yayz 11.1 and just 2 English and emoji,@118520 Thank you! Is this issue only occurring in messages or in other applications as well? Send us a DM to let us know. https://t.co/GDrqU22YpT,information_request,guided_escalation
12612,12612,12610,sooooooo any plans to fix all these bugs from the software updates for the iPhone 7??,@118521 We're here to help. What iOS version are you on?,information_request,other
12612,12611,12613,thanks! the 11.0.3 that came out the other day,@118521 Got it. Let us know in DM what the issue is that you're having? We'd be happy to help you out. https://t.co/GDrqU22YpT,information_request,guided_escalation
13197,13197,13195,Écran d’iPhone cassé. Impossible à connecter sur iTunes ... des astuces svp ?,@118713 We offer support via Twitter in English. Contact us for help in your preferred language here: https://t.co/IBIY3vMgPj,link_resource,actionable
13197,13198,13199,Connect to*,"@118713 We understand how tough that is. Please send us a DM to let us know if you have a recent backup in iCloud, or iTunes. https://t.co/GDrqU22YpT",troubleshooting,guided_escalation
13197,13200,13201,Sent,@118713 Excellent! Please look for our response to your DM shortly.,dm_escalation,generic_escalation
13203,13203,13202,my OTG adapter doesn't work on i8plus ios 11.1,@118714 Thanks for reaching out! Please DM your information so we can help with a solution. https://t.co/GDrqU22YpT,dm_escalation,generic_escalation
13205,13205,13204,why does my iOS update say it's going to take 5 hours... @115858 #iphone,@118715 We're here to help. How are you updating? Let us know via DM. https://t.co/GDrqU22YpT,information_request,guided_escalation
13208,13208,13206,Annnnnnd @115858 releases the best update yet!!!!! 70 new emojis!?! Fuck yes. But fix my iMessage first. Kthanks.,@118716 We're glad you're excited about the emojis! Let us help with iMessage. What's going on?,information_request,other
13208,13207,13209,It gets stuck sideways and it will go up to previous messages and not show me the latest until I close the app and reopen.,"@118716 Got it. Which device are you experiencing this on? Let us know in DM, and we'll go from there. https://t.co/GDrqU22YpT",information_request,guided_escalation
13211,13211,13210,what is happening with my phone??? I wrote “I got” and that happened,@118717 We can look into this issue together. Send us a DM and let's begin. https://t.co/GDrqU22YpT,dm_escalation,generic_escalation
13213,13213,13212,Terror del siglo XXI!!! Ayúdame @115858 ! https://t.co/NyzNMPyY6a,@118718 We offer support via Twitter in English. Get help in Spanish here: https://t.co/IBIY3vMgPj or join https://t.co/OczyRx7IOs,link_resource,actionable
13218,13217,13216,Been having same issue,@118719 We want to help. DM us details on the iOS version you have and which iTunes version. We'll work with you there. https://t.co/GDrqU2kzhr,dm_escalation,guided_escalation
13218,13215,13214,Thanks fixed!!,"@118719 That's great news! If you need anything else, please feel free to reach back out to us.",other,other
13222,13220,13219,@118723 @115858 Mine was still doing it after the update,"@118722 Let's take a look together!  To start, please DM us which device and OS version we're working with: https://t.co/GDrqU22YpT",dm_escalation,guided_escalation
13224,13224,13223,MacOS Sierra is taking up over 100G of my 120G SSD. Why does it take up that much space and can I do anything about it?,@118724 Let's team up in DM and determine how we can clear up this space. You can reach us at the link below. https://t.co/GDrqU22YpT,dm_escalation,guided_escalation
13226,13226,13225,Wtf is @115858 doing with my letter “I️”,"@118725 Let's take a look at this together!  To begin, feel free to DM us what iOS version you're currently on. https://t.co/GDrqU22YpT",dm_escalation,guided_escalation
13580,13580,13577,buggie spotted,"@118833 Let's work this out! Have you been able to update to iOS 11.1? If not, use the steps here: https://t.co/80YRnjDFDk",troubleshooting,actionable
13580,13578,13581,Ohh got 11.2 beta 1,"@118833 For testing purposes, let's not install the iOS beta just yet. Could you send us a DM with your country to review further? https://t.co/GDrqU22YpT",troubleshooting,guided_escalation
13584,13584,13582,"Dear team, after update my iPhone 6 Plus its hang in the Apple logo screen.","@118834 Don't worry, we've got you covered!  Check out the steps listed here: https://t.co/H7w57rsYVQ",troubleshooting,actionable
13586,13586,13585,I got a crazy security bug issue with iOS 11.1,@118835 We'd like to help. Let's take this to DM and we'll explore ways to provide you assistance. https://t.co/GDrqU22YpT,dm_escalation,generic_escalation
13588,13588,13587,Why do I need a sim card when I’m joined to the WiFi? I’m only using this phone to test websites.,"@118836 You'll need to insert a SIM and activate the iPhone, once that's done you can remove the SIM and use the iPhone on Wi-Fi.",troubleshooting,actionable
13590,13956,33326,"Eu tbm, ja redefini varias vezes a senha e nada, mas ai o suporte me mandou um link e eu marquei hj para alguém da apple me ligar e ajudar.","@118837  Since our Twitter support is available in English, get help at https://t.co/IBIY3vMgPj or join https://t.co/pvaOFfPbjt",link_resource,actionable
13590,13591,13954,"O meu está acontecendo a mesma coisa, já redefini a senha e nada","@118935 Since our Twitter support is available in English, get help at https://t.co/IBIY3vMgPj or join https://t.co/pvaOFfPbjt.",link_resource,actionable
13590,13590,13589,Tudo bom ??? Todos estão com o mesmo problema e é sempre com o iPhone 7 o que está acontecendo???,"@118837 Since our Twitter support is available in English, get help at https://t.co/IBIY3vMgPj or join https://t.co/pvaOFfPbjt",link_resource,actionable
13931,13931,13930,This what happens to my iPhone after I downloaded IOS 11.1,@118926 We certainly want to help! Is this while connected to iTunes? Send us a DM to let us know. https://t.co/GDrqU22YpT,information_request,guided_escalation
13933,13933,13932,"after updating to ios 11.1 I have no service, displays no service. reset networking settings does nothing",@118927 We'd like to see what we can do to assist. DM us and we'll continue from there. https://t.co/GDrqU22YpT,dm_escalation,guided_escalation
13935,13935,13934,I’m sorry but wtf is this @115858 https://t.co/EeCgioBGdw,"@118928 We want to help you. DM us, and we'll look into this deeper. https://t.co/GDrqU22YpT",dm_escalation,generic_escalation
13938,13938,13936,it’s been doing this for two days... cmon,"@118929 We're anxious for you to have access to your downloads. Have you had a chance to restart the iPhone? If not, let's do that now.",troubleshooting,actionable
13942,13942,13940,super frustrating trying to send a pano but sending photo works just fine?? Am I doing something wrong? iOS11,@118930 You've come to the right place. We're eager to help. Is this happening with SMS (non-iPhone) contacts as well?,information_request,other
13942,13941,13943,Sent to same group of contacts (one is non iPhone user) worked with photo didn’t work with pano,@118930 We'd love to continue working with you. Let's move the conversation to DM. https://t.co/GDrqU22YpT,dm_escalation,generic_escalation
13945,13945,13944,Wait why did my letter “I” change into weird characters?!?,@118931 We'd like to look into this. Does this happen in all apps you use the keyboard with? Which device is this happening on?,information_request,other
13949,13949,13948,I have updated my WatchOS but cannot stream the radio on LTE ( ) . Wi Fi (both tethered and direct from watch) works,@118932 You're in the right place for help. Let us know in a DM if the issue started randomly or since you first setup the Watch. https://t.co/GDrqU22YpT,dm_escalation,guided_escalation
13949,13947,13946,Thank you so much for your help.,@118932 You're quite welcome!,other,other
13951,13951,13950,HELP EVERYTIME I TYPE I ONLY SYMBOLS COME UP I WANT TO BE ABLE TO TALK ABOUT MYSELF,@118933 We know it's important to have your device working correctly. We'd like to help. Let's meet in DM. https://t.co/GDrqU22YpT,dm_escalation,guided_escalation
13953,13953,13952,@115858 explain to me why my phone decides to stop working when you release new ones,@118934 Please let us know what's happening with your iPhone. We're eager to offer our help and get things resolved.,other,other
14182,14182,14181,what’s up with autocorrect changing it to i.t? i’ve already tried to do the text replacement trick and i.t won’t work,@119006 We'll do everything we can to help get this resolved. What type of device are you using and which version of the operating system is currently installed? Tell us the answers via DM. We'll meet up with you there. https://t.co/GDrqU22YpT,troubleshooting,guided_escalation
14212,14212,14211,IOS 11 has been a nightmare since I downloaded it. Battery SOC is all over the board and slower than ever before,@119014 That should not be happening. We'd be happy to help. Which iOS version are you currently using? You can check in Settings &gt; General &gt; About.,troubleshooting,actionable
14214,14214,14213,So now I can’t type “it” without I.T being a problem @115858 has to get I.T together,"@119015 We're here for you! Let us know which device you're using and the iOS version installed, in DM, and we'll get started. https://t.co/GDrqU22YpT",troubleshooting,guided_escalation
14231,14231,14230,why iOS Keyboard looks weird in Landscape mode i was typing like nfjfhfbd wanzkdejfc c fallontonight Help me!!,"@119021 Let's work together to figure out what's happening with the keyboard on your iOS device. Send us a DM with what type of device you're using, along with your specific iOS version. We'll continue working with you there. https://t.co/GDrqU22YpT",dm_escalation,guided_escalation
14308,14308,14305,MMS bug on iOS 11.1. MMS won’t send on iPhone 6S.,@119044 We'd like to look into what's going on with your MMS. What happens when you try to send? Do you get an error?,troubleshooting,actionable
14308,14306,14309,And this is on both iMessages and SMS. Texts without images work fine. And I just migrated from a old iPhone to a new one!,@119044 Got it. Let's give the steps in the following article a try please: https://t.co/2hgNQH8Vvq Let us know how that goes in a DM. https://t.co/GDrqU22YpT,troubleshooting,guided_escalation
14311,14311,14310,Can I un-update my phone so it can stop freezing up and I can stop having to reset it 10 times a day?,@119045 Thank you for reaching out to us. Let's take a look at this in DM. https://t.co/GDrqU22YpT,dm_escalation,generic_escalation
14313,14313,14312,Can’t share any photos from iCloud with iOS 11.1,@119046 We'd like to help. Let's take this to DM and we'll explore ways to provide you assistance. https://t.co/GDrqU22YpT,dm_escalation,generic_escalation
14315,14315,14314,@115858 there is a bug when we type the capital letter i ... fix it it’s annoying.,"@119047 We want to help you. DM us, and we can look into what's going on. https://t.co/GDrqU22YpT",dm_escalation,guided_escalation
14319,14319,14318,"My Calendar app doesn’t work at all after iOS 11.1, can’t see other months and it just shuts down, I have an IPhone SE",@119048 We want to help you. Are there any troubleshooting steps you tried on your own? We want to make sure we don't repeat any steps.,information_request,other
14319,14317,14316,"Just deleted and reinstalled the app, but it doesn’t make any difference",@119048 You did a great job going through those steps. DM us here to contiue further:,dm_escalation,generic_escalation
14322,14321,14320,1+2+3=23,@119049 Lets look into this for you. Send us a DM with your exact iOS version to get started. https://t.co/GDrqU22YpT,dm_escalation,guided_escalation
14324,14324,14323,just purchased iTunes movie on ATV in HD. Stops to buffer and stream every 5 minutes. Very unpleasant experience. Never had issues with movies. showing 30+ mbps DL,@119050 We want to help with your Apple TV. Click here to reach our team that can assist with your Apple TV: https://t.co/IBIY3vMgPj,link_resource,actionable
14326,14326,14325,"Updated my phone last night & now its stuck in headphone mode, cant hear anything on video, FaceTime & call sound goes in&out",@119051 We'd like to help. Let's take this to DM and we'll explore ways to provide you assistance. https://t.co/GDrqU22YpT,dm_escalation,generic_escalation
14328,14328,14327,why does this keep happening? Started prior to iOS 11.1 update. Still happens post update.,@119052 Let's look at this closer. Please DM us. https://t.co/GDrqU22YpT,dm_escalation,generic_escalation
14330,14330,14329,The amount of times my phone has froze since the newest update is ridiculous. @115858 get your shit together.,@119053 We'd love to help you fix the freezing. This article has steps to fix it: https://t.co/8MvHMFZ83h,link_resource,actionable
14332,14332,14331,@115858 I updated my iPhone and now the Bluetooth is constantly on. Why?,"@119054 Hi. With the iOS 11 update, it can be disabled in your settings. For more information, please visit: https://t.co/G7BHuQnDS6",troubleshooting,actionable
14334,14334,14333,. WHY DOES THIS KEEP HAPPENING,@119055 We want to help! DM us and let us know more about the issues you are having. https://t.co/GDrqU22YpT,dm_escalation,guided_escalation
14337,14337,14335,So over @115858 &amp; their awful customer service. Locked out of iCloud for 2 weeks &amp; promised password recovery instructions that never came🖕🏽,"@119056 The best way to verify your account &amp; assist with the Apple ID, is to get support at this link: https://t.co/UJm15vmMM2",link_resource,actionable
14838,14838,14836,iOS 11 is draining the battery on my iPhone 7 twice as fast as iOS 10. Help!,@119210 We'd like to gather some more information for better troubleshooting. Can you DM us the country you are located in? https://t.co/GDrqU22YpT,troubleshooting,guided_escalation
14838,14837,14839,Help! My computer has been like this since yesterday & I need it. I don’t know what to do.,"@119210 Use the link below to send us a Direct Message. We’ll meet you there, and we can work towards a resolution together. https://t.co/GDrqU22YpT",dm_escalation,generic_escalation
14838,14841,14842,"So, that got me back in, but now Mail won’t work.","@119210 What happens when you try to open or use the Mail app? Let us know more in DM, please. https://t.co/GDrqU22YpT",troubleshooting,guided_escalation
14862,14862,14860,my phone was acting up. I then restarted it and now all it does is stay on the apple logo when I turn it on. Wtf,@119216 We’ve got your back. Let us know if the steps in this article help with your iPhone: https://t.co/8MvHMFZ83h,link_resource,actionable
14862,14861,14863,Still same thing smh,"@119216 Thank you for testing out those steps. Send us a DM telling us the iPhone you have, and what happened before you restarted it. https://t.co/GDrqU22YpT",troubleshooting,guided_escalation
14865,14865,14864,I’ve tried to do the upgrade program online and can’t. t-mobile as a carrier and no apple store closer then 3hours away. Help,@117235 We'd like to help. Let's take this to DM and we'll explore ways to provide you assistance. https://t.co/GDrqU22YpT,dm_escalation,generic_escalation
14867,14867,14866,Hey the new iOS is killing me! Email freezing and horrific battery life. What gives- I can’t even go back to old iOS. Grrrrrr,@119217 We're here to help. DM us which iOS device you are using to get started. https://t.co/GDrqU22YpT,dm_escalation,guided_escalation
14869,14869,14868,add me to the list of the people having the “question box” autocorrect thing. Running the most current iOS on an iPhone8+.,@119218 Hey there. Let’s take a look further into this. DM us letting us know when this started. https://t.co/GDrqU22YpT,dm_escalation,guided_escalation
14871,14871,14870,Also this question mark bullshit is dumb. Fix it @115858 ! https://t.co/bCaVM5Pe8o,@119219 Let's look into this. Send us a DM with your current iOS version to get started. https://t.co/GDrqU22YpT,dm_escalation,guided_escalation
15308,15308,15307,Yo why is this happening to everyone I know?? Pls fix this issue. Anyone else?,@119359 Let's look at this together. Please DM us. https://t.co/GDrqU22YpT,dm_escalation,generic_escalation
15311,15311,15310,@115858 I’m going to need you guys to fix my iMessage and FaceTime..it’s not activating...spent an hour on the phone with support,"@119360 Thank you for reaching out. We are here to help. Please DM us, and we will continue from there. https://t.co/GDrqU22YpT",dm_escalation,generic_escalation
15313,15313,15312,3rd pair of @115858 ear shaped earbuds to go bad in the left side. I am currently deaf in one ear after a workout #SaveMyRightEar,"@119361 Let's see what we can do to help. Please, send us a DM. We'll move forward from there. https://t.co/GDrqU22YpT",dm_escalation,guided_escalation
15315,15315,15314,"4 hrs w/iOS 11.1, no change in battery consumption . Thanks anyway. Can we have iOS 10 back ?",@119362 We're sorry to hear you're still having problems. Please DM us and we'll go from there. https://t.co/GDrqU22YpT,dm_escalation,generic_escalation
15318,15317,15316,Still can’t stream,@119363 We're happy to help. Reach us here for more assistance: https://t.co/IBIY3vMgPj,link_resource,actionable
15321,15321,15320,"Dear @115858 I’m returning my iPhone 8+ bc its a POS. Screen wont auto lock, battery drains, horrible cell signal. Its crap. Happy 🎃",@119364 We'd be happy to look into this with you. Please DM us. https://t.co/GDrqU22YpT,dm_escalation,guided_escalation
15323,15323,15322,Yo @115858 how come when the IPhone X coming out so soon my phone starts overheating and draining battery when I’m charging it?,@119365 We'd like to take a look at this with you. Let's continue our conversation in DM. https://t.co/GDrqU22YpT,dm_escalation,generic_escalation
15433,15433,15432,Anyone else having battery issues in IPhone? Degrading way to fast.,"@119400 Having a reliable iPhone is important, and we want you to enjoy using it without worrying about battery life. Which iPhone do you have, and what's the iOS version it's currently running? DM us with details here: https://t.co/GDrqU22YpT",information_request,guided_escalation
15467,15467,15466,hi all. and settings apps keep crashing on iOS 11.1.2. See attached video. Is this a known issue?,@119411 Thanks for bringing this to our attention. We'd like to look into this further. Please click here to join us in DM: https://t.co/GDrqU22YpT,dm_escalation,generic_escalation
15470,15470,15468,.@115858 how about fixing your #podcast app with the next #ios update? It’s gone from bad to worse and I can’t listen to my beloved #arsecast #replyall and #wtf @28706 @11164 @23146,@119412 We'd like to dig into what's happening with the Podcasts app on your device. What type of iOS device are you using and which version of iOS is currently installed? Let us know those details via DM. We'll continue with you there. https://t.co/GDrqU22YpT,troubleshooting,guided_escalation
15472,15472,15471,@115858 I️ have I️ can I️ will THE FUCK BRO,"@119413 Hello, thanks for reaching out. Which iOS version are you currently using? If not on the current iOS 11.1.2, please back up and update following these steps: https://t.co/80YRnjDFDk
DM us if you're still having autocorrect issues after updating. https://t.co/GDrqU22YpT",troubleshooting,guided_escalation
15495,15495,15493,Lol the I️ on the new iOS is embarrassing @115858 get your shit together haahaha,"@119420 We've got a fix for the ""I"" on your iPhone. Which version of iOS are you using? You can check that at Settings &gt; General &gt; About. If it's not 11.1.1 or higher, backup with these steps: https://t.co/4f8hwT5to6 Then update. Let us know in DM if that doesn't help. https://t.co/GDrqU22YpT",troubleshooting,guided_escalation
15501,15501,15500,"My phone is so god damn jank, it’s turning all my snapchats volume all the way up, not alerting me with sound or vibration with texts and messages, and all my notifications come in all at once every hour... @115858","@119422 You've come to the right place for help with your iPhone. We'd like to take a look at what's happening in greater detail. Send us a DM with what type of iPhone you're using, along with your current iOS version. https://t.co/GDrqU22YpT",dm_escalation,guided_escalation
15712,15712,15710,"Hey , what is going on with the “I” key in iOS 11.1. When you press it, it defaults to a weird character and skips spaces.",@119456 Let's look into this for you. Send us a DM and we can check on available options. https://t.co/GDrqU22YpT,troubleshooting,generic_escalation
15717,15717,15716,@115858 so y’all gonna fix this I️ problem or......,@119457 We want to help! DM us and let us know more about the issues you are having. https://t.co/GDrqU22YpT,dm_escalation,guided_escalation
15719,15719,15718,Actualize a iOS 11.1 y sobrecalienta el equipo,@119458 We offer support via Twitter in English. Get help in Spanish here: https://t.co/IBIY3vMgPj or join https://t.co/OczyRx7IOs,link_resource,actionable
15722,15722,15720,"6 years later I still can’t access Contacts on iCloud, what do we need to do to finally get this fixed, ? //cc","@119461 You should be able to access your iCloud contacts on the web. DM us, and we'll see what we can do. https://t.co/GDrqU22YpT",dm_escalation,guided_escalation
15722,15721,15723,Okay.,@119461 We've received your DM and will continue there.,dm_escalation,generic_escalation
15728,15725,15724,why my phone doing this????,"@119463 We’d love to help. To start, please send us a DM letting us your iPhone model. https://t.co/GDrqU22YpT",dm_escalation,guided_escalation
17290,17290,17289,"So @115858 randomly deleted over 3,000 photos from my phone. Wow wtf!!","@119809 We know how precious your memories are, and we'll help any way we can. Which iOS version is running on your iPhone? Do you use iCloud Photo Library? Meet us in DM with details, and we'll find a solution together. https://t.co/GDrqU22YpT",information_request,guided_escalation
17292,17292,17291,"So you spend over one thousand pounds on a new Apple laptop, it breaks, goes in for a two week repair and then comes out... BROKEN AGAIN. I can’t even get through to customer service now. rippedoff","@119810 We're happy to help you out here. Let's meet up in DM, and we can work together. Please let us now a few more details about the issue as well as the type of Mac and your current country as our options are a little different around the globe. https://t.co/GDrqU22YpT",troubleshooting,guided_escalation
17305,17305,17304,@115858 how come when I am listening to @115888 my music keeps pausing by itself????? I’m sorry I listen to Spotify and not Apple Music but Spotify is simply better. I’m sick of your shit Apple,"@119815 We'll do everything we can to help you figure out what's happening. To start, what type of device are you using? Along with that, please confirm which version of the operating system is currently installed. Send over those details to us via DM. https://t.co/GDrqU22YpT",troubleshooting,guided_escalation
17307,17307,17306,"in a matter of 4 hours i had to make 3 hard resets on my phone, i just made 2 hard resets on this phone’s life before iOS 11. fix this",@119816 Certainly not what we want you to experience. We'd love to look into this with you and help resolve ensure your iPhone is working 100% as expected. Please DM us and let us know which iPhone and the exact version of iOS you're using. https://t.co/GDrqU22YpT,dm_escalation,guided_escalation
17351,17351,17350,@AppleSupport @118721 https://t.co/1mCyCovQam,"@119832 Let's work together to figure out the best path forward with your new iPod touch. What type of computer would you be connecting your iPod with? Along with that, tell us which version of the operating system is currently installed. Send that info via DM. https://t.co/GDrqU22YpT",troubleshooting,guided_escalation
1755,1755,1754,"Why does my I️ not work ?! 
@115858 please fix this!!!",@116097 We'd like to look into this with you. Please DM us your current iOS version and your iPhone model. https://t.co/GDrqU22YpT,dm_escalation,guided_escalation
1759,1759,1758,Why is “I” keep changing to this and how do I stop it anybody,"@116098 We definitely understand your concern. Please backup your iPhone, update and let us know the result: https://t.co/ahjigcvFRG",troubleshooting,actionable
1759,1757,1756,I just updated it and it’s still coming up,@116098 Let's dig into this further with you. DM us and we'll continue there.,dm_escalation,generic_escalation
1761,1761,1760,iOS 11 is killing my battery @115858. Fix it.,@116099 We're here to help. Which exact iOS version is your device running? This info can be found under Settings &gt; General &gt; About.,troubleshooting,actionable
1764,1764,1762,"Hello, I need some help regarding the region change on my Apple ID",@116100 This article should help with that: https://t.co/usOJWy6ChP,link_resource,actionable
1764,1763,1765,"Thanks, thing is I still have like 81 cents in credit and won't let me do that until I have zero credit",@116100 Try contacting our iTunes Store team here for more help: https://t.co/SDIe7UiyJN,troubleshooting,actionable
1770,1770,1769,why is my home sharing not working and how do i fix it,@116101 We're happy to help. Has Home Sharing worked with these devices before?,information_request,other
1770,1768,1767,"it has, but not for some time now. i’ve tried with two different apple ids but it’s still not showing up on my phone",@116101 Thanks for clarifying. Let's meet in DM so we can do more in-depth on this. https://t.co/GDrqU22YpT,dm_escalation,generic_escalation
1779,1779,1778,@115858 my PHONE app doesn’t work. Thank you for updating my #iPhone to an #ipod,@116102 We want you to be able to make calls on the iPhone. What exactly is going on with the Phone app?,information_request,other
1779,1773,1771,"I just get a white screen and nothing loads. After a short time, it just closes/crashes. Thanks for the reply.",@116102 Which model do you have and is iOS 11.1 installed on it? Any steps tried so far?,troubleshooting,actionable
1779,1772,1774,"iPhone 6, yes ios11. Checked for updates, none available. I’ve swiped up to close the app several times and I’ve restarted it 2x","@116102 To make sure, is iOS 11.1 showing here: Settings &gt; General &gt; About &gt; Version? Please DM us the answer here: https://t.co/GDrqU22YpT",troubleshooting,guided_escalation
1779,1775,1777,Battery life just got worst.,"@116103 We'll make sure to get this straightened out. DM us, and we'll see you there. https://t.co/GDrqU22YpT",dm_escalation,generic_escalation
1781,1781,1780,why can’t I change ringer volume with the buttons? Whose dumb idea was it to change that and how do they still have a job?,@116104 Let us look into that. What device and OS version are you using?,information_request,other
1783,1783,1782,@115858 if my words even mean a thing to you; I am an iPhone 7 owner and have updated to your latest software and now am having the most dropped calls in history and glitch’s such as apps randomly opening and more ... #iHelp,@116105  We want to help.  Send us a DM letting us know if you are updated to iOS 11.1 https://t.co/GDrqU22YpT,troubleshooting,generic_escalation
1785,1785,1784,epıl bana yardımcı olur musun telefon internet konusunda çok yakıyo napcaz ?,@116106 We offer support via Twitter in English. Contact us for help in your preferred language here: https://t.co/IBIY3vMgPj,link_resource,actionable
1791,1791,1790,why won’t my apps fuccin download or update,@116107 Apps are important and we want you to get back to enjoying them. Which model do you have? Is iOS 11.1 installed on it?,troubleshooting,actionable
1791,1789,1788,No I had 11.0.3 but now it says 11.1 update so ima go ahead and do that,@116107 Please keep us posted afterwards.,other,other
1791,1787,1786,Worked,@116107 Glad to hear and just reach out again if you need help. Have a good one!,other,other
18833,18833,18832,I’m still waiting when @115858 will fix #applemusic bug of iOS 11. On the main screen when music is playing time is not counting. Does anyone else has the same problem? https://t.co/d7cauCESe0,"@120209 Let's work together to sort this out. Which iOS version is running on your iPhone? Does restarting seem to help, even if only temporarily? When you play your songs in the Apple Music app instead of the lock screen, does it show how much time has elapsed? DM us here: https://t.co/GDrqU22YpT",troubleshooting,guided_escalation
18836,18835,18834,"Ur customer support wants me to speak to another repair center to see if they’ll quote a lesser price! I mean, REALLY!! Gotta be kidding me. I used to swear by Apple Customer Service. Is this the best that you guys can do now?",@120210 We know how much we rely on our iPad from surfing the internet to sending emails to watching movies. We'll be happy to look into your situation. Can you DM us if the device turns on at all? Does it boot to an Apple logo? https://t.co/GDrqU22YpT,information_request,guided_escalation
18869,18869,18868,I will NEVER another @115858 I phone!!! Deleted all my pics again 😡😡 along with throwing me off apps and turning off constantly!!! Funny when get to end of contract phone plays up.... why to make you up grade and spend more money!?!,"@120214 Hey there. Let's see what we can do about locating your photos and making your device perform as it should. Please send us a DM and tell us which iPhone model you have, and the version of iOS you see under Settings &gt; General &gt; About &gt; Version. https://t.co/GDrqU22YpT",troubleshooting,guided_escalation
18872,18872,18870,"the screen on our iPad Pro has stopped working . I've read a few articles about weak screens on some models - is there anywhere I can check the model number, or will it be a £400 repair bill? Thanks","@120215 Thank you for reaching out to us. We'd be happy to try everything possible to provide the best support options. First, let's work as a team as we gather more information. DM us if you noticed any changes before the screen went black. What iOS is the device running? https://t.co/GDrqU22YpT",troubleshooting,guided_escalation
18872,18871,18873,"the screen had green lines on one side and then stopped working altogether. Afraid I can't remember the OS, I expect it was in the latest OS when it broke about 8 weeks ago if hat helps?",@120215 Indeed that is very helpful. We'd like to gather more information from you. Please click on the link to continue this conversation in DM. https://t.co/GDrqU22YpT,dm_escalation,generic_escalation
18886,18886,18885,my Apple Watch has been like this for 2 days any suggestions. Also tried to do a reboot but to no avail.,"@120221 Thanks for the photo, and for reaching out to us. We'll do all we can to get your Apple Watch up and running for you. 

We'd like a few details from you in order to assist. Please meet us in DM so we may ask some isolation questions, and resolve your issue. https://t.co/GDrqU22YpT",dm_escalation,guided_escalation
18888,18888,18887,What should I do ? my iPhone's temp feels normal though,@120222 We can look into what's happening with the flash on your iPhone. How long have you been seeing this? Does a restart help? Which version of iOS are you using? You can check that in Settings &gt; General &gt; About. Let us know in DM and we'll work from there. https://t.co/GDrqU22YpT,troubleshooting,guided_escalation
18892,18892,18891,"My iphone 7 stuck on apple logo and keep rebooting , What can i do to fix it without losing any data !","@120223 That is not the experience we want you to have. Let's work as a team to get the iPhone up and running. First, we will need to gather more information. Please DM us the iOS version and what was happening before the device began restarting. https://t.co/GDrqU22YpT",troubleshooting,guided_escalation
20022,20022,20020,12/9TB of storage completely unusable and what happened to the data? What’s up Apple? 2/2,@120401 We'll be happy to see how we can help. Which Mac are you using this with?,information_request,other
21134,21134,21133,"just installed your latest update on my 6s, it failed, and now my phone won't even restore ""error 21"", thanks apple","@120630 We're happy to help get your iPhone back up and running. To start, check out the steps for that error here: https://t.co/VtLfFWoKGX",troubleshooting,actionable
21140,21139,21138,Now 4%. Wtf @115858,"@120631 We can help with battery life. Do you know what version of the iOS is on the device?  If not, you can check under Settings &gt; General &gt; About &gt; Version.",troubleshooting,actionable
21140,21137,21135,Version 11.11 (15B150),@120631 Thanks! We'll want to get your iPhone updated to iOS 11.1.2. Here's how: https://t.co/80YRnjDFDk,troubleshooting,actionable
21155,21155,21154,"Day 6 in the iTunes Lockout. I cannot get help or explanation. Cannot download apps, update them or play music on my iPhone. I bet some angry employee locked a thousand accounts and now won't pick up at 1-866-9703764 BadApple",@120639 That is not the experience we want you to have. We'd be happy to look into this with you. Can you DM us what you are experiencing with your iTunes account? What do you currently see on the screen? Are you signed in to the account? We'll continue this in DM. https://t.co/GDrqU22YpT,information_request,guided_escalation
21178,21178,21177,@115858 please stop making old operating systems extremely slow and buggy when the new phone comes out. I’ll get a new phone eventually but damn it just let me use the one I have now in peace and without freezing every ten seconds,"@120644 Hey, we'd like to help get your iPhone responding smoothly for you. Reply by DM, and tell us more about what you're seeing. Be sure to also let us know the iOS version shown in Settings &gt; General &gt; About. https://t.co/GDrqU22YpT",troubleshooting,guided_escalation
22986,22986,22985,AND the voice mail app is buggy AF @115858!!!!!!!,@121002 Let's get your Voicemail working as expected. Please tell us about what's going on in DM. https://t.co/GDrqU22YpT,dm_escalation,guided_escalation
22988,22988,22987,"Trying to download an app to a family member's phone that I purchased as the family group organizer. Being asked to purchase it, but I don't want to be charged again. Suggestions?","@121003 We can help. As long as this app supports Family Sharing, you'll be able to download it by following the steps in our article. Give them a shot, and let us know if this continues: https://t.co/IotWsTk0Px https://t.co/GDrqU22YpT",link_resource,actionable
22991,22991,22989,"More
@115858 My iPhone X makes a sounds when gently pressed on opposed corners, was told it was software (Apple Store), this isn't software, Please help!","@121004  Hello. We'd love to help with your concern, but we would need to gather some details on your description of the concern. Could you send us a DM and let us know the iOS version installed? Also, did it seem like this since first using the iPhone X? https://t.co/GDrqU22YpT",troubleshooting,guided_escalation
22991,22990,22992,This is the sound iOS 11.1.2,@121004 Thanks for that video. Let's look deeper into this with you. DM us what country you are in and we'll continue from there. https://t.co/GDrqU22YpT,troubleshooting,guided_escalation
22995,22995,22993,help!! My Mac App Store will not open so I cannot update my 2015 MacBook Pro currently running on OS X Yosemite 10.10.3,@121005 We'll be happy to assist. Are you getting any errors when you try to open the Mac App Store?,troubleshooting,actionable
22995,22994,22996,"No error messages show up. The app will not open from the dock, applications folder, or any other location.",@121005 When did you start to see this happening? Have you tried safe mode yet? If not here's how: https://t.co/PQ4LSYhUTY,information_request,actionable
22995,22997,22998,This started a few months ago. I tried safe mode and had no success,@121005 Let's dig further in via DM to see what we can figure out. Are you able to access iTunes and the iTunes store fully? https://t.co/GDrqU22YpT,information_request,guided_escalation
23077,23077,23076,"@115858 ok not sure why this is happening but I need assistance charged my iPhone X (purchased yesterday) wirelessly and reached for it and this was on the screen, I could probably fry an egg https://t.co/WgADbE9263",@121026 We'll be happy to take a look into this with you. Could you please send us a DM with what country you're located in so we can get started? https://t.co/GDrqU22YpT,troubleshooting,guided_escalation
23080,23080,23078,My MacPro is burning up while in sleep mode. Reliably returning to a computer thats been overheating for hours. Who pays when something burns out on a super expensive machine due to a glitch?! Apple MacPro,@121027 This is not an expected nor does it sound normal. We can understand your view on this and would like to take a closer look. Can you let us know where this heat seems originate on the Mac? Send us a DM. https://t.co/GDrqU22YpT,information_request,guided_escalation
23086,23086,23085,I decided to download IOS 11. Now I can’t download anything from the App Store. Is this problem being fixed soon? I’ve tried all the options to make it work. worstdecisionever,@121028 We know how important apps and app updates can be. We'd like to help. Does this happen when you're using Wi-Fi or cellular data? Is there another network you can try?,troubleshooting,actionable
23086,23084,23083,I have tried it on different WiFi and cell data. It seems to not work. Then quite some time after I have tired to download it will pop up multiple times to allow it to download then later it downloads out of no where. So it’s strange.,@121028 We definitely understand where you're coming from. Let's take a deeper look into this. Send us a DM and we'll get started. https://t.co/GDrqU22YpT,dm_escalation,guided_escalation
23086,23082,23081,The problem has seemed to resolve itself. Thanks so much for replying. If I have any further problems I will message.,"@121028 That's great news! Thanks for keeping us updated. If you run into any other issues, please let us know. Have a great weekend.",troubleshooting,actionable
23091,23091,23090,my phone crashed for no reason. What you gonna do about it? I'm stressed and depressed right now. Thanks,"@121029 We're happy to help. When you say your iPhone crashed, could you please provide a few more details? Also, which software version are you using?",information_request,other
23091,23089,23088,It cuts on but only to the apple logo and then it turns off again and idk iOS 10,@121029 Have you had a chance to connect to your charger? Please let us know in DM what happens when you do that. https://t.co/GDrqU22YpT,information_request,guided_escalation
23094,23094,23092,Dear what happened to ‘Play Next’?,"@121030 Thanks for reaching out. We'd like to know more to help. Are you referring to the Podcast app, Music or a different app? Let us know and we'll take it from there.",information_request,other
23094,23093,23095,Apple Music.,"@121030 To be sure we provide accurate information, can you tell us which device you're using?",information_request,other
23100,23100,23098,", why do I keep getting charged over £20 for anything I buy from iTunes? Bought an album for £4.99 and got charged £20.67. Same thing happened a couple of weeks ago to. Why?!",@121031 Our iTunes Store team would be happy to look into this with you. Reach out to them here:  https://t.co/SDIe7UiyJN,link_resource,actionable
23111,23111,23108,11.1.2 and the bug with the sound when you record screen on website or try to edit in iMovie still there!,@121032 We're happy to help out. Can you tell us more about these issues? Thanks!,information_request,other
23111,23107,23105,"All website. I can record with audio. The recording are playing well in Photos and the sound is ok. But when I import them in iMovie, the sound doesn’t follow. Only if I was in Safari when I made the screen recording",@121032 Is this iMovie for iOS or for the Mac?,information_request,other
23111,23103,23101,"And by the way, since iOS 11, Minecraft doesn’t work if I’m on the wi-fi so I cannot play with my son anymore. I see the logo and a white screen forever. If I desactivate the wi-if, the game open normally.","@121032 OK! Thank you for those details. So we can take a closer look, please let us know in DM if you have updates available for either app in the App Store. https://t.co/GDrqU22YpT",troubleshooting,guided_escalation
23111,23102,23104,The developper of Videoshop has been able to reproduce the bug and said it is a problem with iOS 11 and he can’t do anything about that problem. Sorry but... what is DM? (I’m sorry if it’s a stupid question),@121032 No worries. DM refers to Direct Message. It's a space that'll provide more room for us to work. You can get there using this link: https://t.co/GDrqU22YpT,dm_escalation,generic_escalation
23117,23117,23116,"Hi, it looks like I can no longer set the Podcasts app to only keep two recent episodes, and now a bunch of my podcasts are piling up and eating up my storage. Am I missing something or is this setting gone forever?","@121033 Thanks for the question. You can navigate to Settings &gt; Podcasts and set the download feature to manual. This will keep episodes from downloading until you are ready. Also, you can set it up to delete played episodes.",troubleshooting,actionable
23117,23115,23114,Thanks! But it used to be so nice when I could limit the number of episodes downloaded but still have some pre-downloaded for flights n things. Is the setting coming back?,"@121033 While we don't have a direct answer for you today, we’d encourage you to leave feedback at:
https://t.co/9WSVjlVyvt",link_resource,actionable
23117,23113,23112,Thanks for the direct link. I left a note.,@121033 You're welcome. We're here to help if you have questions in the future.,acknowledgement,other
23120,23120,23119,@115858 I am so fuxking done with you and these dumb ass updates. I literally have to have this phone for another year and a half until it’s paid off and I can’t be on my phone for more than 5 minutes before it glitches and completely freezes    🖕🏼🖕🏼🖕🏼🖕🏼🖕🏼🖕🏼🖕🏼🖕🏼,@121034 We know how important it is to have a phone that you can rely on. We'd love to work with you to see what we can do to get your phone up and running again. DM us the exact iOS version you are running. You can find this in Settings &gt; General &gt; About. https://t.co/GDrqU22YpT,troubleshooting,guided_escalation
23122,23122,23121,you guys are terrible back in October you said you’d send me something so I could send in my AirPods for repair since they didn’t work when I bought them. You never sent them to me at fort sill. Thanks!,@121035 We are happy to help. Please DM us and we will continue from there. https://t.co/GDrqU22YpT,dm_escalation,guided_escalation
23127,23126,23123,So how many attempts do I get and what happens if i Enter the wrong code???,"@121036 After attempting so many tries to enter the Restrictions passcode, your device will prompt you to wait an extended time before letting you try again.",troubleshooting,actionable
23130,23130,23129,"Dear @115858, you’re really rude for ruining the battery life on our phones with that last update.",@121037 We'd be happy to take a look into this with you. Could you please send us a DM so we can gather some information and get started? https://t.co/GDrqU22YpT,information_request,guided_escalation
23134,23134,23133,"Can you tell me how I can scan a document into notes, if I’ve already taken a picture of it, i.e. I want to use the image that’s already in my photo library. I can’t see a way to do this. Thanks!","@121038 Sure thing! We are glad to help! Could you let us know which iOS version you are running? The process has changed a little, and we want to make sure we’re giving you the best direction. You can find this info at Settings &gt; General &gt; About.",troubleshooting,actionable
23134,23132,23131,iOS 11.1.2,"@121038 Thanks! There are a couple of different ways. In any app that has the sharing icon, Photos, for example, you can choose to share directly to Notes. 
From the Notes app directly, you can tap the plus sign to bring up a photo sharing menu.",other,other
23137,23137,23135,come on you guys removed the option to leave a group conversation! ugh!! please bring that option back ASAP ios1112 iphoneX overit,"@121039 Thanks for reaching out. You can still leave a group text if you're using iMessage. If any users are not using iMessage, you can then mute the notifications. This article explains in more detail: https://t.co/zdkcAVkpSV
We're here if you have any questions.",link_resource,actionable
23137,23136,23138,Is this only for the iPhone X because I have a friend where she was able to leave a Work group conversation using her iPhone and not everyone on the group chat has an Iphone.,"@121039 If you're using iOS 11, a group message including users not on iOS devices can be muted, but you won't have the option to leave the group.
You're welcome to leave feedback about this feature here:  https://t.co/eTPVYVFyd8",link_resource,actionable
23137,23139,23140,Thank you,@121039 You're most welcome. Enjoy your day!,other,other
23142,23142,23141,Hello can you fix the keyboard bug in landscape mode?,"@121040 We'd like to take a closer look at this with you to figure out what's going on. Reach out to us via DM. When you do, be sure to confirm what type of device you're using, along with the specific version of iOS 11 that's currently installed. https://t.co/GDrqU22YpT",troubleshooting,guided_escalation
23166,23166,23165,My worst fear came true... my iPhone alarm isn’t working and never went off this morning,"@121044 Hello. We are here to help. Has this happened previously. Also, what is your iOS version?",information_request,other
23166,23164,23163,Just started happening last week and iOS is up to date,"@121044 Thanks for letting us know. Have you had a chance to check the ringer volume on your iPhone? Alarms match the volume you set for your ringer, so that alarm sound may be too low. 

DM if you check these settings, and need further assistance. https://t.co/GDrqU22YpT",troubleshooting,guided_escalation
23178,23178,23177,upgraded to 11.1.2 and iTunes Player won’t work on iPhone 7. ANNOYING,"@121048 Let’s work together to get this resolved. To be sure we’re on the same page, are you noticing and issue with the Music app, or a different app?",information_request,other
23178,23176,23175,The music app. Press on the icon and I get flash of a a black screen before returning to home. Have rebooted and reset,"@121048 Alright. Thanks for providing those added details. Rebooting is a great troubleshooting step to try. Just to clarify, can you tell us the steps that were taken to reset the device?
We've received your DM and can continue there. https://t.co/GDrqU22YpT",troubleshooting,guided_escalation
25245,25245,25244,"11.1 battery. Hi, I've noticed a significant decrease in battery life since upgrading my SE to IOS 11. 50% less!","@121458 Great battery life is part of what gets you and your iPhone through your day, and we want to make sure we get this resolved for you. So we can get started, how long has it been since you've updated? Did this start as soon as you updated? https://t.co/GDrqU22YpT",troubleshooting,actionable
25251,25251,25250,ever since I downloaded Animal Crossing I keep getting these notifications even though it’s fully downloaded and I’ve been playing it :( please help,"@121459 We can see how that would get in your way. Have you restarted your iPhone as a troubleshooting step? If you already have done so, let's delete Animal Crossing and see if this still occurs. If the error message ceases, we'll reinstall and go from there.",troubleshooting,actionable
25251,25248,25246,"i’ve tried restarting it a couple of times and no luck, just deleted it and i’m still getting the notification","@121459 Great job trying that. Besides downloading that game, have you downloaded anything else prior to this happening? Music or any other apps? Have you updated or restored from a backup recently? And, which iOS version is found at Settings &gt; General &gt; About? https://t.co/GDrqU22YpT",troubleshooting,actionable
25251,25247,25249,"I bought this phone on Friday and restored from a back up, it looks as if everything’s restored but it’s telling me it hasn’t here","@121459 Thanks for the screenshot, that really helps. Let's meet in DM and we can continue there. https://t.co/GDrqU22YpT",dm_escalation,generic_escalation
25267,25267,25265,why does it keep changing to I.T?,"@121463 You're in the right place for help! To guide us through troubleshooting steps, may we have the device and iOS version you're having this issue with?",information_request,other
25267,25266,25268,Latest,@121463 Let's take a closer look into this issue within a DM. Select the following link to join us there to continue. https://t.co/GDrqU22YpT,dm_escalation,generic_escalation
25270,25270,25269,my phone died and the little connect charger sign came up and when i got it turned back on it said my battery was half full that’s so cute @115858,@121464 We'd be happy to look into why your iPhone turned off and showed that symbol when it still had battery. Which iPhone and iOS version are you using? You can go to Settings &gt; General &gt; About &gt; Version to find the version.,troubleshooting,actionable
25318,25318,25316,", I just wanted to let you know that this is the second time facing a problem (sudden shutdown) with my iPhone which lead me to restore, delete everything and fresh install due to your recent software updates. Pls fix this issue quickly!!","@121475 We're glad you reached out to let us know. It's never our intention for you to have issues after updating the iOS on your iPhone. Did restoring help? If not, send us a DM and let us know. We're always happy to help work through any concerns with your iPhone. https://t.co/GDrqU22YpT",information_request,guided_escalation
25318,25317,25319,"Thanks for ur quick reply, yes it works for me. But I hope I will not face same problem in the future.","@121475 We have the same hope. If you do run into issues with an update in the future, we'll be here for you.",troubleshooting,actionable
25424,25424,25422,Bluetooth connection iPhone X to Infiniti is terrible. Garbled and scratchy cutting in and out >30% of time. Didn't happen W iPhone 6!!,"@121503 We want you to be able to enjoy your iPhone X with your Bluetooth devices. We'll do all we can to help. To start, what iOS version is currently installed? Does this issue occur with any other Bluetooth devices that you connect to?",troubleshooting,actionable
25424,25423,25425,11.1.2. I haven't tried it yet with my little Bluetooth sound bar at home but will soon.,"@121503 Thank you. Please let us know. If the issue is only with CarPlay, your firmware may need to be updated. Please visit us here: https://t.co/tqjOBvBgl0 for more information.",troubleshooting,actionable
2613,2613,2611,"Cupertino, we have a problem. . . . .",@116332 We'd like to see what we can do to assist. What version of iOS are you currently running? We released iOS 11.1 today.,information_request,other
2613,2610,2609,$100 billion says that solves my problem? I’m on 11.0.3 currently. Hold please.,@116332 Let us know and we'll continue from there. https://t.co/GDrqU22YpT,link_resource,actionable
2616,2616,2614,"why is my battery life short? I updated to 11.1, my battery is poor. Wife didn’t she likes her battery life","@116334 Let’s work together on this situation. To clarify, did this start after updating to iOS 11.1? Also, which device are you using?",information_request,other
2616,2615,2617,"Yes, after the update. I Phone 7",@116334 Got it. Does this happen while using any particular App or feature? Let us know via a DM. We’ll keep moving forward from there. https://t.co/GDrqU22YpT,information_request,guided_escalation
2620,2620,2618,watchOs4 made my watch pointless Browsing music on my phone via the watch was 80% reason for buying it now it’s useless.,@116335 You should still be able to control Music on your iPhone from the watch. Check out the user guide here: https://t.co/vRQnmrhVHj,troubleshooting,actionable
2620,2619,2621,But this does not show the music stored on my phone like it did in os3. I do not want to store music on my phone.,@116335 We certainly want to take a closer look into this issue. Select the following link to join us in a DM and we'll go from there. https://t.co/GDrqU22YpT,dm_escalation,generic_escalation
2624,2625,9166,@116336 @115858 my 7+ refuses to stay on WiFi calling ever since ios 11 and im seriously so over the customer service -___-,"@117644 We want to help you. DM us, and we can look into what's going on with Wi-Fi calling on your iPhone. https://t.co/GDrqU22YpT",dm_escalation,guided_escalation
2624,2624,2622,"It’s been a few days since @115858 made me update my phone’s operating system. Now constantly glitching, hmm 🤔 I’m shocked!",@116336 Hi there! iOS 11.1 was released earlier today containing some bug fixes. Let's back up and update: https://t.co/80YRnjDFDk,troubleshooting,actionable
2628,2628,2626,Question- @249 @115858 my iPhone6 dies very quick (have to charge it 3 times a day) my iPhone5 battery was faulty. Could this be the same?,"@116337 We know how important your battery is &amp; we'll be happy to help. Which iOS version are you using? Also, when did this issue begin?",information_request,other
2628,2627,2629,iOS 11.1 it’s been getting worse for a few months now,@116337 Please meet with us in DM. We'd like to gather some additional details from you. https://t.co/GDrqU22YpT,dm_escalation,guided_escalation
2632,2632,2630,And why is my music NEVER in my control center?!,@116338 We're here to help out! Which device is this on and which version of iOS is currently installed?,troubleshooting,actionable
2632,2631,2633,"iPhone 7+, iOS 11.1","@116338 Thank you very much! Send us a DM to let us know if your speaker doesn't work on calls, or if other apps are affected as well. https://t.co/GDrqU22YpT",dm_escalation,guided_escalation
2635,2635,2634,"@115858 Just updated iOS on iPhone7, now iCloud backup greyed out, cannot be turned on, says “Last Backup Never”",@116339 Check out this link: https://t.co/Lr8zUtw9ls Send us a DM if it doesn't help. https://t.co/GDrqU22YpT,troubleshooting,generic_escalation
2640,2638,2636,...cost for sending in for diagnosing a problem if it's out of warranty?,@116340 We can help. Let’s start with the following steps to see if we can save you a trip in for service: https://t.co/RqWW0duJ0U,link_resource,actionable
2640,2637,2639,"Hi, I plugged an adapter straight into the transformer and it still didn't charger. The charger LED does not light up either.",@116340 We certainly want to take a closer look into this. Select the following link to join us in a DM and we'll go from there. https://t.co/GDrqU22YpT,dm_escalation,generic_escalation
2642,2642,2641,still no reliable Bluetooth on my iPhone 8+.,@116341 Thanks for reaching out. DM which Bluetooth device you are trying to connect to so we can help. https://t.co/GDrqU22YpT,troubleshooting,guided_escalation
2645,2645,2643,@115858 when will the bug in the calendar app be fixed? I upgraded to iOS 11.1 and it still crashes when iOS 11.03,@116342 We'd like to help. What is going on with the app?,information_request,other
2645,2644,2646,"When you roll the month, it does not appear and hangs",@116342 We'd like to take a closer look at this. DM us and we'll go from there. https://t.co/GDrqU22YpT,dm_escalation,generic_escalation
2648,2648,2647,do you have any apps for epilepsy so I can detect my seizures thanks in advance,"@116343 Hey, we can provide some guidance. Let's meet in DM and we'll go from there. https://t.co/GDrqU22YpT",dm_escalation,generic_escalation
2650,2650,2649,"@115858 really needs to fix this update. My phone has never been slower, for real.",@116344 We're here to help with any issues you may having with performance. Let us know the exact iOS version to get started.,acknowledgement,other
2656,2656,2655,My iPhone has erased and re-added emails dating back from 2013 til now twice in the past 24 hours. Wth???,"@116345 We'll be happy to look into this with you. To clarify, which iPhone model do you have and what's the exact iOS version?",information_request,other
2656,2654,2653,newest version of iOS and iPhone 7,"@116345 Since we just released iOS 11.1 today, can you clarify which exact version you have installed?",troubleshooting,actionable
2656,2652,2651,11.0.3,@116345 Got it. We'd recommend backing up and updating your device to 11.1 and test things out further. Keep us posted on the results.,troubleshooting,actionable
2659,2660,56440,@116346 @115858 @115714 Yes a legit nothing fixes it for me,@128775 We'll be happy to look into this issue for you concerning you device. Please shoot us a DM. -AS,dm_escalation,guided_escalation
2659,2659,2658,Is anyone else having problems with there iPhone 7 saying no service? @115858 @115714,@116346 We want to help with this. Let's start troubleshooting by trying the steps here: https://t.co/5KootZbxj1,troubleshooting,actionable
2662,2662,2661,So why is this happening I I I,@116347 We'd be glad to see what we can do for you. Let's meet up in DM first. Thanks! https://t.co/GDrqU22YpT,dm_escalation,guided_escalation
2666,2666,2664,I keep getting this error message saying “the item can’t be played” and idk how to fix it...,@116348 We'd like to look into this with you. Does the song appear to be greyed out?,information_request,other
2666,2665,2667,Yes,@116348 Thank you for reaching out. We've received your DM and will continue working with you there.,dm_escalation,generic_escalation
26675,26675,26673,Sooooooo is @115858 ever going to fix this annoying glitch for when I type the letter I️ it does that annoying box with the ? Thing! This is stupid. I️m just going to switch over to Android soon.,@121838 Here’s what you can do to work around the issue until it’s fixed in a future software update: https://t.co/xXaXeeSRt9,troubleshooting,actionable
26675,26672,26671,Oh and would you look at that..... hope you can decipher what that says. It’s like reading hieroglyphics.,@121838 Let's continue within DM here: https://t.co/GDrqU22YpT,dm_escalation,generic_escalation
26675,26670,26669,No thanks. I’d rather switch to Android than discuss this further.,@121838 We'll be here should you need to reach out again for help as we understand wanting to enjoy your device. Have a good one.,other,other
26677,26677,26676,@115858 please update your software I️ am tired of seeing I️ everytime I️ try to type,@121839 Here’s what you can do to work around the issue until it’s fixed in a future software update: https://t.co/xXaXeeSRt9,troubleshooting,actionable
26679,26679,26678,WTF @115858 I️ put a text replacement for the letter “I “ and it keeps removing it 😡,@121840 We'd be happy to look into this with you. Could you please send us a DM so we can get started? https://t.co/GDrqU22YpT,information_request,guided_escalation
26681,26681,26680,tell me why the i keeps doing this stupid shit A with the boxed question mark make it stop,@121841 Here’s what you can do to work around the issue until it’s fixed in a future software update: https://t.co/xXaXeeSRt9,troubleshooting,actionable
26684,26684,26682,"Teally upset, downloaded latest 11.0 update now apps will not work on iPhone or IPad. Tech support was worthless after 120 minutes tried to blame me! Getting new phone and different notebook. This is outrageous!",@121842 We'd be happy to look into this with you.  Feel free to DM us what country you're located in and we'll go from there: https://t.co/GDrqU22YpT,troubleshooting,guided_escalation
26686,26686,26685,Yo @115858 please fix this iOS glitch. I have no idea what my friends are trying to tell me and all of our group chats look crazy.,@121843 Here’s what you can do to work around the issue until it’s fixed in a future software update: https://t.co/xXaXeeSRt9,troubleshooting,actionable
26691,26691,26690,"my iphone is still glitchy, keeps swapping screens when I try to type.","@121844 Thank you for reaching out. We want to help. To start, can you tell us which iPhone and iOS you’re using?",information_request,other
26691,26689,26687,6s. 11.0.3.,@121844 Got it. Let’s complete the update to iOS 11.1. Here’s a link that will help: https://t.co/80YRnjDFDk,troubleshooting,actionable
26693,26693,26692,You’ve gone to far @115858 I️ need to be able use I️ with this shit going on. I️ do not approve.,@121845 Here’s what you can do to work around the issue until it’s fixed in a future software update: https://t.co/xXaXeeSRt9,troubleshooting,actionable
26696,26696,26694,Hey @115858 I️  think we need to have a talk #applebug #iphoneglitch https://t.co/VKS5P57WCv,@121846 Here’s what you can do to work around the issue until it’s fixed in a future software update: https://t.co/xXaXeeSRt9,troubleshooting,actionable
26698,26698,26697,"It’s an important letter, @115858. Fix it.",@121847 Here’s what you can do to work around the issue until it’s fixed in a future software update: https://t.co/xXaXeeSRt9,troubleshooting,actionable
26700,26700,26699,Today would be a good day for @115858 to fix the “i” bug... I️,@121848 Here’s what you can do to work around the issue until it’s fixed in a future software update: https://t.co/xXaXeeSRt9,troubleshooting,actionable
26702,26702,26701,@115858 what is wrong with my keyboard like? Lol I️,@121849 Here’s what you can do to work around the issue until it’s fixed in a future software update: https://t.co/xXaXeeSRt9,troubleshooting,actionable
26714,26714,26710,help?,"@121850 We're here to help in any way we can. Since we offer support in English, could you let us know what the message says?",information_request,other
26714,26705,26703,"Yes thank you! So I downloaded ""Harry Styles: Behind the Album/ Behind the Music Video"" in May. And now suddenly I just can't watch it",@121850 Are you able to play other videos and music without issue?,information_request,other
26714,26704,26706,Yes it's just that one,"@121850 Was this purchased or was it content that was available for free? Also, was it downloaded to your device or did you stream it?",information_request,other
26714,26708,26709,Maybe it's the phone making problems? Maybe I should do the iOS updates?,@121850 Which iOS version are you currently using? Let us know in a DM. https://t.co/GDrqU22YpT,information_request,guided_escalation
26718,26718,26717,Hey @115858 is this covered under warrantee? Gonna take 40 minutes for a tech to see it at the AppleStore near me. https://t.co/ttBsLJJbQa,@121851 Are you currently in an Apple Store? Let's meet up in DM to discuss our options.,information_request,guided_escalation
26718,26716,26715,I hit up your DMs,"@121851 We appreciate that. We did receive your DM, so check for a response there shortly. https://t.co/GDrqU22YpT",troubleshooting,guided_escalation
26720,26720,26719,"@115858 the glitch problem happens with the letters O, U, and K too 🤔 https://t.co/0LsQuPwc5c",@121852 We'd like to help out. DM us and we'll go from there. https://t.co/GDrqU22YpT,dm_escalation,generic_escalation
26722,26722,26721,i would rather be called a peasant than use a phone that glitches out when “I” type the letter “I” figure your shit out.,@121853 Here’s what you can do to work around the issue until it’s fixed in a future software update: https://t.co/xXaXeeSRt9,troubleshooting,actionable
2676,2676,2675,HELP ME. I have a problem with my iPhone 7,@116349 We're happy to help. What seems to be the problem?,information_request,other
2676,2671,2669,check this out,@116349 Send us a DM please and we will go from there. https://t.co/GDrqU22YpT,dm_escalation,generic_escalation
2678,2678,2677,"Any idea why icons show up like this? I did force reset to no avail. After initial notification display, they show up.","@116350 We're here for you. DM us, and we'll look into this together. https://t.co/GDrqU22YpT",dm_escalation,generic_escalation
2682,2682,2681,ios 11.0.3 on 6s. Cannot adjust alarm volume so waking up all in my house and neighbours despite ringer being set to minimum!,"@116351 We'd love to help with your alarm volume. Is the option to ""Change with Buttons"" disabled under Settings &gt; Sounds?",troubleshooting,actionable
2682,2680,2679,It’s sorted. Thanks. iOS update needed a change and hard reboot,@116351 We're glad to hear that's sorted out for you. Have a great day.,other,other
2684,2684,2683,live photo keeps turning on in the camera even when it’s set to stay off. Please fix in next update.,"@116352 Hey, we can work together to figure out a solution. Send us a DM and we'll continue from there. https://t.co/GDrqU22YpT",dm_escalation,generic_escalation
27331,27331,27329,force touch for app multitask gone in iOS11 ?,"@121981 That feature isn’t a part of iOS 11. We always enjoy hearing feedback. Please submit yours here:
https://t.co/oWzjJxkvlC",link_resource,actionable
27440,27440,27439,all of a sudden I am getting emails pushed via apple mail- I’ve had them set as fetch for a long time. Can’t find where to change back to fetch. The only change I have made is software update. HALP! I don’t want all these to push.,"@122014 We can understand not wanting the incoming emails to push through. We'll get to the root cause of this, and find you the information you need.

In order to do so, we have some questions for you. Please meet us in DM with your current iOS and we'll go from there. https://t.co/GDrqU22YpT",dm_escalation,generic_escalation
27442,27442,27441,"how come @115858  that is suppose to be a top tech company, cant manage to create an update that doesn't make my iphone slower, and freezing constantly after updating it? my iphone version is only one from the last, and i have enough memory left... $ not worth",@122015 We can help with iPhone performance. What device are you currently using? We'll help get that resolved.,information_request,other
27508,27508,27507,Unable to update apps when connected to WiFi.,"@122018 Thanks for reaching out to us about this issue. We want your device to work for you and we'll be happy to help out. To get started, can you tell us which device and OS version you're having this problem with? Also, what happens when you try to update?",troubleshooting,actionable
27508,27506,27505,"I am using iOs 11.1.2 in my iphone 6s.. as soon as put the apps in update, they get pending to get updated and later on failureof update notice pops up","@122018 We understand how important it is to keep your apps up to date. So we're clear, are you trying to update all or one at a time? Are you able to update using cellular data?",troubleshooting,actionable
27508,27504,27503,Yes i am able to update them using cellular data. And yes i update all of them at once,"@122018 Thanks so much for letting us know. Since it's been isolated to a Wi-Fi issue, we want to rule out Wi-Fi connection settings and software on the device itself. Please meet with us in DM so we can continue to work together. https://t.co/GDrqU22YpT",troubleshooting,guided_escalation
27511,27511,27509,please tell why my new iPhone 8 keeps telling me that iMessage is waiting for activation,"@122019 We want to do all we can to get your iMessage working on your new iPhone 8. Please let us know in DM, what iOS software is currently installed on the device, along with the exact error message you're seeing. We'll be happy to help from there. https://t.co/GDrqU22YpT",troubleshooting,guided_escalation
27511,27510,27512,Latest version of iOS. It says a error occurred during activation. Turned phone off and on. Nothing. New phone just set it this evening,@122019 We received your DM and have responded there.,dm_escalation,generic_escalation
29553,29553,29550,Since the newest update my MAC won't stay connected to my mouse & kb (bluetooth). Help !?!,"@122490 We know how essential Bluetooth is to using wireless devices. We'll be happy to work with you to get to the bottom of this. To confirm, you updated to macOS 10.13.1, correct? Have you tried unpairing and repairing your Bluetooth devices?",troubleshooting,actionable
29553,29549,29548,"Sometimes they're connected, sometimes they're not. Sometimes it even says bluetooth not available in the bar on top yet one will be connected!? Started after I updated.","@122490 You mentioned the Bluetooth icon shows as not available sometimes. Is the Bluetooth icon grayed out at the top? When this occurs, are you able to toggle Bluetooth on and off via System Preferences? Let's dig into this deeper over DM: https://t.co/GDrqU22YpT",information_request,guided_escalation
29553,29547,29546,I GOT IT TO WORK thanks to chatting w/a tech who had another one call and help me out! Thanks so much!! xxoo,@122490 We are happy to hear all is working as expected again. Enjoy the rest of your day.,other,other
29558,29558,29554,your new iOS slowdown my phone and delayed everything. you should know by now that some folks works with their phone and you can messe up people work. Test the damn thing before lunch it. Or come up with a big warning “it slow down 6.7,"@122491 We understand how important your iPhone is, and we're here to help. Send us a DM, and we'll take a closer look at your device together there. https://t.co/GDrqU22YpT",dm_escalation,guided_escalation
29558,29555,29559,And this is my textbook and one on top is Airbnb,"@122491 Thank you for showing us those screenshots. Which version of iOS 11 do you have on your iPhone right now? You can check at: Settings &gt; General &gt; About

Does the logo return to normal after the app loads? Does this happen with all apps?",troubleshooting,actionable
29558,29560,29562,Other wired thing before I update I had 6 gig available and after I have 10 more. I don’t know why,@122491 Did this just happen when you updated to iOS 11.1.2 or did you notice it with a previous iOS update? Did the slowness start with this update or a previous update? Let us know in DM. We'll continue there. https://t.co/GDrqU22YpT,troubleshooting,guided_escalation
31408,31408,31406,the I keeps autocorrecting to a strange symbol,@122925 Let's look in to this issue together. Which iOS version is installed? You can find that from Settings &gt; General &gt; About.,troubleshooting,actionable
31408,31407,31409,11.1,"@122925 Perfect, thanks. Let's go to Settings&gt; Reset&gt; Reset keyboard dictionary to remove any unwanted corrections. Then restart.",troubleshooting,actionable
31408,31410,31411,That worked. Thank you.,@122925 You're very welcome. Please let us know if there's anything else we can do for you.,other,other
31408,31412,31413,It’s still happening,@122925 Let's continue to work together on this issue. Send us a DM. https://t.co/GDrqU22YpT,dm_escalation,generic_escalation
31419,31419,31418,iphoneissues why is my phone recognizing capital i as an emoji? This is annoying. i can’t write professional emails for work,@122928 We'd be happy to help. Let's move over to DM. Let us know your iOS version. https://t.co/GDrqU22YpT,dm_escalation,guided_escalation
31419,31420,31965,I’ve had the same problem all day.,"@123070 Let's look into this together. Which device are you experiencing this on, and which software version is it running?",information_request,other
31422,31422,31421,"Bro I have never seen my phone crash so much 😒, it’s pissing me off , fuck IOS 11 @115858",@122929 That is not the experience we want you to have. Which iPhone model do you have? Let us know in DM. https://t.co/GDrqU22YpT,information_request,guided_escalation
31424,31424,31423,would be nice if you guys fixed your stuff so I can type I normally instead of I popping up every time..,@122930 We're here to help. Let's take this to DM so we can better assist you. https://t.co/GDrqU22YpT,dm_escalation,generic_escalation
31427,31427,31425,Is anyone else ‘I’ turning into a question mark when they type? I️ have a i on my emoji keyboard too? https://t.co/QEA49tNcmv,@122931 We can help. Which version of iOS are you currently running?,information_request,other
31427,31426,31428,iOS11 I’ve tried resetting the keyboard it didn’t work.,@122931 Join us in DM and send us a screenshot of Settings &gt; General &gt; About. https://t.co/GDrqU22YpT,troubleshooting,generic_escalation
31432,31433,40520,Jk its still not working I turned my auto correct off now.,"@122932 If you'd like us to help further with this issue, just send us a DM, and we'll work on it with you. https://t.co/GDrqU22YpT",dm_escalation,generic_escalation
31432,31432,31429,Hey my keyboard is going haywire when I type I help,@122932 We'd like to help. Which software version are you using on your iPhone?,information_request,other
31436,31436,31434,"@115858 trying to cancel an online order, each time I login i'm told I don't have access to the order.",@122933 Hello. Our Sales Support team will be happy to assist you with this issue here: https://t.co/RmFSlCBcIE,link_resource,actionable
31436,31435,31437,"Just used your ""chat"" portion on help, it won't let me chat with anyone. My apple ID has been very buggy","@122933 You can follow the steps listed in ""Cancel Order"" section to have this canceled: https://t.co/jr7MZtpSNY",link_resource,actionable
31436,31438,31439,"Yes, same thing. Its not working. I'm trying on both my account and as a guest. It says both times that I do not have access.","@122933 Meet us in DM with your location (country), please. https://t.co/GDrqU22YpT",troubleshooting,guided_escalation
31441,31441,31440,can you tell me why my Apple tv4 with screen saver set to never update will suddenly have new a “video” in the aerial views?,"@122934 Thank you for reaching out to us. For help with this, please contact our Apple TV experts here: https://t.co/IBIY3vMgPj",link_resource,actionable
31444,31444,31443,"Hey I think my phone has dementia. No matter how many times I tell it not to update, it keeps asking.","@122935 While this is expected to send reminders, you can leave us feedback about that here:  https://t.co/eTPVYVFyd8",link_resource,actionable
31447,31447,31446,"Hey So it’s been like this for a while, from 10.13 to 10.13.1, even under the Technology Preview version, any idea?",@122936 We want to take a look at this with you. Reach out to us in DM with more information. https://t.co/GDrqU22YpT,dm_escalation,generic_escalation
31450,31450,31448,AppleWatch os4.1 has a glitch. November Challenge show I’ve burnt a lot of calories in just 14.5 hrs,"@122937 We'll be happy to help out. To clarify, did October record calorie burning accurately or is this a new issue for November?",information_request,other
31450,31449,31451,October challenge was fine. November challenge went weird after update,@122937 Which iPhone model do you have and what's the exact iOS version installed? Any steps tried so far? https://t.co/GDrqU22YpT,troubleshooting,actionable
31455,31455,31452,"Hi after upgrading to iOS 11.1 this control center dunno where to stay - up, middle and down. Now in the upper section. ios11","@122938 Hey, we'd love to help with your AssistiveTouch. Let's try a standard restart, here's how: https://t.co/OWRDHWSt4h",troubleshooting,actionable
31455,31454,31456,"Thanks! I guess I know the reason why.Wherever u put the assistive touch up,down,middle & when pressed is also where the control center is.",@122938 That is expected for Assitive Touch. The following article provides more information. https://t.co/v2idjufVri https://t.co/GDrqU22YpT,link_resource,actionable
31460,31460,31457,Yo @115858 what’s this new questions mark in my predictive text? I’m assuming it has smtg to do with that bum ass update,@122939 Hi there. We'd be happy to help. Can you tell us what you mean by new question mark?,information_request,other
31464,31464,31462,"Hi my iPhone vibration not working after update iOS 11.0.3,mine is iPhone 6S",@122940 iOS 11.1 has just been released. Let's try updating to that and we'll see how things are. Here's how: https://t.co/80YRnjDFDk,troubleshooting,actionable
31464,31463,31465,"Ok,I’ll give it a try",@122940 We look forward to getting an update from you in the near future.,troubleshooting,actionable
31464,31466,31467,"Update to latest version,did the restart thing but still no vibrate at all when notifications coming",@122940 Let's look into this some more. Send us a DM and let us know anything else you have tried as well as the country you're in. https://t.co/GDrqU22YpT,troubleshooting,guided_escalation
31470,31470,31469,"28 min Benutzung, 42 min Standby: 10% Akku verbraucht. Mit iOS 11.1 hat sich nichts getan, eher noch schlimmer geworden",@122941 We offer support via Twitter in English. Contact us for help in your preferred language here: https://t.co/IBIY3vMgPj,link_resource,actionable
31474,31474,31473,Ios 11.1 & I can’t even turn off the wifi & bluetooth from the control center!!,@122942 We can help. Here's a great article to clarify more about Wi-Fi &amp; Bluetooth in the Control Center: https://t.co/vzVz37YMv0,link_resource,actionable
31477,31476,31475,HELP how can I fix this problem immediately ? Apple iOS11,@122943 We've gotten your DM and will continue working with you there.,dm_escalation,generic_escalation
31480,31479,31478,pls help,@122944 We'll do all we can to help out. Please DM us more about what's going on. https://t.co/GDrqU22YpT,dm_escalation,guided_escalation
31482,31482,31481,Help!! I need to update the payment method for my iPhone X pre-order. It won’t let me do it online,@122945 We're happy to help you with that. DM us the country you are located in so we can better assist you:,troubleshooting,guided_escalation
31485,31485,31483,Hey and does this improve iOS11's excessive battery consumption? iOS11 ios apple battery,@122946 Update improvements can resolve lots of issues. Learn more about iOS 11.1 here for specifics: https://t.co/iwrxY4BcIv,troubleshooting,actionable
31485,31484,31486,But this does not solve the battery. When will they provide an update that resolves battery consumption?,"@122946 If you are still experiencing issues with battery life, send us a DM. Let us know if there are any app updates available. https://t.co/GDrqU22YpT",troubleshooting,guided_escalation
31491,31491,31489,@115858 need a update for iOS 11 where the WiFi doesn’t turn itself on ALL THE TIME- Tia,"@122947 We know how important your iPhone is. Tell us, are you turning Wi-Fi off from the Control Center or from Settings &gt; Wi-Fi?",troubleshooting,actionable
31491,31490,31492,I’m turning it off from the control center I believe,@122947 OK! Take a look here for the way Wi-Fi functions in the Control Center of iOS 11:  https://t.co/G7BHuQnDS6,link_resource,actionable
31653,31653,31652,#Siri is brain damaged.. and my phone has become ridiculously slow. I get that u want me to buy the new phone @115858 but far too obvious. @122986 pixel is looking better all the time..,"@122985 We’re here to help with any issues you’re having. What exactly is going on with the device? Are certain apps or features running slowly? Also, which iOS version are you currently running? You can check that in Settings &gt; General &gt; About https://t.co/GDrqU22YpT",troubleshooting,actionable
31860,31860,31859,hey this is the 2nd time I've seen a random $15 charge to my account from itunes on my card and I haven't gotten anything,@123035 We'd want to get you in touch with our iTunes Store support here: https://t.co/SDIe7UiyJN,link_resource,actionable
31862,31862,31861,"Why can't I log into my icloud on my Iphone 7 plus? My phone updated, logged me out of everything and won't take new pw.",@123036 We'd like to help. Are you able to log into https://t.co/9bUADNIlYp successfully? Let us know in DM. https://t.co/GDrqU22YpT,information_request,guided_escalation
31864,31864,31863,"Why oh why make @45572 on iOS harder to use. Can’t change title of an open doc! WTF, BAD, BAD @115858",@123037 We want to get you in the right place for help. Use this link to connect to our Pages experts: https://t.co/IBIY3vMgPj,link_resource,actionable
31866,31866,31865,"@115858 since we have update our phone we are facing many problem ringer is not working,network issue, phone hang problem. Poor update","@123038 We want your iPhone to be working as expected. Send us a DM with more details, and we'll start there. https://t.co/GDrqU22YpT",dm_escalation,guided_escalation
31869,31869,31867,Battery draining in recent updates of iOS 11.1 on my iPhone 6s. Why please fix it as soon as possible,"@123039 We've received your DM, and we'll continue working with you there. https://t.co/GDrqU22YpT",dm_escalation,generic_escalation
31871,31871,31870,please do something about iOS 11's battery drain issue. I literally have my iPhone 6 plugged in and it's still losing power.,@123040 We're here to help. Let's take this to DM so we can better assist you. https://t.co/GDrqU22YpT,dm_escalation,generic_escalation
31873,31873,31872,My iPhone just signed itself out of iCloud and I lost all of my synced contacts when I tried to sign back in.,@123041 Are these contacts on the iCloud website? Check here from a computer and let us know: https://t.co/tmRhWEkIq4,troubleshooting,actionable
31881,31881,31880,"@115858 hi, facing problems of mobile hanging. Moblile gets hanged while having conference call, massaging, etc. become very slow many times",@123042 That is certainly not the experience we want you to have. Which iPhone model do you use?,information_request,other
31881,31879,31876,6S,@123042 Great. Let us know which specific iOS version you're running in a DM. https://t.co/GDrqU22YpT,dm_escalation,guided_escalation
31881,31875,31874,This is self explanatory screen shot of one of example of hanging,@123042 Let's see if updating the iPhone to iOS 11.1 helps. DM us if it doesn't. https://t.co/80YRnjDFDk https://t.co/GDrqU22YpT,dm_escalation,generic_escalation
31884,31884,31882,I can’t download apps from the app store.,@123043 Let’s work together to get your apps downloading again. Are you downloading updates or new apps? Any messages when downloading?,troubleshooting,actionable
31884,31883,31885,Both downloading updates and new apps. No messages shown when I’m downloading.,@123043 Excellent information. Please send us a DM telling us which iPhone you have and the iOS version it's currently running. https://t.co/GDrqU22YpT,dm_escalation,guided_escalation
31887,31887,31886,#iOS11 keeps deleting apps!! For fucks sake @115858 sort your shit!,@123044 We'd like to help. Could you Direct Message us so we can get more information? https://t.co/GDrqU22YpT,information_request,guided_escalation
31893,31893,31892,"I hate Chang sometimes, I really do. , fix the mystery boxes please.",@123045 We certainly want to help! Which version of iOS are you currently running? Have you updated to iOS 11.1?,troubleshooting,actionable
31893,31890,31888,Yes...,@123045 Thanks for that info. Let's go to Settings &gt; General &gt; Reset &gt; Reset Keyboard Dictionary. Then restart &amp; test again.,troubleshooting,actionable
31893,31889,31891,It didn’t work.,@123045 Thanks for giving that a try! Go ahead and reach out to us in DM so we can continue troubleshooting together to resolve. https://t.co/GDrqU22YpT,troubleshooting,generic_escalation
31895,31895,31894,somebody trying to get into my account,@123046 Thanks for reaching out. We want to help. Tell us more about what's happening in DM. https://t.co/GDrqU22YpT,dm_escalation,guided_escalation
31897,31897,31896,someone help me what halloween sorcery is this @115858 https://t.co/nZGaYCxLBy,@123047 Thanks for reaching out. DM which iPhone and specific iOS version you are using to get started. https://t.co/GDrqU22YpT,dm_escalation,guided_escalation
31899,31899,31898,"After the last update, I cannot hear my phone calls. What is happening?",@123048 Send us a DM and let us know what version of iOS you're currently running. We'll go from there. https://t.co/GDrqU22YpT,dm_escalation,guided_escalation
31902,31901,31900,Nope. what is going on?,"@123049 We'll be happy to look into this with you. To get started, let us know which iOS version you have installed.",troubleshooting,actionable
31905,31905,31903,"@115858 Iphone 8, ios 11.0.2.  Auto lock function not working properly. Will not lock unless i manually press power button. On for hours.",@123050 We'd be happy to see what's causing Auto-Lock to not work as expected. Let's see if updating helps: https://t.co/80YRnjDFDk,link_resource,actionable
31905,31904,31906,"I updated to 11.1, and so far it works flawlessly! Thanks for the new update!",@123050 You're welcome.,other,other
31908,31908,31907,Yes. It became unstable :(,@123051 We understand your concern. Let's work together to solve these issues. Does this Wi-Fi issue happen on all networks?,information_request,other
31911,31911,31910,"After updating to 10.13.1 to fix freeze issues of High Sierra, I went to a complete black screen. Test product before release",@123052 We want to help. Are you still seeing a blank black screen on your Mac? Send us a DM. https://t.co/GDrqU22YpT,information_request,guided_escalation
31913,31913,31912,"@115858 iPhone 7 user with iOS 11 having a bug in its calculator app, 1+2+3=24
Thinking of buying a new apple iPhone x (wondering should I) https://t.co/J9g7i5TTuq",@123053 We're happy to help you with this. Join us in DM so we may better assist you: https://t.co/GDrqU22YpT,dm_escalation,guided_escalation
31915,31915,31914,"Hey @115858 can you stop focusing on adding more emojis in updates, and start focusing on how to fix my phone’s battery?",@123054 Battery life is surely important to us &amp; we'll do all we can to help. Which iPhone model &amp; what iOS version is installed?,troubleshooting,actionable
31918,31918,31916,@115858 the latest update is very glitchy! Did you do away with the double tap home button to bring the screen down for the PLUS? #notworking,"@123055 We'd like to look into this with you. We recently released iOS 11.1, is this the update your referring to?",troubleshooting,actionable
31921,31921,31919,Is it just me or does the X to close out your notifications only show up sometimes? Does anyone know how to fix that?,@123056 This is the expected behavior for notifications. Take a look at this: https://t.co/2txgOv5s2M,link_resource,actionable
31921,31920,31922,That’s dumb as hell. Why isn’t there an X to close them out all the time? And not have to wait until an X to appear? Bring the X back!,@123056 We can help get you to the right place to make your suggestion. Provide your feedback here:  https://t.co/eTPVYVFyd8,link_resource,actionable
31926,31926,31924,"received this email which i believe happened to be a scammer, sender’s email is suspicious tho. Could u pls clarify this up?",@123057 This is not a legitimate email from Apple. This article explains how to identify and report the email: https://t.co/LNMCdqt6fD,link_resource,actionable
31926,31925,31927,Noted. Thank you!,"@123057 No problem, we’re happy to help! Let us know if we can assist with anything in the future. Have a great day!",other,other
31929,31929,31928,Okay @115858 fix this shit! I’m tired of seeing these boxes when I’m typing an I.,@123058 We'd like to look into this with you. Please DM us your country and current iOS version. https://t.co/GDrqU22YpT,troubleshooting,guided_escalation
31931,31931,31930,Can I pay for  Care + online with an Apple Store gift card or do I have go into the store?,@123059 We'll get you pointed in the right direction. Please DM us so we can go over all options. https://t.co/GDrqU22YpT,dm_escalation,generic_escalation
31933,31933,31932,Why do my tweets have hashtags and square question marks? I’m updated to the latest iOS 11.1 @115858 fix me. #apple https://t.co/XzauijV1pG,@123060 We've received your DM. Please look for a reply from us there.,dm_escalation,generic_escalation
31935,31935,31934,"So at midnight my phone just went blank, spun the wheel,and asked me to enter my passcode ...wtf since os 11 this randomly :(",@123061 Let's take a look at this further for you. Reach out to us in DM with more information. https://t.co/GDrqU22YpT,dm_escalation,generic_escalation
31938,31937,31936,whenever I type the letter “i” it auto corrects to a “a ?” What is going on!????,@123062 Let us help you get this sorted out. Join us in DM so we can better assist you: https://t.co/GDrqU22YpT,dm_escalation,generic_escalation
31940,31940,31939,HEY @115858 WHY IS MY BLUETOOTH CONSTANTLY TURNING ITSELF ON BY ITSELF I WANT ANSWERS,"@123063 Are you disabling Bluetooth from Control Center? If so, this is expected in iOS 11. Here's more info: https://t.co/vzVz37YMv0",information_request,actionable
31945,31945,31942,Yo what’s up with this glitch every time I try to type the letter “I” I,@123064 We'd like to help you out. Which device are you using and which iOS are you running?,information_request,other
31945,31944,31946,7 plus latest iOS,"@123064 We'd like you to reset your Keyboard Dictionary from Settings &gt; General &gt; Reset. Next, restart your iPhone. Any changes?",troubleshooting,actionable
31945,31947,31949,Wait no never mind I still can’t type “I”,@123064 We'd be happy to look into this with you further. DM us using the link below and we'll go from there. https://t.co/GDrqU2kzhr,dm_escalation,guided_escalation
31952,31951,31950,thoughts,"@123066 Let's team up on this. Send us a DM with the iOS version your iPhone is running, and we'll meet you there. https://t.co/GDrqU22YpT",dm_escalation,guided_escalation
31954,31954,31953,"everytime I go into social media I cannot DM anyone photos, not on twitter or Facebook. I have over 7k photos here it’s says 0","@123067 We have received your DM and thank you for the time required to share this information with us, we will respond in DM shortly.",dm_escalation,generic_escalation
31962,31962,31961,AirPods are connected but don’t play audio anymore any troubleshooting tips?,"@123068 We can certainly take a look!  To begin, does this occur with all devices or just one?",information_request,other
31962,31960,31959,iPad and iPhone,"@123068 Alright, can you tell us what iOS version you're currently on?  Also, have you tried unpairing and pairing your AirPods again?",information_request,other
31962,31958,31957,iPad 11.0.3 iPhone 11.0.3 and yes I have tried unpairing and issue still persisted,@123068 We'd recommend creating a backup of the data on both devices and updating to iOS 11.1. Please let us know if this helps.,troubleshooting,actionable
31962,31956,31955,That fixed it,@123068 Great. Let us know if you have any further questions or concerns. We're happy to help.,other,other
31964,31964,31963,@115858 shards of glass literally stabbed me when my screen broke. Fuck you apple I phone.,@123069 Send us a DM so we can help. We'd like to get some more information on what happened here. https://t.co/GDrqU22YpT,dm_escalation,guided_escalation
32355,32355,32353,@115858 1+2+3=23?? On iOS 11!!! You know it sucks. Fix it or you’re going down as a company.,"@123166 Let's look into this together. DM us the device you're experiencing this on, and we'll get started. https://t.co/GDrqU22YpT",dm_escalation,guided_escalation
32360,32360,32358,how can I unsubscribe to an auto renewing app in my iPhone?,@123168 This resource should do the trick. Check out the steps under 'Turn on Automatic Downloads': https://t.co/2oRvemLiMD,troubleshooting,actionable
32360,32359,32361,I meant auto renewing purchases per week or month like the FemaleFitness app for example,@123168 Got it. This article should do the trick for that: https://t.co/YKDbvueXrq,link_resource,actionable
32364,32364,32362,Why is my BRAND NEW iPhone 7 already glitching @115858 ??🙃 I hate you guys,@123169 We're here to help. What specific issues are you experiencing with your device?,information_request,other
32364,32363,32365,It’s glitching when I try to erase pictures or go onto new apps,@123169 Let's see what we can do. Send us a DM and let us know what you mean by glitching. https://t.co/GDrqU22YpT,dm_escalation,guided_escalation
32367,32367,32366,Anyone else having #IOSissues ? Everytime i type “i” it auto corrects to something else. 😡 @115858,@123062 Thanks for reaching out. DM which iPhone and specific iOS version you are using to get started. https://t.co/GDrqU22YpT,dm_escalation,guided_escalation
32369,32369,32368,fix your shit. See this I get to it girl it’s a glitch,@123170 We can definitely look into this with you. Which device are you using? DM us and let us know. https://t.co/GDrqU22YpT,information_request,guided_escalation
32374,32374,32373,Now I️ see I’m not the only one whose phone is acting up cuz @115858 dropped a new phone. They get on my nerves with that dumb shit.,@123172 What kind of issues are you having? We can help out.,information_request,other
32376,32376,32375,"Oye @115858, muy bonitos tus nuevos emojis pero, ¿para cuando el poder desactivar (REAL) el Wifi y el Bluetooth desde el CC?",@123173 We offer support via Twitter in English. Get help in Spanish here: https://t.co/IBIY3vMgPj or join https://t.co/OczyRx7IOs,link_resource,actionable
32379,32379,32377,"Hey , not sure you tested EVERYTHING when implementing the ability to switch iCloud account emails!","@123174 This is expected behavior. https://t.co/tmRhWEkIq4 emails cannot be changed, but you could use an alias: https://t.co/tewQI88gby",link_resource,actionable
32379,32378,32380,Hi. This isn’t expected behaviour as you rolled out a change last night enabling the ability to do this.,@123174 Are you following the steps here to change it: https://t.co/xuZEqdPMFW Let us know in DM. https://t.co/GDrqU22YpT,dm_escalation,guided_escalation
32383,32383,32381,Hey this is what happened after 10.13.1 please advise.!!,@123175 We want your Mac to work as expected. Does this message come back up if you click the Restart button?,troubleshooting,actionable
32383,32382,32384,Yes. I’m sure sleep wake failure is the cause of this..!,"@123175 We’d love to help further. To start, please send us a DM letting us know which Mac you’re using. https://t.co/GDrqU22YpT",dm_escalation,guided_escalation
32390,32387,32385,@123177 @115858 🙋🏻 it doesn’t do it too often but it has started randomly restarting and it’s brand new.. maybe a problem with the update..,@123176 We'd like to take a closer look at what's happening. DM us with what type of iPhone you're using. https://t.co/GDrqU22YpT,dm_escalation,guided_escalation
32390,32386,32388,I just noticed I need to update to 11.1 so I’ll do that and make sure to contact y’all if it does it again!,"@123176 OK, sounds good. We'll be here for you if you need anything further.",other,other
32393,32393,32392,@115858  I am so fed up w/your “updates” making my iPhone 6s operate like 1990’s dial up! Ur geniuses s:b able to figure out new v. Old Tech.,@123178 We'd like to help with your issue. DM us and tell us more about what's happening with your iPhone 6s. https://t.co/GDrqU22YpT,dm_escalation,guided_escalation
32395,32395,32394,"Dear @115858, what you've done to my iPhone 6 w/ IOS 11 should be a crime. Thanks 4 updating 2 useless. Makes me want 2 cancel my X pre-order",@123179 We're happy to assist. Which iOS 11 version are you currently running? Go to Settings &gt; General &gt; About for the version.,troubleshooting,actionable
32398,32398,32397,"I’m late to the complaining party, but y’all I keep having to restart my phone just to make a call",@123180 Thanks for reaching out; we'd like to help. When did you first encounter this issue?,information_request,other
32401,32401,32399,Hey I heard I can change my Apple ID to my email but when I try it says nope. What gives? Spent an hour signing out & in.,@123181 We'd be happy to provide you with some info. Start by taking a look at the following article: https://t.co/xuZEqdPMFW,link_resource,actionable
32401,32400,32402,Yes. I read and did that. I get a message that says I cannot change my Apple ID to an email ending in . Which is contrary to the document,@123181 We'd like to take a closer look at this with you. Send us a DM and we'll meet up with you there. https://t.co/GDrqU22YpT,dm_escalation,generic_escalation
32405,32405,32404,Can y’all fix the I character please?! Im tired of seeing this I,@123182 We'd like to work on this with you. Which device are you using and which iOS are you on? Check here: Settings &gt; General &gt; About.,troubleshooting,actionable
32408,32408,32406,Hey what is this?,"@123183 Let's work together to figure it out. To start, which exact iOS version do you have installed?",troubleshooting,actionable
32408,32407,32409,11.1,@123183 Thanks for that information.  Does this occur within all applications?  Let us know in DM. https://t.co/GDrqU22YpT,information_request,guided_escalation
32412,32412,32411,"pls let folks downgrade to ios 10.3.3, been an apple fanboy but iOS 11 is the worst i cant put up with this glitchy OS anymore",@123184  We'd like to look into the issues you're having. DM us your country and we'll go from there. https://t.co/GDrqU22YpT,troubleshooting,guided_escalation
32414,32414,32413,I keep getting a question mark inside a box?? I updated my phone and it’s still doing it.,@123185 We want to help with this. Reach out to us in DM with more information. https://t.co/GDrqU22YpT,dm_escalation,generic_escalation
32416,32416,32415,iOS 11 is so slow on my iPhone 5S. For example the camera app takes 5-10 seconds before it can take a photo. What gives?,@123186 We'd love to look into this. Could you Direct Message us and let us know what iOS version you're on? https://t.co/GDrqU22YpT,information_request,guided_escalation
32419,32418,32417,@115858 fix this freaking update and make it stop turning my I’s into I️,@123187 We'd be happy to see how we can help. Which device and iOS version are you using?,information_request,other
32422,32422,32420,"hey I'm facing problem updating my Iphone to iOS 11 whenever I wanna update it, a message pop up says verifying",@123188 We can help! What happens after it says verifying. Is that when it restarts or are you restarting it manually?,troubleshooting,actionable
32422,32421,32423,After it says verifying it restarts automatically,"@123188 Understood! Let's try all the steps listed here: https://t.co/Ui1yTnOCUz Let us know the results once completed,",troubleshooting,actionable
32426,32426,32425,why does my iPhone keep changing my i’s to I I I ???,@123189 We can help out. Could you Direct Message us and let us know what iOS version you're on? https://t.co/GDrqU22YpT,information_request,guided_escalation
32428,32428,32427,Amma asking @2084: Can you fix my @115858 thumbprint for me? I think my thumb has changed from washing dishes.,@123190 We can help with your Touch ID. Try these steps to start: https://t.co/xqiXha6yeB Did that help?,troubleshooting,actionable
32431,32430,32429,what’s going on with this issue???,@123191 Tell us more about what's happening. Please send us a DM with additional details. https://t.co/GDrqU22YpT,dm_escalation,guided_escalation
32433,32433,32432,My iPhone screen glass is completely cracked. Still the touch screen works. Can I change the glass alone or the display too?,@123192 We're glad to look into all options with you to have your iPhone serviced. Please DM us to proceed. https://t.co/GDrqU22YpT,dm_escalation,generic_escalation
32436,32436,32434,ios11 made my 7plus so laggy & it freezes on apps 24/7. Please fix this,"@123193 We can help with that and want your iPhone working as expected. To clarify, which version of iOS 11 do you have installed?",troubleshooting,actionable
32436,32435,32437,11.1,@123193 Have you tried updating your apps to the latest version? Does that help? When are they unresponsive? Please send us a DM. https://t.co/GDrqU22YpT,troubleshooting,guided_escalation
32439,32439,32438,So it’s not only my shit doing this right ?? https://t.co/76Mx0oKC60,@123194 Thanks for bringing this to our attention. Click here to connect with us in DM. We'll pick up there: https://t.co/GDrqU22YpT,dm_escalation,generic_escalation
32442,32442,32440,"It looks like spam, but it bypassed my spam filter. cc:","@123195 Sure is phishing. Learn more about phishing and suspicious emails, as well as how to report them here: https://t.co/LNMCdqt6fD",link_resource,actionable
33316,33316,33314,Why did my phone turn to shit after all these recent updates?,"@123363 We want your iPhone running great, too. What obstacles are you facing that we can help with today?",information_request,other
33316,33315,33317,Battery dies fast as hell now. Phone always is freezing up and I end up having to wait like 15 minutes for it to get unfreeze,@123363 Got it. Which iPhone and iOS version are you using under Settings &gt; General &gt; About?,troubleshooting,actionable
33316,33318,33319,7 Plus and 11.0.3,@123363 Install our newest iOS 11.1 update to help: https://t.co/80YRnjDFDk Let us know if this helps improve these issues.,troubleshooting,actionable
33323,33323,33322,@115858 Fail on your website from an iPhone/Safari - tap the special opening hours link and nothing happens https://t.co/rOOUxIwWgF,@123364 We appreciate the information! We definitely want to help you with this. Please send us a DM. https://t.co/GDrqU22YpT,dm_escalation,guided_escalation
33325,33325,33324,"@115858 can there be an option to ""mute"" certain emojis? It's always annoying to scroll past the flags or numbers which I rarely need",@123365 We love to hear suggestions. You can also tell us more about yours here: https://t.co/ODFtc9V7Tq,link_resource,actionable
33338,33338,33336,the weird symbol thing when I type happens to me,@123369 You've come to the right place for help. What type of device are you using? Let us know via DM. https://t.co/GDrqU22YpT,information_request,guided_escalation
33341,33341,33339,Wtf @115858 why my iPhone keep restarting itself 🙄😡,"@123371 Let's work on it together. Which iPhone is it, and which version of iOS does it have? How often is it restarting?",troubleshooting,actionable
33341,33340,33342,The newer version and the 7 plus,"@123371 Thank you. Are all of your apps up to date? Send us a DM, and we'll go from there. https://t.co/GDrqU22YpT",information_request,guided_escalation
33346,33345,33343,@115858 why is my phone changing every capital “I️” to a stupid box and a question mark,@123372 We're here to help. Let's take this to DM and we'll check this out there. https://t.co/GDrqU22YpT,troubleshooting,generic_escalation
33349,33349,33347,@115858 appstore giving me grief AGAIN trying to update xcode been at '0 bytes of 5G - less than a minute' for hours now.,@123373 We understand wanting to get this resolved. Get in touch with our Developer support here: https://t.co/MN29maiV1D,link_resource,actionable
33351,33351,33350,Why am I loosing songs I’ve downloaded on Apple Music. It won’t let me download them again either. Greyed our on playlists too,@123374 Thanks for getting in touch. We'd like to assist. DM us and we'll go from there. https://t.co/GDrqU22YpT,dm_escalation,generic_escalation
33353,33353,33352,iOS11.1 is taking iPhones into consistent boot loops !! It remains for a couple of hours boot looping over and over then it gets back on again. This happened since the betas. I thought it's a bug but even now with the official 11.1 it happened.,@123375 Let's get this resolved. Are you still experiencing this issue? Reply in DM to get started. https://t.co/GDrqU22YpT,information_request,guided_escalation
33355,33355,33354,"(Saurabh at Singapore, kindly get in touch with your team to brief what you said, they are coming up with new stories macbook",@123376 We'd like to hear more about this complaint. DM us with more details at the link below please. https://t.co/GDrqU22YpT,dm_escalation,guided_escalation
33357,33357,33356,Congrats. IOS 11.1 is making my iPhone 6 even more glitchy and prone to freezing than it was before. WTF,@123377 We'd like to look into this with you. Please click here to connect with us in DM. We'll continue there. https://t.co/GDrqU22YpT,dm_escalation,generic_escalation
33360,33365,63183,"@123379 @115858 Yes, My phone does not stay charged like before",@130493 We've received your DM and will respond there shortly. https://t.co/GDrqU22YpT,dm_escalation,generic_escalation
33360,33364,52269,@123379 @115858 My phone is doing weird things since the update... ugh,@127755 Let's get this figured out. What are you currently experiencing with your iPhone and the new update?,troubleshooting,actionable
33360,52270,52271,It freezes constantly having problems sending text messages I constantly turn it off and on because I can not call out and at times no sound,@127755 Got it. Please DM us and we will continue troubleshooting from there. https://t.co/GDrqU22YpT,dm_escalation,generic_escalation
33360,33363,48005,@123379 @115858 Yess! Hate the new update 😡,"@123389 We’d love to help. To start, send us a DM with more details on the behavior you’re experiencing. https://t.co/GDrqU22YpT",dm_escalation,guided_escalation
33360,33362,37653,@123379 @115858 Yes I couldn't believe that my battery kept dying! I thought my charger was dead,@124175 We'd love to look into this. Please click here to join us in DM: https://t.co/GDrqU22YpT,dm_escalation,generic_escalation
33360,33359,33358,"@123379 @115858 I got the new iPhone 8 Plus and since the 11.3 update, it will NOT auto-lock after 30 seconds as I’ve set! Killing my GD battery!!","@123378 Let's team up on this. Send us a DM with more information, and we'll continue from there. https://t.co/GDrqU22YpT",dm_escalation,generic_escalation
33360,33361,33407,"@123379 @115858 Yes, after the update I have to charge it several times a day. Irritating!",@123388 We'd love to help you with this. Which iOS version did you recently install? Was it iOS 11.1?,troubleshooting,actionable
33360,33408,33409,I hate it !! The entire format changed! When I receive a call I have to say hello 2x no one hears me the first time battery dies quick,@123389 We want to help! Please join us in DM to get started troubleshooting. https://t.co/GDrqU22YpT,dm_escalation,generic_escalation
33372,33372,33370,Please fix your Siri on iOS 11 cuts out mid sentence it’s very annoying and it eats the battery like there’s no tomorrow!!!!,@123380 We're happy to assist. Which iOS 11 version are you currently running? Go to Settings &gt; General &gt; About for the version.,troubleshooting,actionable
33372,33371,33373,The latest one.,@123380 We want to look into this further with you. Can you send us a DM and let us know the device model you're using? https://t.co/GDrqU22YpT,information_request,guided_escalation
33377,33377,33375,Anyone any tips to prevent an @115858 watch accidentally placing SOS calls?,@123381 We'd like to look into what's going on with those SOS calls. Can you tell us more about what's happening?,information_request,other
33377,33376,33378,My watch seemed to auto dial the sos line whilst I was cycling this morning.,@123381 Check out the following article for more info on SOS dialing with the side button of your watch: https://t.co/d6QamJ5JyS,troubleshooting,actionable
33377,33379,33380,Thanks!,@123381 You're very welcome and please enjoy the rest of your day!,other,other
33384,33384,33381,"- what is up with the letter “eye” button ?! for like a 4 days now, the letter “eye” has been turning into this i","@123382 We'd like to look into this. To start, which device are you experiencing this on, and which software version is it running?",information_request,other
33384,33383,33387,iphone 8 plus. the latest update. this has been happening on several other phones i use. i believe this is a software issue,"@123382 Thanks for that information. DM us the exact iOS version your iPhone is running, and we'll continue from there. https://t.co/GDrqU22YpT",dm_escalation,guided_escalation
33384,33386,33388,My phone is experiencing the same thing and I have the 7 with the latest update...,@123383 We'd like to look into this with you. DM us and we'll go from there. https://t.co/GDrqU22YpT,dm_escalation,generic_escalation
33391,33391,33389,iOS keeps turning my letter “I” to some weird shit @115858 https://t.co/KRqlrbETCC,@123384 We want to help you resolve this keyboard issue. Which iOS version is currently installed?,troubleshooting,actionable
33391,33390,33392,iOS 11.1,@123384 Let's help get this sorted. Please reach out to us via DM and we can go from there together. https://t.co/GDrqU22YpT,dm_escalation,generic_escalation
33394,33394,33393,"Whats wrong with you @115858? I can't believe that you can't fix that in three iOS 11 public releases
#ios11 #contacts #apple https://t.co/LhGpKh4zj3",@123385 We're here to help. Let's take this to DM so we can better assist you. https://t.co/GDrqU22YpT,dm_escalation,generic_escalation
33398,33397,33395,@115858 Thank you for your quick reply. Problem solved automatically next day,@123386 Glad to hear it. Let us know if anything else comes up.,other,other
33403,33403,33400,Anyone else? What’s going on here?,"@123387 We'd like to help. What device are you using, and which OS version does it have installed?",troubleshooting,actionable
33403,33402,33404,iPhone 6s iOS 11,"@123387 We’d love to help further. To start, please send us a DM. https://t.co/GDrqU22YpT",dm_escalation,generic_escalation
33411,33411,33410,"So, the letter ‘I’ is broken until further notice? @115858","@123390 We'd like to help. What device are you using, and which OS version does it have installed?",troubleshooting,actionable
33414,33413,33412,@AppleSupport  https://t.co/2vVFr3ZYiK,@123391 Allow us to assist. Send us a DM so that we can help you with this. https://t.co/GDrqU22YpT,dm_escalation,generic_escalation
33416,33416,33415,is there some problem in latest iOS upgrade. Many applications are getting disconnected if phine is locked whtsapp,@123392 Send us a DM and let us know what version of iOS you're running. We'll go from there. https://t.co/GDrqU22YpT,dm_escalation,guided_escalation
34465,34464,34463,Please I just paused my music to come on to twitter to tell you (still didn’t close the music app). And it forgot my place I only had it paused for about 10 min max... and when I pushed the play button on my headphones it started playing a completely random song.,"@123469 If you're running into issues with Apple Music playback, we'd like to help you out. Please tell us what type of device you use. Also, please let us know what version of the iOS / macOS software you currently have installed. https://t.co/GDrqU22YpT",troubleshooting,actionable
34583,34580,34578,So one has to go back to call log. Click that message icon again and then a chat for that particular number opens up.,@123491 Thanks for bringing this to our attention. Can you tell us which iOS version this is occurring on please?,information_request,other
34583,34581,34582,"Basically for a chat to be opened from call log, the message app should be opened/running in background. Otherwise, it takes twice.",@123491 We'd like to take a closer look at what's happening. Send us a DM and we'll meet up with you there. https://t.co/GDrqU22YpT,dm_escalation,guided_escalation
34586,34586,34584,The latest version of iTunes for Windows keeps asking for my password and sometimes gets stuck in a loop.,@123492 We'd like to help. Please confirm the iTunes version number you have installed now to get started.,troubleshooting,actionable
34586,34585,34587,12.7.1.14,@123492 Great. Thanks for grabbing that for us. Let's move our conversation into DM so we can try a few steps to help out. https://t.co/GDrqU22YpT,troubleshooting,generic_escalation
34589,34589,34588,"After iPhone update, my battery dies quicker than it charges when using my sleep/alarm app. On 1% when my alarm woke me",@123493 Send us a DM and let us know what version of iOS 11 you're running. We'll go from there. https://t.co/GDrqU22YpT,dm_escalation,guided_escalation
34595,34593,34590,@2154 @AppleSupport,"@123494 We've got your back. Have you recently seen a prompt for a carrier settings update? If not, lets check: https://t.co/PZZtxS6sbQ",troubleshooting,actionable
34595,34592,34594,"I managed to get LTE last night, spent some time until the connection was fast. Thought the issue solved by itself, but it happened again.",@123494 Got it. Let's go ahead and meet in DM and we'll continue this from there. https://t.co/GDrqU22YpT,dm_escalation,generic_escalation
34598,34598,34596,iMessage-Aktivierung schlägt mal wieder fehl...,@123495 We offer support via Twitter in English. Contact us for help in your preferred language here: https://t.co/IBIY3vMgPj,link_resource,actionable
34598,34600,34603,Nachrichten werden bei mir auch nicht mehr zugestellt,@123496 We offer support via Twitter in English. Contact us for help in your preferred language here: https://t.co/IBIY3vMgPj,link_resource,actionable
34598,34604,34605,How can i solve this problem?,@123497 Let's have a look at this. Please DM us here: https://t.co/GDrqU22YpT,dm_escalation,generic_escalation
34598,34597,34599,iMessage stopped working and won’t activate anymore—is that a problem on your side?,"@123495 We're not showing any issues on our end: https://t.co/7NVrDovSd8

Has it been over 24 hours since you tried activating?",information_request,actionable
34598,34601,34602,"I don’t think so—it did work this morning, has been deactivated for whatever reason, and now it won’t activate...",@123495 Thank you for providing us with that information. Let's look further into this issue. Please DM us the device you are using. https://t.co/GDrqU22YpT,dm_escalation,guided_escalation
34608,34608,34607,Is there any possibility to combine two Apple-IDs?,@123498 Let's look into your options together. Let us know in DM a bit more about what you're wanting to do. https://t.co/GDrqU22YpT,dm_escalation,guided_escalation
34610,34610,34609,"Oh great, iMessage not working after the latest iOS update.",@123499 Thanks for reaching out. DM the specific issue you are seeing with Messages to get started. https://t.co/GDrqU22YpT,dm_escalation,generic_escalation
34614,34614,34613,Hi ! TimeMachine still not working with HighSierra update,@123500 Let's work together in DM to investigate what's going on with your Time Machine. https://t.co/GDrqU22YpT,dm_escalation,guided_escalation
34616,34616,34615,his new ios 11.0 I have to restart my phone at least four times a day because it is blocked by everything,@123501 We want to help get your iPhone working properly. Which exact iOS version and iPhone are you using?,information_request,other
34618,34618,34617,Hmm... doubt Ill be able to close the Move ring 25770 times in november.,@123502 We'd like to know more about what you're seeing. DM us with what type of Apple Watch you're using. https://t.co/GDrqU22YpT,dm_escalation,guided_escalation
34620,34620,34619,"When searching fot ""GOT"" Apple TV app shows Cmore but not Nordic, even tho I only have HBO installed.",@123503 Let's get you in touch with our Apple TV experts so they can assist further. Reach out here: https://t.co/IBIY3vMgPj,link_resource,actionable
34622,34622,34621,After iOS11 the battery is draining very fast. Request you to look into it.,@123504 We'd like to help. Could you Direct Message us and tell us what iOS version you're on currently? https://t.co/GDrqU22YpT,information_request,guided_escalation
34624,34624,34623,"Is there a way to merge two AppleID’s, so I can use all bought items in one ID and delete the other?",@123505 Great question! Our account security team is best suited to help you. You can reach them directly here:  https://t.co/UJm15vmMM2,link_resource,actionable
34627,34627,34625,charging my phone but it’s reducing the battery charge?? Help?!!,@123506 We'd like to help you with this. Are you using the charging cable that came with your iPhone? Have you tried another cable?,information_request,other
34627,34626,34628,Thanks for your response it’s happened a few times now since the new iOS update - I have now unplugged,"@123506 If this issue reappears, we'd like you to notice how you're charging and if the behavior changes if you switch cables.",other,other
34627,34630,34631,Will do thanks,@123506 You're welcome. Have a great rest of your day.,other,other
34637,34637,34636,is there a way I can uninstall iOS 11 and go back to 10?,@123508 Keeping your software up to date is one of the most important things you can do to maintain your Apple product's security.,other,other
34637,34633,34632,This will stay at this time throughout the whole song so I have no idea how long is left,@123508 We'd be happy to look into this with you.  Please reach out to us via DM and we'll get started. https://t.co/GDrqU22YpT,dm_escalation,guided_escalation
34641,34640,34639,Now my rear camera is not working... and my phone needs to cool down apparently even tho it feels kool to me...,@123509 Hi. We're here for you. DM us and tell us the exact version of iOS you're running. We'll go from there. https://t.co/GDrqU22YpT,dm_escalation,guided_escalation
34643,34643,34642,"Ffs @115858 Ever since I did the update my I phone everyting is moving slow like a man on ketamine 
Sort it out will ya",@123510 Thanks for reaching out. DM which iPhone and specific iOS version you are using to get started. https://t.co/GDrqU22YpT,dm_escalation,guided_escalation
34646,34646,34644,My 6 month old IPhone 6 touch screen is unresponsive. please help!,@123511 We're happy to help. What version of iOS are you currently running? Find that in Settings &gt; General &gt; About.,troubleshooting,actionable
34646,34645,34647,It's 10.3.3. Although I'm convinced it's a screen issue rather than a software one.,@123511 Send us a DM and let us know your country. We'll take a closer look together. https://t.co/GDrqU22YpT,troubleshooting,guided_escalation
34650,34650,34648,why on my Apple Watch series 3 when I start the activity tracker on stair stepper it shows 0 total and active calories?,@123512 Happy to help you with this. Can you tell us which iOS and watchOS version you are currently using please?,information_request,other
34650,34649,34651,The latest update from yesterday,@123512 DM us using the link below. We'll look into things from there. https://t.co/GDrqU22YpT,dm_escalation,generic_escalation
34653,34653,34652,Alguém sentiu um consumo maior com o novo IOS ou a está de sacanagem comigo???,"@123513 Since our Twitter support is available in English, get help at https://t.co/IBIY3vMgPj or join https://t.co/pvaOFfPbjt",link_resource,actionable
34656,34656,34654,Hey @115858 where’s my October Challenge award? Challenged to burn 42813 cals &amp; I worked my butt off to burn 43081 but no badge.,"@123514 We'd be happy to look into what's going on with that award not showing up. To start, can you tell us which device you're using?",information_request,other
34656,34655,34657,Thanks for getting back to me. 38mm Watch S2 and iPhone SE both have the latest updates.,"@123514 Got it. Send us a DM with the country you're currently located in, and we'll continue from there. https://t.co/GDrqU22YpT",troubleshooting,guided_escalation
34662,34662,34661,"Thanks , for following up on the camera issue. It is highly appreciated. Hope you will continue to support in the same way.",@123516 Our pleasure! Let us know if you have further questions &amp; we'll be glad to help.,other,other
34667,34666,34665,Thank you! I’m on 11.0.1,"@123517 You're very welcome. The first step to resolving this issue, would be to update the iOS 11.1. https://t.co/80YRnjDFDk",troubleshooting,actionable
34667,34664,34663,Hi Apple Support. Have updated to the latest iOS but no luck with battery :(,@123517 DM the country or region where you are currently located to continue. https://t.co/GDrqU22YpT,troubleshooting,guided_escalation
34670,34670,34669,my iphones battery drains quickly. any tips. it might just be old though,@123518 We'd be happy to help with some battery tips. Let's start with the maximizing tips found here: https://t.co/TpjqFp3jxD,link_resource,actionable
34673,34673,34671,@115858 wtf going on bro I’m still seeing boxes with question marks and I️ updated my phone 🙄🤦🏾‍♀️,@123519 We want to help. Which iOS version is installed? You'll find that from Settings &gt; General &gt; About.,troubleshooting,actionable
34673,34672,34674,11.1,@123519 DM us using the link below. We'll look into things from there. https://t.co/GDrqU2kzhr,dm_escalation,generic_escalation
34678,34678,34675,after update to 10.13.1 Lacie is down again after a night of extreme and unprovoced disk access resulting in overheating! 2/2,"@120401 When you have a moment, please send us over a DM. We're happy to work together with you on this. https://t.co/GDrqU22YpT",dm_escalation,guided_escalation
34681,34681,34679,Hoe kan ik de externe microfooningang van mijn iPhone 6S blijven gebruiken voor een professionele microfoon?,@123520 We offer support via Twitter in English. Contact us for help in your preferred language here: https://t.co/IBIY3vMgPj,link_resource,actionable
34681,34680,34682,How can I connect an external microphone to diphone 6S to optimize the sound with video?,@123520 We'll be happy to provide you with some information on this. Reach out to us via DM and we'll continue with you there. https://t.co/GDrqU22YpT,dm_escalation,guided_escalation
34685,34685,34683,Top 5 things I regret doing in MY LiFE is updating my IOS. Now my Touch ID doesn’t work! Tf,"@123521 We want to look into what's going on with your TouchID. To start, which device and iOS version are you using?",information_request,other
34685,34684,34686,"Iphone 6S, IOS 11.0.3",@123521 Can you tell us a bit more about what's going on with your TouchID?,information_request,other
34685,34687,34688,"Won’t unlock, when I try re-add my finger I get this. Have to manually unlock","@123521 DM us your country, and we'll continue working there. https://t.co/GDrqU22YpT",troubleshooting,guided_escalation
34690,34690,34689,"bitch!! Stop changing the letter “I” to that dumb ass shit. I’m sick of it, hoe!!","@123522 We'll make sure to get this straightened out. DM us, and we'll see you there. https://t.co/GDrqU22YpT",dm_escalation,generic_escalation
34694,34694,34693,@115858 can y’all update the iMovie app. Keeps crashing on me,@123524 Our Apple Apps team would be best equipped to help with this. You can reach out to them here:  https://t.co/IBIY3vMgPj,link_resource,actionable
34697,34697,34695,are you able to turn off the automatic brightness on this iOS update?,@123525 You most certainly can. Check out this helpful article about how to turn off auto-brightness:https://t.co/bkqEVCrK2l,troubleshooting,actionable
34697,34696,34698,Thanks a lot,"@123525 You are welcome. If you have any questions in the future, please reach back out to us.",other,other
34700,34700,34699,"iPhone 7 Plus camera doesn't focus anymore when in Photo, Square mode since upgrading to iOS 11.",@123526 We can help with this. Are you on the latest iOS 11.1? DM us your reply to continue https://t.co/GDrqU22YpT,troubleshooting,guided_escalation
34705,34703,34701,@115858 My Q was: How was the delivery date in the cart 2 wks earlier than what’s on my receipt? #ServiceRecovery #SupplyChain #1standlastpreorder,@123527 Our Online Store team is best suited to help you with your order. You can reach them here:  https://t.co/8yjRd1Xo0i,link_resource,actionable
34708,34708,34706,"my iPhone 6 has deleted all my notes. Not using email, not using cloud. Didn't delete them. How do I get them back?",@123528 We'd be happy to look into what's going on. Do you know if you have a recent backup from before those Notes went missing?,troubleshooting,actionable
34708,34707,34709,there is one from a little while back that would have most of the notes data,@123528 Restoring a backup with that data would be the only way to recover that data. You can see how here: https://t.co/OZqPAHfBRU,troubleshooting,actionable
35209,35209,35208,"I don’t know if it’s either my #iPhone 6 or The new #iOS update I installed yesterday but, my battery had been draining out! #Apple @115858",@123667 You're in the right place. Let's meet up via DM so we can dig in to this in greater detail. https://t.co/GDrqU22YpT,dm_escalation,generic_escalation
35211,35211,35210,"why is the new update savaging my battery please, 100% to 1% in the space of an hour, get ya shit together",@123668 That should not be happening. Let us help. DM us more details about this. https://t.co/GDrqU22YpT,dm_escalation,guided_escalation
35213,35213,35212,Hola/Hello! I can use the AirPods witch Bluetooth audio transmisor? Any model? This no...,@123669 You'll find more info on compatibilty with your AIrPods at the following link: https://t.co/Kd8IAdG7nA,link_resource,actionable
35215,35215,35214,Installed ios11.1 and now my phone doesn’t recognize capital I’s,"@123670 We're more than happy to take a look. DM us with more details, and we'll pick back up there. https://t.co/GDrqU22YpT",dm_escalation,guided_escalation
35218,35221,38231,It’s happening with mine too,@124306 We'd like to help. DM us and tell us the exact version of iOS you're running. https://t.co/GDrqU22YpT,dm_escalation,guided_escalation
35218,35218,35216,Is my iPhone the only one doing this ?,@123671 We'd like to look into this with you. Can you tell us which device and OS version you're using?,information_request,other
35218,35217,35219,7 Plus and most recent,@123671 Thank you. Please send us a DM and tell us the specific version number you see under Settings &gt; General &gt; About &gt; Version. https://t.co/GDrqU22YpT,troubleshooting,guided_escalation
35223,35223,35222,"#phishing 
Fake, fake, fake.
This adress is trying to take my @115858 account
‼️Check adress mail sender https://t.co/6ifjy91pM7","@123672 You're right, that email is not from us. This link will help identify phishing and how to report it: https://t.co/LNMCdqt6fD",link_resource,actionable
35226,35225,35224,@123674 @115858 I’m also having issues with my iPad. The battery has suddenly decided to lose 75% from a full charge,@123673 We'd like to assist you with your iPad too. Join us in DM at the link below to get started. https://t.co/GDrqU22YpT,dm_escalation,generic_escalation
35226,35226,35228,The amount of issues with my iPhone now since update is a joke. @115858 clearly making old handsets obsolete on purpose.,@123674 We want to help with any issues you're experiencing. Please let us know in DM what's going on with your iPhone. https://t.co/GDrqU22YpT,dm_escalation,guided_escalation
35235,35235,35234,can you help me yo you literally replying to everyone else except me,@123675 We'd be happy to see how we can help. What's going on?,information_request,other
35235,35231,35229,So I have to shut my phone down then turn it back on to get it back and it just keeps happening,"@123675 So we have a good starting place, can you tell us which device and OS version you're using?",information_request,other
35235,35230,35232,I phone 6s and iOS 11,@123675 Which iOS 11 version are you running? You can check by going to Settings &gt; General &gt; About &gt; Version.,troubleshooting,actionable
35238,35238,35236,hey why does keep re-fetching the thumbnail when it obviously hasn't changed? appleQA ChiefQA Apple,@118188 Thanks for reaching out to us. We are always happy to help. Is this the only playlist that this happens with?,information_request,other
35238,35237,35239,"the thumbnail is re-fetched every time, and if you keep going from playlist1 to playlist2 to playlist1 to playlist2 it'll always refetch",@118188 Thanks for following up. Send us a DM so we can talk about this with you there. https://t.co/GDrqU22YpT,dm_escalation,generic_escalation
35241,35241,35240,For those that have been wondering. why are y’all punishing us for using pronouns!?,@123676 Thanks for reaching out. DM which iPhone and specific iOS version you are using to get started. https://t.co/GDrqU22YpT,dm_escalation,guided_escalation
35245,35243,35242,oh dear still not co-oping with iCloud in ios11.1 really really poor show. garageband,"@123677 If you're still having troubles, be sure to follow up with our team that helps with GarageBand here:https://t.co/IBIY3vMgPj",link_resource,actionable
35247,35247,35246,"guys, I miss Steve. What the hell is this?","@123679 We're here to help. To start, what device model and software version are you currently using?",information_request,other
35250,35251,36662,@123680 @115858 Omg me too! I thought I was tripping!,@123989 We can definitely look into this with you. Send us a DM and let us know which device you're using. https://t.co/GDrqU22YpT,dm_escalation,guided_escalation
35250,35250,35248,"Everytime I type the letter ""I"" this pops up. #PleaseFixThis @115858 https://t.co/bhB5snCHXr",@123680 We're here to help. DM us and tell us the device you have and the exact version of iOS you're running. https://t.co/GDrqU22YpT,dm_escalation,guided_escalation
35253,35253,35252,My battery life is a drama for me I work and it turns to 100% yo 80% in five minutes (ios11.0.3) Help plz,"@123682 There's an update to 11.1 now, let's go ahead and do that now: https://t.co/80YRnjDFDk",troubleshooting,actionable
35259,35259,35258,"Hi! Although I have full coverage, even with LTE, on my iPhone, I can’t connect to the internet. Can you help me?",@123683 We can help you. Could you tell us what happens when you try to connect to the Internet? Do you get an error message?,troubleshooting,actionable
35259,35257,35256,"If I open Safari, for example, a message appears which says that there is no internet connection.",@123683 Are you able to connect when using Wi-Fi? Are you able to make and take calls?,information_request,other
35259,35255,35254,"Yes, I able to :)",@123683 DM the country or region where you are currently located to continue. https://t.co/GDrqU22YpT,troubleshooting,guided_escalation
35262,35262,35260,"I got refunded for an in app purchase on Monday & got a conformation email, but there’s no sign of it in my account yet...","@123684 Hey there! Depending on your bank, it can take 3-5 business days to reflect in your account. We hope this helps.",other,other
35262,35261,35263,Thank you for letting me know.,@123684 No problem! Feel free to reach out to us here if you need help in the future.,other,other
35265,35265,35264,why is my iphone not charging? i don’t got time for this shit dawg,"@123685 It's important for your iPhone to charge reliably. To start, check out these steps: https://t.co/uqxquyfdn0",troubleshooting,actionable
35271,35271,35270,what the hell is wrong with ur new update?? My phone keeps getting stuck and powering off (unresponsive). Get ur shit together,@123686 We'd love to help. Which iPhone model are you using? DM the answer below. https://t.co/GDrqU22YpT,information_request,guided_escalation
35271,35268,35266,"iPhone 7 and I updated to the newest ios but the phone started crashing and the screen freezing, also powering off",@123686 We'd like to help out with this. Join us in DM so that we can gather more details about your device. https://t.co/GDrqU22YpT,dm_escalation,guided_escalation
35271,35267,35269,How can I go back to the previous ios version? This one sucks for real... still keeps being stuck,@123686 Going back to a previous iOS version is not possible. What we can do is perform steps that can help us overcome these challenges. Rest assured we'll do our best to help. Send us a Direct Mesage to continue. https://t.co/GDrqU22YpT,link_resource,actionable
35274,35274,35272,WHY will my phone not stop locking itself when I’m in the middle of doing things???,@123687 We want to help get your iPhone working properly. Which exact iOS version and iPhone are you using?,information_request,other
35274,35273,35275,"iPhone 8, iOS 11",@123687 Thanks.  Please take look under Settings &gt; General &gt; About and let us know the exact iOS version.,troubleshooting,actionable
35274,35276,35277,@AppleSupport  https://t.co/yvu10fymce,@123687 Thank you. Please check to see if you have an update available under Settings &gt; General &gt; Software Update.,troubleshooting,actionable
35279,35279,35278,"Got burned and scarred with my magsafe charger and Apple didn't give a shit, so I'm switching to Microsoft.",@123688 We want to look into this with you. Send us a DM letting us know more about what happened. https://t.co/GDrqU22YpT,dm_escalation,guided_escalation
35281,35281,35280,why is my alarm sound not working when on silent and volume on lock screen not working after the update??,@123689 We're here for you. Does this happen when Do Not Disturb is enabled? Do newly created alarms have the same issue?,information_request,other
35284,35284,35282,These question mark boxes are about to make me mad lol please help,@123690 We'd be happy to see how we can help. Which device and OS version are you experiencing this on?,information_request,other
35284,35283,35285,"7 Plus, iOS 11.1","@123690 DM us your country, and we'll continue working there. https://t.co/GDrqU22YpT",troubleshooting,guided_escalation
35289,35289,35286,did update on n result? No more Twitter notifications Yup mirrors my itsalwayssomething,@123691 We want to be sure you receive notifications as you'd expect. Let us know if this helps: https://t.co/vXqj8bZGU7,link_resource,actionable
35289,35287,35290,Phone was Apple Watch . I was wearing during workout this a.m. usually get all Twitter notifications,@123691 Thanks for clarifying this for us. Have you restarted both devices since you noticed this behavior?,troubleshooting,actionable
35289,35291,35292,I will. Have not,@123691 Sounds good! Do you have any app updates available? Let us know if it persists once you restart.,troubleshooting,actionable
35289,35293,35294,All apps up to date. Not getting notifications on after shutting down both. Maybe Twitter’s app needs to catch up to,"@123691 OK, we can definitely look into this further with you. Go ahead and send us a DM and we'll take it from there. https://t.co/GDrqU22YpT",dm_escalation,generic_escalation
35298,35298,35296,"Yay for the rock solid @115858 update process. Such upgrade, much Sierra. WTF is with firmware verification errors on a working MacBook Pro? https://t.co/GKCY32Z8Ob","@123692 We're here for you. Send us a DM, and we'll take a closer look at updating your macOS. https://t.co/GDrqU22YpT",dm_escalation,generic_escalation
35298,35297,35299,"Thanks for the prompt reply. Scary error, seemingly unrelated to the actual issue: I think a bit of Disk Utility love will get me there.",@123692 OK. Feel free to send us a DM if you still have questions.,dm_escalation,generic_escalation
35302,35302,35300,new iOS 11.1 bug?,@123693 We'll be happy to look into this. DM us which iPhone you're using and we'll go from there. https://t.co/GDrqU22YpT,dm_escalation,guided_escalation
35308,35308,35307,"@116333 Hi,can you please update iOS software to 11.2 because I am facing a lots of issues with the latest version iOS 10.1","@123694 Good morning, Sai! We're sorry that the update isn't working out. Send us a DM, and tell us why. We'd love to sort it out. https://t.co/GDrqU22YpT",troubleshooting,guided_escalation
35308,35306,35305,"Sorry, I don’t know what is DM? Can u please help me out.",@123694 DM is a Direct Message. Click the link here: https://t.co/GDrqU22YpT,dm_escalation,generic_escalation
35311,35311,35309,This new @115858 update sucks! I’m not getting any texts in group chats and it’s terribly slow!,@123695 Hi. We'd like to help. DM us and tell us the exact version of iOS you're running on your device. https://t.co/GDrqU22YpT,dm_escalation,guided_escalation
35311,35312,36104,@123695 @115858 My screen is all messed up. Won’t let me type right,@123852 We want to help. Does this happen in all apps or just a few? Tell us in DM. https://t.co/GDrqU22YpT,information_request,guided_escalation
35314,35314,35313,"why does the podcast app freeze up and not work, constantly?",@123696 Thanks for reaching out. DM which iPhone and specific iOS version you are using to get started. https://t.co/GDrqU22YpT,dm_escalation,guided_escalation
35317,35317,35315,hi - there’s a bug with my iPhone 7 Plus! SOS - send help.,@123697 We're here for you. Tell us what's happening with your iPhone 7 Plus.,other,other
35317,35316,35318,please check your DMs,@123697 We've received your DM and will reply to you there shortly. https://t.co/GDrqU22YpT,dm_escalation,generic_escalation
35320,35320,35319,after updating to iOS 11.0.3 my home screen turns black when on a call. What’s the fix? Cust care not helping.,@123698 We're here for you. Let's take a closer look at this issue together in DM. https://t.co/GDrqU22YpT,dm_escalation,generic_escalation
35323,35323,35321,suspect fraud for you to look into fraud crime dontfallforit,@123699 We can help. This looks like a phishing attempt. See how to handle and report these here: https://t.co/6Ye6EtSytB,link_resource,actionable
35323,35322,35324,just done that,"@123699 Perfect, thanks. Be sure to reach out if you need us again. Take care.",other,other
35331,35326,35325,Well if you find out how to resolve it please let me know can you help us ..... no I know I’ll stick with apple haha,@123700 We've received your DM and will contiue with you from there. Keep an eye out for our response.,dm_escalation,generic_escalation
35333,35333,35332,"Hello,i have a question but i'm not sure is that possible, we have 150 ipads and we use apple configurator 2 for install apps to devices. First we connect devices to imac then we install with app configurator, can we install apps without connect to imac ? apple",@123702 Hello! You'll want to work with our Enterprise support team on this. You can reach them through this link: https://t.co/IBIY3vMgPj,link_resource,actionable
35336,35336,35334,I thought the issue with icons not displaying correctly was a bug fix for watchOS 4.1? AppleWatch,"@123703 We'd be happy to look into this display issue with you. To start, can you tell us which Apple Watch you're using?",information_request,other
35336,35335,35337,Series 3 LTE,@123703 Which iPhone and iOS version are you using on the paired iPhone?,information_request,other
35336,35338,35339,6s plus iOS 11.03,@123703 Do you notice this display issue with any other apps?,information_request,other
35336,35340,35341,Only twitter currently,@123703 Thanks. Let's start by updating both devices to see if the issues continues. This can help: https://t.co/80YRnjDFDk,link_resource,actionable
35344,35344,35342,"Dear I have an iPhone 7 & iTunes, both genuine. So why do I always get this message when I sync? Hope you can help. Thanks.","@123704 We're happy to help out with your sync issues. To get started, let us know which version of Windows and iTunes you have installed.",troubleshooting,actionable
35344,35343,35345,"Thanks for getting back to me. I have Windows 10 & the latest version of iTunes, which updated this morning just before I did the sync.",@123704 Thanks for letting us know. Check out this article for troubleshooting: https://t.co/czNgyf4Rgl DM us if the issue persists. https://t.co/GDrqU22YpT,troubleshooting,generic_escalation
35347,35347,35346,"my iphone 6s is rendered two 2 hours. Drained battery, killed all non used apps and still two hours. newiosblows",@123705 Let's look into what's happening together. Send us a DM telling us the country you're located in to begin. https://t.co/GDrqU22YpT,troubleshooting,guided_escalation
35971,35971,35969,Another pointless call with & disgusting customer service with no care for their customers!!! Who can I complain to?!,@123825 We'd like to hear more about your experience. Go ahead and DM us more details here: https://t.co/GDrqU22YpT,dm_escalation,guided_escalation
35971,35970,35972,Thanks for coming back to me this time but will it achieve anything?!? I’m still in the same position I was in 4 months ago!!! frustrated,@123825 We'd like to hear more about your experience. Reach out to us in DM. https://t.co/GDrqU22YpT,dm_escalation,generic_escalation
35977,35976,35974,You guys over charged me on iTunes and I want my money back I’m really upset,@123826 We completely understand and want to help. Please reach out to our iTunes Support team directly here: https://t.co/SDIe7UiyJN,link_resource,actionable
35977,35979,38205,You guys over charged me on music I bought on iTunes and I want my money back I’m mad as hell,@123826 We want to help. You can reach our iTunes support team here: https://t.co/SDIe7UiyJN,link_resource,actionable
36016,36016,36014,that's what I get for buying AppleWatchSeries3. And your support here tells me there is no problem with the watch!,@123827 We'd like to take a closer look at this with you. Reach out via DM with the details. https://t.co/GDrqU22YpT,dm_escalation,guided_escalation
36020,36020,36019,は。このバグ直してーーー,@123828  We offer support via Twitter in English. Contact us for help in your preferred language here: https://t.co/IBIY3vMgPj,link_resource,actionable
36020,36018,36017,"OK, Thank you! I will contact the Japanese support center.",@123828 You're welcome.,other,other
36023,36023,36021,I made an appt at Bridgeport on the phone. Rcvd no email. Can you please check if I have an appt?,@123829 Send us a DM. We'll continue working from there. https://t.co/GDrqU22YpT,dm_escalation,generic_escalation
36028,36028,36027,Trying to access iTunes Connect and keep getting this when I click on artists. On two different computers (both IE and Chrome),@123830 We'd want to get you to our Developer Support for assistance: https://t.co/rSt0PtuKcC,link_resource,actionable
36028,36026,36024,Does this mean I as a musical artist have to enrol as an Apple Developer? All I want to do is set my Artist Photo on Apple Music!! xx,@123830 You don't have to sign up to be a developer. But iTunes Connect support is done through the same support.,other,other
36032,36032,36030,Upgraded to macOS HighSierra - noticed that my iMessages/SMS are coming in out of order. Appear fine on my iPhone. Thoughts?,"@123831 Let's work together to find the best solution. To clarify, have you tried quitting the Messages app and restarting?",troubleshooting,actionable
36032,36031,36033,"I have, also have signed out of my iMessage account and logged back in","@123831 Alright, good to know. Let's double check the items listed under ""Set up SMS and MMS messaging"": https://t.co/jmMBILbFAw",troubleshooting,actionable
36032,36034,36035,Yes to all under the SMS relay section,"@123831 Perfect. Next up, let's try restarting your Mac in safe mode to see if the behavior persists: https://t.co/PQ4LSYhUTY",troubleshooting,actionable
36032,36036,36037,"Have to do this later then, on work machine at the moment.","@123831 No worries. We're here every day from 5am to 8pm, Pacific. Feel free to DM us once you have a chance to try that out. https://t.co/GDrqU22YpT",troubleshooting,generic_escalation
36039,36039,36038,I go to send one text and my phone battery went from 56% to 38% ??? . It has also dropped to 32% while typing this tweet.,@123832 Glad to help. Let us know what iOS is running there let's have a closer look at things.,other,other
36039,36040,36072,SAME,@123844 Let us help. DM us more details. https://t.co/GDrqU22YpT,dm_escalation,guided_escalation
36044,36044,36042,When the update will be available? iOS 11.1 .,@123833 iOS 11.1 is available now. You can update using the steps here: https://t.co/80YRnjDFDk,troubleshooting,actionable
36046,36046,36045,please fix this annoying letter “I” (eye) bug. It autocorrects/spelling suggestion to weird characters.,@123834 Send us a DM and let us know what version of iOS you're running. We'll go from there. https://t.co/GDrqU22YpT,dm_escalation,guided_escalation
36048,36048,36047,Using Apple mobile since 2010 & currently iPhone 7 Plus.Replaced thrice but the problem still persists. Shld switch Android?,@123835 We'd like to work with you on this. Please give us a little more detail in DM. We can help from there. https://t.co/GDrqU22YpT,dm_escalation,generic_escalation
36053,36050,36049,I’m also stuck on 10.13.1 beta (17B46a) and won’t show 10.13.1 final to show in App Store updates.,"@123836 We want you to be able to update your Mac.  Please send us a DM, so we can take a closer look. https://t.co/GDrqU22YpT",troubleshooting,generic_escalation
36055,36055,36054,"Dear , Updated my iPhone 6s to iOS 11, & the responsiveness of the screen has decreased significantly. What gives?",@123839 We'd love to help.  Send us over a DM with your exact iOS version and iPhone model.  We'll go from there. https://t.co/GDrqU22YpT,dm_escalation,guided_escalation
36063,36063,36062,"Klucííí... z @115858, co mi to děláte? Safari s #iOS 11.1 na #iPhone8Plus neustále padá 📲🕳 chápu, je podzim 🍏🍂...ale tohle nebaví! 🤨 #Fail",@123840 We offer support via Twitter in English. Contact us for help in your preferred language here: https://t.co/IBIY3vMgPj,link_resource,actionable
36065,36065,36064,insupportable le bug du clavier toujours pas corrigé sur iOS 11.1 ! C’est une priorité d’avoir un clavier fonctionnel non ?,@123841 We offer support via Twitter in English. Contact us for help in your preferred language here: https://t.co/IBIY3vMgPj,link_resource,actionable
36067,36067,36066,Tengo un problema con macos high Sierra y no tengo ni idea de como solucionarlo.,@123842 We offer support via Twitter in English. Get help in Spanish here: https://t.co/IBIY3vMgPj or join https://t.co/OczyRx7IOs,link_resource,actionable
36070,36071,39678,yea same here idk what's wrong,@124686 Here is a great article to help you with that update: https://t.co/Ui1yTnOCUz,troubleshooting,actionable
36070,36070,36068,"Can you help me update to iOS 11.1 it says ""verifying update"" and then error every time I try to install it.",@123843 Hey there. We'd be happy to help. Send us a DM so we can look into the issue with you there. https://t.co/GDrqU2kzhr,dm_escalation,guided_escalation
36074,36074,36073,is it possible to modify force touch actions on my Mac? For example make force touch click open a new tab.,@123845 Hey there. We'll be happy to answer that. Check out more about Force Touch here: https://t.co/bvCxuuAG7f,troubleshooting,actionable
36077,36077,36076,"Hi, ı want to talk to you my complaint about services given by your senior advisor’s from turkey. Cheated:/",@123847 We're here to help. Let's take this to DM so we can better assist you. https://t.co/GDrqU22YpT,dm_escalation,generic_escalation
36084,36084,36081,"What Is going on with the Iphone, it is very unresponsive and has a lot of lag iphone6SPlus and iphone8",@123848 We'd be more than happy to look into this with you. What version of iOS are you using and are your apps up-to-date?,information_request,other
36084,36079,36078,Mmmmm any word? What is going on?,@123848 Please let us know in DM when these issues happen with your iPhone and we’ll continue there: https://t.co/GDrqU22YpT,dm_escalation,guided_escalation
36091,36091,36090,I recently deleted some emails on my iCloud & I expected it to be in the Trash... but upon checking it got permanently deleted,@123849 Hello. We are here to help. What type of device are you using?,information_request,other
36091,36089,36088,iPhone 7+,"@123849 Since deleting the messages, have you checked to see if they appear in the trash on the iCloud website? https://t.co/MdGttkkFL9",troubleshooting,actionable
36091,36087,36085,"No, I haven’t... but I checked it on my MacBook (Mail app), still permanently deleted.","@123849 Okay. Send us a DM, and we'll continue to help out from there. https://t.co/GDrqU22YpT",dm_escalation,generic_escalation
36096,36094,36093,@123851 @115858 Have you had problems with your iOS 11? My phone’s been basically destroyed since I updated a few weeks back,@123850 We're here to help you. DM us and we can take a closer look at your issues there. https://t.co/GDrqU22YpT,dm_escalation,generic_escalation
36099,36100,36673,I’m having the same issue has anyone helped?,@123995 We're happy to help. Which iOS version is installed? Let us know in DM and we'll go from there. https://t.co/GDrqU22YpT,troubleshooting,guided_escalation
36099,36099,36097,RT If you are having issues with you iPhone not typing the letter ‘I’ correctly. needs to see the impact of this BS,@123370 We’d like to get this issue resolved. Meet us in DM if you'd like to continue.,dm_escalation,generic_escalation
36106,36106,36105,What’s the activity setting for Zumba (or similar) on the apple watch ? series2 queries tellmequick,@123853 Great question! You can customize your Zumba workout. Check this out: https://t.co/ik0A8dg7Jt,troubleshooting,actionable
36109,36109,36107,Can’t an iPhone 8 connect to a Bluetooth device using NFC?,@123854 Great question. That should work fine.  Are you having any issues there?,information_request,other
36109,36111,36112,"So I thought Apple still doesn’t allow to use NFC for headphones or speakers, but only for NFC “tags”.",@123854 Thanks for reaching out. Send us a DM and we'll work together there. https://t.co/GDrqU22YpT,dm_escalation,generic_escalation
36114,36114,36113,why is this still happening?,@123855 We want to help. Join us in DM so we may look further into this. https://t.co/GDrqU22YpT,dm_escalation,generic_escalation
36117,36117,36115,Should I be concerned yet? My iPhone X left China and went to Hong Kong and hasn’t left yet I live in LA,@123856  Our Online Store team is best suited to help with your question. You can reach them here: https://t.co/8yjRd1Xo0i,link_resource,actionable
36117,36116,36118,Ok. Thanks,@123856 You're welcome. Enjoy your day!,other,other
36117,36119,36120,You too!,@123856 Thank you!,other,other
36123,36123,36121,"hi, do you have a Tip, how to clean Nike+ Sport Loop Watch Bands?",@123858 Here's a great article to help guide you through cleaning your Apple Watch: https://t.co/VxlvpoL1kr,link_resource,actionable
36126,36126,36124,"fix my phone, just bc y’all got a new phone out doesn’t mean everyone’s 7+ needs to freeze constantly and shit.",@123859 We want you to enjoy using your iPhone. Does the iPhone become unresponsive when using certain apps?,information_request,other
36126,36125,36127,Yes to the point where I cannot even reset my phone or use the home button. It completely freezes or stutters. And my phone is brand new.,@123859 Alright. What is the current iOS version installed in Settings &gt; General &gt; About? Have you updated all of your apps as well? https://t.co/GDrqU22YpT,troubleshooting,actionable
36479,36479,36478,sort your lives out mates my phones been fucked since your shitty update,"@123956 If you're running into issues with your iPhone, we'd like to help you out. Please send a DM with the exact issue(s) you're experiencing, along with the version of the iOS software you currently have installed. https://t.co/GDrqU22YpT",troubleshooting,guided_escalation
36612,36612,36611,@115858 meu telefone só trava e apresenta problemas depois que atualizei p IOS 11 #iOS11 #apple #fail #,"@123973 Since our Twitter support is available in English, get help at https://t.co/IBIY3vMgPj or join https://t.co/pvaOFfPbjt",link_resource,actionable
36615,36615,36613,My husband hasn’t updated his MacBook since like 2011... do you think I could update it and be safe?,"@123974 As long as his Mac is compatible, it shouldn't be a problem. Be sure he has a backup. https://t.co/109nnHwfMC",troubleshooting,actionable
36615,36614,36616,Ok sweet. And it isn’t going to mess it up that he’s going from mountain lion to Sierra?,"@123974 That is correct, it should not have any trouble.",other,other
36619,36619,36618,Wtf this “!?” Keep popping up on my shit @115858 😒,@123975 We'd be happy to help. Can you DM us what device you are using and what's happening exactly? https://t.co/GDrqU22YpT,information_request,guided_escalation
36622,36622,36620,Can you fix this 👉🏼I️m @115858,@123976 We'd love to help figure this out with you today. Which iOS version are you using under Settings &gt; General &gt; About?,troubleshooting,actionable
36622,36621,36623,11.1,"@123976 Thank you. We’d love to help further. To start, please send us a DM letting us know which device you’re using. https://t.co/GDrqU22YpT",dm_escalation,guided_escalation
36626,36626,36624,"Hi there, my iPhone 6S plus can’t do backup for it, not by iCloud and iTunes , any way to fix it ,thanks",@123977 We'd love to help. What happens when you try back up via iTunes?,troubleshooting,actionable
36626,36625,36627,"Can’t be completed , I tried my other iPhone and my iPad it’s working perfectly",@123977 We'd like to take a further look at this with you. Please meet us in DM to continue. https://t.co/GDrqU22YpT,dm_escalation,generic_escalation
36629,36629,36628,"hey, I just tried download the Final Cut Pro X trial but it says it's incompatible with High Sierra. Can I not download then?",@123978 Hi there. We suggest reaching directly out to our Final Cut support team here: https://t.co/IBIY3vMgPj,link_resource,actionable
36631,36631,36630,I just sent a dm about an accident on iTunes I need help removing the payment please.,"@123979 This article can help:https://t.co/Y0YoIRcZa7 If you run into issues, reach out to iTunes billing here: https://t.co/SDIe7UiyJN",link_resource,actionable
36633,36633,36632,"since the latest iOS update, my iphone6 is a lot choppier and slower. Anything I can do?",@123980 Let's see what's going on. How long ago did you update? Reply in DM to get started. https://t.co/GDrqU22YpT,troubleshooting,guided_escalation
36637,36637,36634,Why did iOS 11 absolutely cripple my phone?,"@123981 We want you to be able to enjoy your iPhone. Give us some details on what you’re noticing, &amp; we’ll do all we can to help out.",other,other
36637,36635,36638,Apple music in control center doesn’t show the song name and i can’t change the song or anything.,"@123981 Got it, thanks. Let us know the exact iOS installed in a DM and we'll continue. https://t.co/GDrqU22YpT",troubleshooting,guided_escalation
36637,36636,36639,"Freezing basically all of the time. Apps are messing up, if i turn on airplane mode and then turn it off i can’t get service without restart",@123981 Which iPhone and iOS 11 version are you using?,information_request,other
36637,36640,36641,iphone 7 and 11.0.3,@123981 Let's take a closer look. Send us a DM and we can start there. https://t.co/GDrqU22YpT,dm_escalation,generic_escalation
36643,36643,36642,any possibility to do that without completely wiping the memory? Thanks! 2/2,@123982 We're so sorry for your loss. Let's continue chatting via DM so we can take a look at the best options. https://t.co/GDrqU2kzhr,dm_escalation,generic_escalation
36645,36645,36644,"hi, how long is the 20 months 0% interest for iPhone x offer on for?",@123983 We'll point you in the right direction. Get with our Apple Online Store Support for purchase questions: https://t.co/8yjRd1Xo0i,link_resource,actionable
36648,36648,36646,"@115858 Now i feel so tired with iOS 11,i think better days just only in old iOS before 11.Too many bug,lag,poor battery.Sorry &amp; Goodbye iOS.",@123984 What kind of issues are you having with the iOS? We'd love to help.,information_request,other
36648,36647,36649,"Too laggy and i think 11.1 more laggy for old iphone and worst when low battery, i very miss the all days on 10.","@123984 Send us a DM telling us which iPhone you have, and what happens after following these steps: https://t.co/OWRDHWSt4h https://t.co/GDrqU22YpT",dm_escalation,guided_escalation
36652,36652,36650,Thank you @115858 for making my iPhone 7 freeze every 5 seconds while I’m lost in a foreign country fucking great,"@123985 That's not good! We want to get your iPhone working smoothly too, especially while you travel. Which iOS version is installed?",troubleshooting,actionable
36655,36655,36653,"Do movies listed as DolbyVision in Tunes also support HDR10? Or is this random? Curiously, they are always listed as either or","@123986 Great question! If you see the HDR icon, this iTunes Store movie can play in HDR10. Check this out: https://t.co/SFdFHkEs3N",troubleshooting,actionable
36658,36658,36656,"I’m starting to get frustrated with the iPhone lightening port, I’ve cleaned it , I’ve tried different wires",@123987 Let's get you back up &amp; running! Can you let us know which type of iPhone you're using &amp; what exactly is happening with that port?,information_request,other
36658,36657,36659,iPhone 6 and I gotta twist it to work,@123987 Got it. Meet up with us in DM so we can gather more details and look into next best support options. DM us your country. https://t.co/GDrqU22YpT,troubleshooting,guided_escalation
36661,36661,36660,I need you to hurry up and fix this update cuz I can’t type the letter “eye” with out it looking crazy as hell,"@123988 We're here for you! Send us a DM with your current iOS version, and we'll get started there. https://t.co/GDrqU22YpT",dm_escalation,guided_escalation
36664,36664,36663,Okay I thought it was just my phone fix this shit with the letter EYE,@123990 Thanks for reaching out. DM which iPhone and specific iOS version you are using to get started. https://t.co/GDrqU22YpT,dm_escalation,guided_escalation
36666,36666,36665,Thanks for locking me out of my phone.,@123991 We want to help out. Please DM us some more details about what's going on. https://t.co/GDrqU22YpT,dm_escalation,guided_escalation
36668,36668,36667,"Seriously, @115858? We spend thousands on a computer and the POS mouse stops working 18 months later? #Apple #WTF https://t.co/3P6iGQQefB",@123992 We have a resource that can help. Take a look at the steps listed here: https://t.co/xcfbsTFVVR,link_resource,actionable
36670,36670,36669,"Disappointed with @115858 - phone that is only 1 1/2 years old dying for no reason...want to charge for a repair, shocking.",@123993 We want to help. Tell us more about what's happening in DM. https://t.co/GDrqU22YpT,dm_escalation,guided_escalation
36672,36672,36671,my frnds iphn6 got hanged Plz help,@123994 Let's start with a restart: https://t.co/iE95lxiuIy DM us if the issue continues. https://t.co/GDrqU22YpT,troubleshooting,generic_escalation
3761,3761,3760,Listen I’m having issues with my phone so like can you @ me so we can talk,@116620 We're here to help. Send us a DM with the issue and we'll follow up from there. https://t.co/GDrqU22YpT,dm_escalation,generic_escalation
3764,3764,3762,not only does my phone keep freezing but when i screenshot things it turns out white... really not liking this iphone 8 plus,@116621 Let's look at this together. Are you updated to iOS 11.1?,troubleshooting,actionable
3764,3763,3765,"11.1?? when did that come out lol, i talked to you guys last night and you asked if i was updated to 11.0.3 which i am lol","@116621 It was released earlier today. Let's use these steps to update iOS:  
 https://t.co/80YRnjDFDk",troubleshooting,actionable
37650,37649,37648,@124173 @115858 Can I update my iPad or wait till next update? Update size also above 1GB..,@124172 It's always good to install current updates. Check out this article for ways to make more space for it: https://t.co/GfczciMZXW,troubleshooting,actionable
37652,37652,37651,"Thanks @115858 for making my iPhone 6+ slow, sluggish non stop crashing, unresponsive &amp; battery life shot to pieces since new iPhone &amp; update",@124174 Were you able to get updated to iOS 11.1? Send us a DM to continue. https://t.co/GDrqU22YpT,troubleshooting,guided_escalation
37656,37659,41622,Following this too bc it’s been happening to me!!,@125157 We're here for you! Let's work together. Send us a DM and let us know when this started happening. https://t.co/GDrqU22YpT,dm_escalation,guided_escalation
37656,37656,37654,Why can we not type the letter “i” without it turning into a question mark?,@124176 Let's work together to sort this out. Which iOS version is this happening with?,information_request,other
37656,37655,37657,Thank you! iOS 11.1!,@124176 Let's take this to DM so we can better assist you. https://t.co/GDrqU22YpT,dm_escalation,generic_escalation
37662,37662,37661,@115858 my bose headphone controls don’t seem to be working since I updated to iOS 11 any idea why?,"@124177 We're here for you. DM us your current iOS version, and we'll take a closer look at this together. https://t.co/GDrqU22YpT",dm_escalation,guided_escalation
37665,37665,37663,"iOs 11 is a mess. My iTunes is a mess. Fix up, @115858.",@124178 We'd like to look into this with you. What is your current iOS version?,information_request,other
37665,37664,37666,11.0.3 and iTunes 12.7.,"@124178 We've recently released a new iOS update; 11.1. We'd advise to backup, then update the iOS software. https://t.co/ahjigcvFRG",troubleshooting,actionable
37669,37669,37667,Top bar disappearing for anyone else in iOS 11.1? No time or signal being displayed.,@124179 Let's try restarting by following this article and see if it helps: https://t.co/OWRDHWSt4h,troubleshooting,actionable
37669,37668,37670,That will fix it. But this bug was not present in 11.0.3.,"@124179 If this activity continues, please let us know by sending us a DM. https://t.co/GDrqU22YpT",dm_escalation,guided_escalation
3767,3767,3766,I’m no expert in battery life but 40% doesn’t go to 7% in 5minutes,"@116622 We understand your concerns, and want to help. Which device is this happening on?",information_request,other
37673,37673,37671,i have a 5s and my app crashes when connected to wifi. Please sort this out with the next ios update.,@124180 We'd like to help. Is this happening on cellular as well? Does it happen on all Wi-Fi networks?,information_request,other
37673,37672,37674,"i have never tried on Mobile data. the problem does persist on all Wi-Fi networks (open and private) that my iphone 5s has connected to, the music app would crash and close soon after i open it.",@124180 Got it. Let's try opening the Music app while only being connected to mobile data. Keep us posted.,troubleshooting,actionable
3770,3770,3768,this is my top bar every time I open messages on my SE after updating to iOS 11.1,@116623 Thank you for reaching out to us. Have you tried to restart the device? Let us know to get started.,troubleshooting,actionable
3770,3769,3771,That fixed it thanks,@116623 That's great! Enjoy the rest of your day.,other,other
3773,3773,3772,iOS 11.1 - keyboard lag.,@116624 We'd like to take a look into that with you. Would you please join us in DM to get started? https://t.co/GDrqU22YpT,information_request,guided_escalation
3777,3777,3775,"I've also forced the app to close from the background and reopened, no dice",@116625 Let’s team up on this. How long has this been happening? What version number of iOS are you running? Which iPhone do you have?,information_request,other
3777,3776,3778,"still happening, including on iOS 11.2 beta now. any ideas?",@116625 Thanks for the update. Go ahead and send us a DM and we'll take it from there. https://t.co/GDrqU22YpT,troubleshooting,generic_escalation
38207,38207,38206,Hi there! I got an issue with iMessage and Facetime... using the latest iOS on an iphone 6.,@124298 We'd love to help. Please do tell us what the issue is.,acknowledgement,other
38212,38212,38211,Is anyone else’s phone making these boxes and shit ? help lol,@124300 We're here to help. DM us which iOS software version your phone is running to continue. https://t.co/GDrqU22YpT,dm_escalation,guided_escalation
38212,39689,39688,Mine is too I just thought something was wrong with my phone because it keeps doing weird shit all the time now,@124690 Thanks for reaching out. DM the specific issue you are seeing with your iPhone to get started. https://t.co/GDrqU22YpT,dm_escalation,generic_escalation
38221,38218,38216,"Depende como responda esto perderán un cliente (+familia) y prescriptor desde hace más de 15 años, usuario de toda la gama",@124301 We offer support via Twitter in English. Get help in Spanish here: https://t.co/IBIY3vMgPj or join https://t.co/OczyRx7IOs,link_resource,actionable
38221,38217,38219,"I’m complaining on Twitter because phone support was not useful and disrespectful with me, 1st time after 15 years, times’re changing",@124301 That's not the experience we want you to have. Can you please provide more details about what happened in a DM? https://t.co/GDrqU22YpT,information_request,guided_escalation
38225,38223,38222,"i updated my iPhone 6s to ios 11.2 beta but everytime I unlock this alert pops up ,how can i fix this",@124302 We want to help.  Send us a DM letting us know which country you are located in to get started. https://t.co/GDrqU22YpT,troubleshooting,guided_escalation
38227,38227,38226,"Mine is shite mate....crashing, turning itself off, apps randomly freezing, won’t let me call anyone",@124304 We'd like to look into this with you. When did these issues begin? Tell us in a DM. https://t.co/GDrqU22YpT,information_request,guided_escalation
38230,38230,38229,cuando vais arreglar el problema de la batería con vuestras actualizaciones de IOS? Es de vergüenza,@124305 We offer support via Twitter in English. Get help in Spanish here: https://t.co/IBIY3vMgPj or join https://t.co/OczyRx7IOs,link_resource,actionable
38235,38235,38232,See right here!!! What’s the question mark? I didn’t put that there!!!,@124307 Let's work on getting to the bottom of this together. Which iOS version is installed? Let us know in DM. https://t.co/GDrqU22YpT,troubleshooting,guided_escalation
38240,38240,38238,Any reason why my Apple Watch October challenge suddenly disappeared yesterday? I completed it but it never filled in.,@124308 Thanks for reaching out.  Awards appear 9 days later.  This article explains Activity Achievements:  https://t.co/xwf6lrqFb9,link_resource,actionable
38240,38241,38242,15 days later and it still hasn’t turned up. Any thoughts?,@124308 We're happy to take a look and figure this out for you. Join us in DM with your iOS version and watchOS version. https://t.co/GDrqU22YpT,dm_escalation,guided_escalation
38244,38244,38243,after updating my Apple Watch series 2 to WatchOS 4.1 battery is draining a lot faster.,"@124309 We're here for you. Send us a DM, and we'll take a closer look at your battery life together. https://t.co/GDrqU22YpT",dm_escalation,generic_escalation
38246,38246,38245,new update 11.0.3 has made my cell slow like samsung. The main reason me buying apple was a hope that it doesnt hang!,"@124310 We can help. We’ve released iOS 11.1. Let’s make sure you have a backup, and update your iPhone: https://t.co/80YRnjDFDk",troubleshooting,actionable
38248,38248,38247,yesterday I purchased iPhone 6. Trying to connect to PC for copy songs but it’s not recognizing. Please help.,@124311 Let's work on this together. Which version of Windows are you using? DM the answer below. https://t.co/GDrqU22YpT,information_request,guided_escalation
38251,38251,38249,God damn you @115858 my phone isn’t ringing out loud after the recent iOS upgrade and I’m losing business!  #pleasefix,@124312 We'd like to help you! Are you experiencing sound issues with any apps besides the Phone app?,information_request,other
38251,38250,38252,Hi I googled the problem and turns out do not disturb function had been activated somehow unbeknown to me. Thank you for help,@124312 We're glad you were able to get it fixed. You're very welcome!,other,other
38261,38261,38259,"Great! My Ipad has died, it won't turn on",@121933 We'd like to help! Try the steps in this article: https://t.co/8MvHMFZ83h Let us know what happens.,troubleshooting,actionable
38261,38258,38257,"the charging screening is now showing, now what?",@121933 Let's give it some time to charge. It can sometimes take up to 20 minutes to come back on if it was completely depleted.,other,other
38261,38256,38255,it had 60% before the error.,@121933 That is good to know. Let's still give it about 20 minutes or so. Please do keep us in the loop.,other,other
38261,38254,38253,Seems to be ok now. Thanks,@121933 That is great news! Please reach out if you need further assistance.,other,other
38645,38645,38644,my iphone 7 back up would not restore onto my X today. Lost all my text message history and apps as I had to set up from new. Any way I can get them back?,"@124421 Congratulations on the iPhone X! We know how important backups are &amp; we'll do all we can to help. First, what happened when you attempted to set up your new iPhone with the backup? 
Is your iPhone X on the same iOS version your iPhone 7 was when the backup was made?",troubleshooting,actionable
38645,38637,38635,I connected 7 to create backup before heading to collect my new X on my lunch break. When I got back to work and turned on X and selected restore from iTunes backup it said previous backup was corrupted. Needed my phone so had to set up as new to make calls.,"@124421 Got it. Let’s check which iOS version is on your iPhone X by going to Settings &gt; General &gt; About
If it’s a lower iOS version than your iPhone 7, then we’ll need to get the iPhone X updated by following these steps: https://t.co/r9sZrDtROb 
Let us know what you find.",troubleshooting,actionable
38645,38636,38638,it’s on 11.1 it has just popped up when I went into general for an software update I 11.1.2,"@124421 Great.  Go ahead and run the update.  After it is complete, try restoring your backup again.",troubleshooting,actionable
38645,38639,38640,how do I find the old update from this afternoon as I can’t see it in iTunes?,"@124421 We are not quite sure we understand. You are still trying to update correct?  You can update the iPhone X in the General Settings or in iTunes.  If you don’t see it in iTunes, you may have to update iTunes as well.",troubleshooting,actionable
38645,38641,38642,i have updated my phone to 11.1.2. But to get my backup from my 7 installed on my X. Is it possible as I set up the X as new.,"@124421 You can restore a backup to your iPhone X, as long as the iPhone X is running the same or newer iOS version compared to the iOS version that was used during the backup you had created previously. DM us to continue. https://t.co/GDrqU22YpT",troubleshooting,guided_escalation
38648,38648,38646,Either @115858 or @124423 needs to get their shit together my music keeps pausing when I get a snap notification,@124422 We can help out. Is the phone locked or unlocked when this happens? Or does it happen with both?,information_request,other
38648,38647,38649,Both,"@124422 Do you know what version of the iOS is on the device? Also, is it only the Snapchat notifications that pause the music? Let us know in Direct Message. https://t.co/GDrqU22YpT",information_request,guided_escalation
38651,38651,38650,hello @115858 when i hit the lil music square in ios whatever the fuck this is WHY DOESNT IT TAKE ME TO THE MUSIC APP LIKE I’D LIKE IT TO???,"@124424 Thanks for reaching out. We'd like some details to assist. Is the Music app not opening at all, or are you getting an error? Also, are you an Apple Music member? Let us know in DM and we'll continue. https://t.co/GDrqU22YpT",information_request,guided_escalation
38857,38857,38854,Wtf? @115858 https://t.co/GiyvXiC3s3,@124479 Let's see what we can do to assist in getting this sorted out. When did you see this start to happen?,information_request,other
38857,38855,38858,It’s 11.1,@124479 Is it still doing the same thing currently? Tell us more via DM: https://t.co/GDrqU22YpT,information_request,guided_escalation
38861,38861,38859,My alarm never went off this morning and I have no idea why help,@124480 We want you to be able to wake up on time. Is this the first time this happened?,information_request,other
38861,38860,38862,"Yes, I’ve had this phone for a long time and I don’t believe it’s done anything like this before","@124480 If you set up a new alarm for 5 minutes from now, does it go off?",information_request,other
38861,38864,38865,Yes,"@124480 This hasn't occurred more than once, correct?  Have you installed any new apps recently?",troubleshooting,actionable
38861,38866,38867,"No, and not that I know of.",@124480 Let’s team up on this situation. Could you let us know more details via a DM? We’ll keep moving forward from there. https://t.co/GDrqU22YpT,information_request,guided_escalation
38870,38870,38868,My iPad 2 has locked. Wrote to the M.D. and he did sod all. Gonna buy android from now. Suggest you all do the same,@124482 We'd like to help you out if we can. What do you mean your iPad 2 has locked? Are you getting an error message?,information_request,other
38870,38869,38872,Already been told that nothing can be done cos I bought it via my design agency even though I have a receipt Your U.K. MD has avoided me.,@124482 We'd like to see if we can be of help. Would you mind joining us in DM? We'd like to continue our conversation there. https://t.co/GDrqU22YpT,information_request,guided_escalation
38870,38873,38874,Can we speak via email? __email__,"@124482 We offer support here, through phone support, or chat. DM us if you would like to continue here. https://t.co/GDrqU22YpT",dm_escalation,generic_escalation
38882,38882,38881,"My iphone 6s hs crackling sound coming on call and whn I hold phn a little away from mouth, the person cannot hear my voice",@124483 We're here to help! Which version of the iOS is on the iPhone and when did you first notice this issue?,information_request,other
38882,38877,38875,"I am running on iOS 11.1, crackling sound ws reported 6 months back but now it is relatively less after update but Call Volumes have dropped",@124483 Thanks for that information. DM the country or region where you are currently located to continue. https://t.co/GDrqU22YpT,troubleshooting,guided_escalation
38882,38876,38878,Location details sent in DM !,@124483 Thank you. We will reply to you there.,other,other
38888,38885,38883,I'm using iCloud etc all of your shit but I cannot restore my data after a simple clean refresh. It seems I'm stupid :/,@124484 Let us help. Follow up with us in DM. Tell us if the data is also missing from the iPhone 6 Activity App. https://t.co/GDrqU22YpT,dm_escalation,guided_escalation
38891,38891,38889,how can i reset security questions? i face this error: We don't have sufficient information to reset your security questions.,@124485 We'll need to refer you here for help with your Apple ID:  https://t.co/UJm15vmMM2,link_resource,actionable
38893,38893,38892,would I ever receive a txt saying my apple account had been locked and a link to a website to verify it? Seems odd!,@124486 We typically don't send texts. You can learn more about suspicious messages here: https://t.co/tHkFZyBtjO,link_resource,actionable
39596,39596,39594,Ummm please help,@124657 We're here for you. Which version of macOS are you running? Check from the  menu &gt; About This Mac.,troubleshooting,actionable
39599,39598,39597,Case id is 100335493202,"@124658 Let's look into this together. Send us a DM, and we'll continue with you there. https://t.co/GDrqU22YpT",dm_escalation,generic_escalation
39601,39601,39600,Dear – please do something about iOS11 on the iPhone6... it get's damn hot and is terribly slow during AppStore updates,@124659 We want to know more about what you're experiencing. Are these issues only happening when using the App Store? Which iOS are you on?,information_request,other
39604,39604,39602,"Dear  @115858 

why is It that I️ can’t type I️ without an A with a question mark in a box pop up it’s annoying",@124660 We're here for you. Which version of the iOS are you running? Check by tapping Settings &gt; General &gt; About.,troubleshooting,actionable
39604,39603,39605,11.0.3,"@124660 First, let's have you update to iOS 11.1: https://t.co/80YRnjDFDk Let us know if the issue continues after updating, please.",troubleshooting,actionable
39604,39607,39609,It’s still the same,@124660 Have you tried resetting the Keyboard dictionary by going to Settings &gt; General &gt; Reset &gt; Reset Keyboard Dictionary yet?,troubleshooting,actionable
39604,39610,39612,Same thing,@124660 Thanks for trying. DM us and we'll continue there. https://t.co/GDrqU22YpT,troubleshooting,generic_escalation
39615,39615,39614,soooo are you guys working on this bug going on with the keyboard??? The letter “ i “ keeps getting replaced by symbols,@124662 We're here to help. Let's take this to DM so we can better assist you. https://t.co/GDrqU22YpT,dm_escalation,generic_escalation
39617,39617,39616,as fotos e vídeos do meu telefone não carregam mais.. como resolvo?,"@124663 Since our Twitter support is available in English, get help at https://t.co/IBIY3vMgPj or join https://t.co/pvaOFfPbjt",link_resource,actionable
39619,39619,39618,"since updating to 11.1 this am, sound volume on phone calls (handset) very quite - speaker and Bluetooth works fine - pls help",@124664 We want to help with this. Do you experience the volume issue in all locations? Let us know in DM. https://t.co/GDrqU22YpT,information_request,guided_escalation
39621,39621,39620,"My whatsapp chats wiped, now it's been backed up with 0 texts - how can I get them all back from previous back ups?","@124665 Let's take a look. Are you needing to restore from an iCloud or iTunes backup, or do you need to restore your WhatsApp backup?",troubleshooting,actionable
39623,39623,39622,@115858 where is all my music that was in my library? and why do i have to renew my subscription?,"@124666 We're here to help! To get us started, may we get the device we're working with and the OS version?",information_request,other
39625,39625,39624,help...my alarm keeps going off between 1 and 10 minutes later than it is set for...,@124667  We want to help.  Send us a DM letting us know if you are updated to iOS 11.1 https://t.co/GDrqU22YpT,troubleshooting,generic_escalation
39628,39628,39626,upgraded to iOS 11.1 today from 11.03 and iMessage has stopped working and will not activate. Suggestions?,@124668 We'd like to help with your iMessage issue. Are you connected to Wi-Fi or cellular data?,information_request,other
39628,39627,39629,Fixed. Wasn’t worm king with both until I went to work and connected to a WiFi that I haven’t been remembered by,@124668 We're glad to hear all is well. Please let us know if there's anything else we can do.,other,other
39633,39633,39632,why is this my screen when I try to make a call. why this happen after the 10th update I’m confused.,@124669 We can assist you. Please DM us via the following link with your device model and we'll help you further. https://t.co/GDrqU22YpT,dm_escalation,guided_escalation
39636,39636,39634,"Hello, I have a huge problem!!!! Many of the songs that I mostly listen don’t work anymore on Apple Music, it’s very upsetting",@124670 We're here to help. Let's meet up in DM and discuss it. https://t.co/GDrqU22YpT,dm_escalation,generic_escalation
39638,39638,39637,I guess it’s time to upgrade my 6s Touch ID isn’t working..,@124671 We'd love to help with your Touch ID. Check out: https://t.co/OOLuysF60o Let us know if this helps or not.,troubleshooting,actionable
39640,39640,39639,Truly disappointed with the . My Watch is peeling the paint off and the support don't help me.,@124672 We'd be happy to look into this with you.  Let us know the details in DM and we'll continue from there. https://t.co/GDrqU22YpT,dm_escalation,guided_escalation
39642,39642,39641,"hay manera de regresar a la actualización anterior? La pila no dura, el iPhone lento...entre otros",@124673 We offer support via Twitter in English. Get help in Spanish here: https://t.co/IBIY3vMgPj or join https://t.co/OczyRx7IOs,link_resource,actionable
39644,39644,39643,hey guys any news on why Apple Pay isnt working. Is this a global issue or just UK?,@124674 We'd like to know more about what is going on so we can try to help. What happens when you try to use Apple Pay?,troubleshooting,actionable
39646,39646,39645,все нормально?,@124675 We offer support via Twitter in English. Contact us for help in your preferred language here: https://t.co/IBIY3vMgPj,link_resource,actionable
39648,39648,39647,My phone will not stop freezing,"@124676 We're glad to help. To start, what version of iOS are you currently running? Find that in Settings &gt; General &gt; About.",troubleshooting,actionable
39652,39652,39649,Now my touch screen is freaking out on the new IOS. I should have known better than to upgrade my iOS.,@124677 We want you to have a smooth update experience. What exactly is happening with your touch screen?,troubleshooting,actionable
39652,39651,39653,Since the update yesterday my touch screen will stop working periodically. It will be working fine then stop for multiple minutes,"@124677 When this happens, do you need to force restart your iPhone? https://t.co/OWRDHWSt4h",troubleshooting,actionable
39652,39654,39655,I’ve tried that didn’t help. Now it’s just a matter of turning the screen off and letting it sit for 30 seconds then usually it works,"@124677 Give these steps here a try also: https://t.co/kQXBriN504 If you still have issues after doing them, DM us. https://t.co/GDrqU22YpT",troubleshooting,generic_escalation
39658,39658,39657,@115858 please fix my phone screen ): but like for cheap?????????,@124679 We want to help.  DM us which country are you located in. https://t.co/GDrqU22YpT,troubleshooting,guided_escalation
39660,39660,39659,"Since I’ve updated my @115858 6SPlus to the new IOS11.1 yesterday, its been super slow,unresponsive,freezes all time and no sound at speaker!",@124680 We'd love to help. Does the issue only occur when using a specific app? DM the answer below. https://t.co/GDrqU22YpT,information_request,guided_escalation
39668,39668,39661,"PT1. I pre-approved my iPhone X then ordered it at 301 am, your database is shipping the phone to a fake address due to a typo",@124681 Thanks for reaching out.  Let's get you in touch with an Apple Online Store Advisor at: https://t.co/8yjRd1Xo0i.,link_resource,actionable
39670,39670,39669,why does my iPhone turn on WiFi and Bluetooth automatically? IWantToUseMyData,@124682 Are you doing it from Control Center? That would just disconnect your devices. Learn more here: https://t.co/G7BHuQnDS6,information_request,actionable
39674,39673,39672,I can confirm that the battery is still piss poor. Down to 43% and hardly used it today!,"@124683 Battery life is definitely important, and we can help. To start, DM us the iOS version your iPhone is on. https://t.co/GDrqU22YpT",dm_escalation,guided_escalation
39677,39677,39676,hello?,@124685 We'd love to help. DM us the country where you are located. We can go from there. https://t.co/GDrqU22YpT,troubleshooting,guided_escalation
39680,39680,39679,Ok the (?) that keeps popping up when I️ send shit is blowing mine... @115858 what’s good?,@124687 Let's pair up and see what we can do to help. Which device are you using? Have you updated to iOS 11.1?,troubleshooting,actionable
39682,39682,39681,Does anyone EVER get Apple’s ‘reading list’ to work offline in Safari? What a load of old . Any alternatives that work?,@124688 We'd love to look into this with you. Tell us what happens while trying to access your Reading List while offline.,troubleshooting,actionable
39686,39686,39684,I can’t send photos any more with the new iOS. Any thoughts ?,"@124689 Let’s partner to figure this out. Tell us which device you’re using, and the version of iOS 11 it’s on to start.",other,other
39686,39685,39687,Phone is an SE running iOS 11.0.03,@124689 Let's move over to DM to continue. https://t.co/GDrqU22YpT,dm_escalation,generic_escalation
40435,40435,40433,why when i type the letter “i” a symbol thing shows up,"@124862 We'd love to figure this out with you. Which device is this happening on, and which software version are you running?",information_request,other
40435,40434,40436,7 plus & ios 11,"@124862 Have you had a chance to update to the latest 11.1? If not, go ahead and give that a try first. Let us know how it works.",troubleshooting,actionable
40435,40437,40438,it is updated to 11.1,@124862 Thank you. Please send us a DM letting us know when this first started happening and we'll take it from there. https://t.co/GDrqU22YpT,dm_escalation,guided_escalation
40435,40439,40440,i did,@124862 Thank you! Please look for our response to your DM shortly. https://t.co/GDrqU22YpT,dm_escalation,generic_escalation
40442,40442,40441,I updated my phone finally and still see the little boxes with the “?” - por que @115858,"@124863 Hi. We're here to help you. Just to confirm, are you running iOS 11.1? Let us know in DM. https://t.co/GDrqU22YpT",information_request,guided_escalation
40444,40444,40443,Anyone know how i fix this? I took these videos on Saturday and it just doesnt let me play any videos atall in my album,"@124864 We want you to be able to view your special moments. Just to clarify, this message appears in the Photos app, correct?",information_request,other
40449,40449,40447,6sPlus freezes.hangs evry nw n thn.nt able 2 mltitsk. Apps freeze n i hv 2 restrt evry tym. Takng 2 long 2 opn apps. Frustrtd,"@124865 Hi. We are here to help. To get started, what is your iOS version? Go to Settings &gt; General &gt; About. Thanks",troubleshooting,actionable
40449,40448,40450,iOS 11.1. To open twitter i had to restart the phone again the screen just froze when j clicked,"@124865 We totally understand. Please join us in DM, we'd like to start troubleshooting with you. https://t.co/GDrqU22YpT",dm_escalation,generic_escalation
40453,40453,40451,My iPhone speaker doesnt work after ios 11.1 update,@124866 That's definitely not expected behavior. Let's figure this out. Is this happening with all sounds? Have you restarted?,troubleshooting,actionable
40453,40452,40454,All sounds yes when I go to the settings to test it it works but any other that setting no. And I did restarted it and still doesnt work,"@124866 Alright, let's follow the steps here and let us know if the behavior persists: https://t.co/LQfLtVi1GC",link_resource,actionable
40453,40455,40456,Still my phone is like in headphone but nothing is plugged in and I did restart again and still,"@124866 So that we can take a deeper look, feel free to DM us what country you're located in: https://t.co/GDrqU22YpT",troubleshooting,guided_escalation
40458,40458,40457,@115858 My software is updated. Why am I seeing these boxes?,@124867 Let's take a closer look via DM. What country are you located in? https://t.co/GDrqU22YpT,troubleshooting,guided_escalation
40460,40460,40459,The letter “I” is malfunctioning when typing. Pleasure halp!,@124868 We'd like to help you out. DM us with what type of device you're using and we'll get started. https://t.co/GDrqU22YpT,dm_escalation,guided_escalation
40463,40463,40462,iOS Suggested features: •Add VPN & GPS to Control Center •Widgets functioning without opening the App itself,@124869 Be sure to leave thoughts and ideas like these at our Feedback website. You can find it here: https://t.co/oWzjJxkvlC,link_resource,actionable
40465,40465,40464,is there a way to close all open apps and return to home screen at once with Apple classroom?,@124870 Reach out to our Education department through the following link:  https://t.co/IBIY3vMgPj,link_resource,actionable
40470,40467,40466,"Jk, still broken",@124872 We can help! Send us a DM and let us know which iOS version you're running. We'll take it from there. https://t.co/GDrqU22YpT,dm_escalation,guided_escalation
40472,40472,40471,So many bugs on this latest iPhone update. Get it together @115858,"@124874 We're here to help. What issue(s) are you experiencing exactly? Also, what iOS version are you using?",information_request,other
40474,40474,40473,My battery is draining quickly on my iPhone 6s when I use 3G. I lose like 5% a minute. But it’s better when I use my WiFi.,@124875 We've responded to your DM. Look for us there.,dm_escalation,generic_escalation
40476,40476,40475,"This iphone update is giving me hell
PLEASE FIX THIS @115858",@124876 We want you to have a smooth experience with the update. What exactly is going on?,troubleshooting,actionable
40478,40478,40477,"hey, we need a new iOS update ASAP. My 6S’s battery life was literally cut almost in half and with less use! Work on it.",@124877 We received your DM and will continue with you from there. Keep an eye out for our response.,dm_escalation,generic_escalation
40481,40481,40479,"I️ most updated my phone, why isn’t my I️ working @115858",@124878 We're here for you. Which version of iOS are you running in Settings &gt; General &gt; About? Is this happening in all apps?,troubleshooting,actionable
40481,40480,40483,"IOS 11.1, And just my social media apps,",@124878 Thanks. We received your DMs and will continue with you there. https://t.co/GDrqU22YpT,dm_escalation,generic_escalation
40485,40485,40484,is de update 4.2 niet voor de Apple watch 1?,@124879 We offer support via Twitter in English. Contact us for help in your preferred language here: https://t.co/IBIY3vMgPj,link_resource,actionable
40489,40487,40486,Bec I’m having the same issue!,@124880 We're here for you. Please DM us the version of iOS you're using and we can go from there together. https://t.co/GDrqU22YpT,dm_escalation,guided_escalation
40514,40498,40491,is there an official fix for the 11.0.3 battery issue?,"@124882 If you're having issues with your iPhone battery life, we'd like to help. Update to iOS 11.1 &amp; let us know if that persists after.",troubleshooting,actionable
40514,40492,40500,Even i have the battery drain issues since updating to iOS 11. Not even any better on iOS 11.1,"@124883 Battery life is important, so we'd like to help. Let us know in DM when this started happening. https://t.co/GDrqU22YpT",dm_escalation,guided_escalation
40514,40493,40504,Is it now GA? I thought it was still in beta,@124882 We released iOS 11.1 yesterday publicly. DM us if you run into any further issues. https://t.co/GDrqU22YpT,dm_escalation,generic_escalation
40517,40516,40515,"Não melhorou. PIOROU! Sai de casa com 100% de bateria e cheguei no trampo com 92%... SEM USAR! please, fiX the battery issue!","@124889 Since our Twitter support is available in English, get help at https://t.co/IBIY3vMgPj or join https://t.co/pvaOFfPbjt",link_resource,actionable
40519,40519,40518,hi so I got an email my account was locked. But I’m pretty sure it was a fake.,@124891 We'd like to take a closer look at this with you. Let's continue our conversation via DM. https://t.co/GDrqU22YpT,dm_escalation,generic_escalation
40522,40522,40521,"please fix/help me with the podcast app. What happened to it?? No longer playing next episode, losing my place, can’t find the settings anymore. help",@124892 Let's see what we can do. Send us a DM with all the details you can provide. https://t.co/GDrqU22YpT,dm_escalation,guided_escalation
40524,40524,40523,is the battery drain using iOS 11.0.2 we’ll know? I can see my battery drain crazy after used on 4G for a couple of min!,"@124893 We're here to help. Let's update to iOS 11.1 as it was recently released. For steps, check out this link: https://t.co/80YRnjDFDk",troubleshooting,actionable
40527,40527,40525,.@115858 #iCloud isn't working on #Safari after #macOS 10.13.1 update. Is anyone facing a similar issue?,@124894 We know how important it is to be able to access your iCloud. What exactly happens when you go there? Do other websites work?,information_request,other
40527,40528,40529,"Other site works on Safari, and at the same time icloud login also works perfectly fine in Chrome",@124894 We've checked our status everything looks ok. https://t.co/7NVrDovSd8. Have you tried clearing your Safari browser history? https://t.co/GDrqU22YpT,troubleshooting,actionable
40527,40530,40531,"I just did, same issue persists.",@124894 Have you recently installed any Safari extensions? You can check this under Safari tab &gt; Preferences &gt; Extensions.,troubleshooting,actionable
40527,40532,40533,"Nothing recently, i suspected uBlock but tried after disabling that.",@124894 Are there any other extensions that you tried disabling?,information_request,other
40527,40534,40535,Tried that too.Didn't work.,@124894 Thanks for trying. Please send us a DM and we'll continue this conversation there. https://t.co/GDrqU22YpT,troubleshooting,generic_escalation
40537,40537,40536,El bug de la app de Gmail no se va y molesto el globo de notificación y er que no hay correos sin leer!!!,@124895 We offer support via Twitter in English. Get help in Spanish here: https://t.co/IBIY3vMgPj,link_resource,actionable
40539,40539,40538,Hey! How do I permanently enable ‘Explicit’ content for Music? I have to manually enable it everytime. AppleMusic,@124896 We'd like to help. Please meet us in DM and we'll take a further look at this together. https://t.co/GDrqU22YpT,dm_escalation,generic_escalation
40541,40541,40540,"is this normal? When I tap that symbol, it defaults to “I”",@124897 We’d like to look into this. Which iOS version are you using? Find out in Settings &gt; General &gt; About.,troubleshooting,actionable
40543,40543,40542,HELP,@124898 We're here to assist.  Reach out to us via DM and we'll get started. https://t.co/GDrqU22YpT,dm_escalation,generic_escalation
40545,40545,40544,HEY how come I just downloaded a new update and Live Photo’s is STILL COMING ON EVERY TIME I OPEN MY CAMERA?????,@124899 Thanks for reaching out to us today! We'll be glad to look into this with you. Please send us a DM. https://t.co/GDrqU22YpT,dm_escalation,generic_escalation
40551,40548,40546,And cycle Watch power....,"@124900 We want to help get to the bottom of this. Please meet us in DM so we may gather information, and better assist.",dm_escalation,generic_escalation
40553,40553,40552,@115858 my iPhone keeps muting itself for no reason? This is since I did the update??,@124901 We'd like to learn more about this situation. Send us a DM with all the details you can provide. https://t.co/GDrqU22YpT,dm_escalation,guided_escalation
40556,40556,40554,Dear you get all my ire this a.m. for that iOS update! It would not accept my valid password even after I reset! F UR UPDATE,@124902 We'd like to help. Are you referring to your passcode or which password exactly? Let us know in DM. https://t.co/GDrqU22YpT,information_request,guided_escalation
40558,40558,40557,"Hey @115858 just got a fake email from u, telling me someone accessed my iCloud, &amp; if it wasn't me to use a link provided. Just saying 🤦🏼‍♀️","@124903 Thanks for informing us. However, this wouldn't be an email sent from Apple. Please take a look at this: https://t.co/LNMCdqt6fD",link_resource,actionable
40560,40560,40559,Hey why can’t I download podcasts from ? New update is terrible,@124904 Thank you for reaching out to us. Which software version are you using? Does this happen when downloading all episodes?,information_request,other
41541,41541,41540,@115858 @797 FIX THIS NOW!!!!! I️ I️ I️ I️ I️ I️ I️ I️ I️ I️ I️,@125131 Thanks for reaching out. DM which iPhone and specific iOS version you are using to get started. https://t.co/GDrqU22YpT,dm_escalation,guided_escalation
41543,41543,41542,I I need y’all to fix this,@125132 We're here to help. Let's take this to DM so we can better assist you. https://t.co/GDrqU22YpT,dm_escalation,generic_escalation
41547,41546,41544,"@115858 The same issues, the audio on the screen recording doesn’t work, it freezes constantly &amp; none of my photos &amp; videos are back on my phone. +",@125133 We want to be sure that you get the help you need. Please reach out here for help with your photos: https://t.co/IBIY3vMgPj,link_resource,actionable
41550,41550,41548,I updated my phone and I still see these question marks on my TL @115858,@125134 Hello. We are to help. Please provide us with the specific version of iOS that you have from Settings&gt; General&gt; About.,troubleshooting,actionable
41550,41549,41551,iOS 11.1,"@125134 Thanks. DM us a screenshot of what you're referring to, and we will work together from there: https://t.co/GDrqU22YpT",dm_escalation,guided_escalation
41556,41556,41555,locked out of my iPad. Followed instructions but it hasn’t worked. Please help. Also I want to turn this feature off,@125135 Let us know exactly what you see on your display currently. This will help us determine the best next steps to assist.,other,other
41556,41553,41552,I couldn’t. A box came up and it looked like it hadn’t loaded properly. Looked like it wanted by Apple ID but nowhere to type it in,@125135 Meet us in DM at the link below. We will continue working on this together there. https://t.co/GDrqU22YpT,dm_escalation,generic_escalation
41558,41558,41557,Can you pair 2 AirPods to one iCloud account?,"@125136 Thanks for reaching out. We'd be happy to look into this with you. Send us a DM, and we can go from there. https://t.co/GDrqU22YpT",dm_escalation,guided_escalation
41562,41562,41561,"any way at all of reducing the amount of storage Mail takes up on your hard disk? “Load remote content” is off. I also have a 125GB MacBook Air . The only actual files on my computer are mail files, literally everything else is on DropBox",@125137 Which version of macOS is running on your MacBook Air? Send us a DM and let us know. https://t.co/GDrqU22YpT,information_request,guided_escalation
41562,41560,41559,Sierra?,@125137 DM us if this article doesn't help regain storage space for you: https://t.co/oZ7w05bltX https://t.co/GDrqU22YpT,dm_escalation,generic_escalation
41564,41564,41563,why is the “i️” not fixed yet @115858? iiiiiiiiiiiiii need it fixed.,@125138 We'd like to help. Please DM us your current country and iOS version and we'll go from there. https://t.co/GDrqU22YpT,troubleshooting,guided_escalation
41566,41566,41565,why is “I” not working ?,@125139 We'd like to take a further look at this with you. Please meet us in DM to continue. https://t.co/GDrqU22YpT,dm_escalation,generic_escalation
41569,41569,41567,Since I updated my phone my phone has been tripping @115858,@125140 We want your iPhone to work as you expect it to. Could you share a few details with us about what you're experiencing?,information_request,other
41569,41568,41571,"Keep seeing the letter I as ?, apps keep crashing, and it’s slower","@125140 Thank you for describing the issue. Lets take a closer look in a DM, select the following link to join us there. https://t.co/GDrqU22YpT",dm_escalation,generic_escalation
41574,41574,41572,good morning from PR when will u be selling Carrier unlocked iPhone X? Thanks,@125141 We’d like to get you in touch with our Apple Online Store team for assistance. Reach out here: https://t.co/RmFSlCBcIE,link_resource,actionable
41574,41573,41575,Thanks will do,@125141 You're welcome.,other,other
41577,41577,41576,"Hi, I don't understand why it is so v slow to download an app update. Is it iOS 11? Can you help? More detail in attached pic",@125142 Hello. We want to narrow this down. Let's meet in DM to continue. https://t.co/GDrqU22YpT,dm_escalation,generic_escalation
41580,41579,41578,Apple mine does a similar thing,@125143 We'd like to take a further look at this with you. Please meet us in DM to continue. https://t.co/GDrqU22YpT,dm_escalation,generic_escalation
41582,41582,41581,Hey why did the iPhone update completely purge my downloaded music library? notcool,"@125145 That’s not a good feeling to see your music gone.  Please join us in DM, and we can assist you with this. https://t.co/GDrqU22YpT",dm_escalation,generic_escalation
41586,41586,41585,my 2011 MacBook Pro has been installing High Sierra update for about 6 hours. And stucking on this screen. Help!,@125146 We'll be happy to help get your Mac updated. Do you have a Time Machine backup? We want to be sure your data is secure. DM us: https://t.co/GDrqU22YpT,troubleshooting,guided_escalation
41586,41584,41583,"I just followed some steps on the apple forum, and it worked. So I guess it’s solved, thank you.",@125146 Glad to hear you were able to update. Let us know if we can be of any other assistance.,troubleshooting,actionable
41589,41589,41587,"At the apple store in Paris, can I buy an iPad by paying half in cash and half in credit card?",@125147 Let's help get you into the right hands. Please reach out to us via: https://t.co/8yjRd1Xo0i and we can go from there.,link_resource,actionable
41589,41588,41590,Where exactly?,"@125147 We suggest contacting the store directly. Also, our Apple Sales Support Team can also assist you here: https://t.co/8gHzWPeVn5",link_resource,actionable
41594,41594,41592,Hey guys just upgraded to IOS 11.0.3 Battery drain horrendous on my 6s. NEVER seen it so bad!!! Can you please improve this..,@125148 Hi Alice. We've released an update to 11.1. Please navigate to Settings &gt; General &gt; Software Update to install the update.,troubleshooting,actionable
41594,41593,41595,Thank you! My friend spotted this. I didn't realise it wouldn't automatically do the latest one. Thanks for replying-will do when get wifi,@125148 Awesome! Let us know how it goes.,other,other
41594,41596,41597,So a slight improvement but already down to 50% - 2pm here - I’d usually be on 70 / 80 % - really disappointing. Only had this phone 1yr,@125148 Let's go into DM so we can dig into the issue with your battery a bit more deeply. https://t.co/GDrqU22YpT,dm_escalation,generic_escalation
41602,41599,41598,@115858 Thank you for making me learn the hard way. Removed all my financial info from my profile so I can't be robbed again.,"@125149 We'll point you in the right direction. For billing questions, connect with iTunes Store Support here: https://t.co/SDIe7UiyJN",link_resource,actionable
41605,41605,41603,why do I have all these ? boxes on my timeline since I updated my phone...fix this trash.,"@125150 We can help. Is this happening with the keyboard on your device, or only being seen by other posts in an application?",information_request,other
41605,41604,41606,seeing it on posts in twitter. haven’t noticed it in other applications yet.,"@125150 Is it happening with your own Tweets or someone else's? If you see it when you type, send us a DM. https://t.co/GDrqU22YpT",information_request,guided_escalation
41605,41607,41608,I see when viewing tweets in my timeline.,@125150 Send us a DM and let's dig a little deeper on this. https://t.co/GDrqU22YpT,dm_escalation,generic_escalation
41610,41610,41609,battery life on iOS 11.1 sucks. Really really bad.,@125151 Hello. Let's talk via DM and we'll check a few things together. Please tap here to continue? https://t.co/GDrqU22YpT,troubleshooting,guided_escalation
41612,41612,41611,What's going on here?,@125152 Let's find out. What do you see if you click on the battery? Reply in DM to get started. https://t.co/GDrqU22YpT,information_request,guided_escalation
41614,41614,41613,what’s up with when I type “I” some A and ? Comes up,@125153 Let's take a look together. Please send us a DM so we may better assist you. https://t.co/GDrqU22YpT,dm_escalation,generic_escalation
41617,41617,41615,The new IOS update is killing my battery. Why is this happening?,@125154 Thanks for reaching out to us. Let's work to get that battery life increased. Which version of iOS is currently installed?,troubleshooting,actionable
41617,41616,41618,The current one 11.1,"@125154 Perfect, thanks! Go ahead and reach out to us in DM &amp; let us know which iPhone model you have. https://t.co/GDrqU22YpT",dm_escalation,guided_escalation
41621,41620,41619,"اتفق معك ... . . . The device is still disconnected after the last update, this compline is from most of people",@125155 We're here to help. DM us details about what's going on with your device. https://t.co/GDrqU22YpT,dm_escalation,guided_escalation
41625,41625,41623,can you guys fix the software issue with the camera? I need this for my job. No issues when using it through Twitter app,@125158 We'd be happy to look into your camera issue with you. Please let us know a bit more about what's going on.,other,other
41625,41624,41626,It is just a black screen but when I use the Twitter app it works fine. Reset the phone and latest update didn’t fix it,"@125158 OK, thank you. Does this happen with the front camera, rear camera or both?",information_request,other
41625,41627,41629,"Rear camera, (opposite side of the screen) . iPhone 7 Plus","@125158 Thanks for that clarification. If you flip to the front-facing camera and back to the rear-facing, does it start working?",information_request,other
41625,41630,41631,"No, just turns the image from the front facing camera fuzzy",@125158 Are you running iOS 11.1 yet? Let us know in DM and we'll continue there. https://t.co/GDrqU22YpT,information_request,guided_escalation
41640,41634,41632,@125160 @125161 So I can't  use my phone now. Ffs!! Completely frozen and won't let me reboot! Fuckin update ISO 11.1 @115858,@125159 We want to help get your phone back to working order. Try the steps here and let us know the result: https://t.co/8MvHMFZ83h,troubleshooting,actionable
41643,41643,41641,@115858 IM TRYING TO SNAP ON HERE AND EYE CANT BC MY LETTER EYE ISNT WORKING,@124878 We'll be glad to assist you. Please send us a DM. https://t.co/GDrqU22YpT,dm_escalation,generic_escalation
41645,41645,41644,iPhone battery went from 100 to 54 in just 40 minutes. I updated the iOS yesterday. What gives?,@125162 We're here to help. Let's take this to DM so we can better assist you. https://t.co/GDrqU22YpT,dm_escalation,generic_escalation
41647,41647,41646,please tell me my iphone is freezing every 10 minutes since the new update I’m having to restart it constantly,@125163 We can help! Which iPhone are you experiencing this on? Reply in DM to get started https://t.co/GDrqU22YpT,information_request,guided_escalation
41650,41650,41648,Hey my iCloud mail is getting hammered with spam. Did you turn off filters? Under attack? LMK.,@125164 Hey there. We'd love to help. Have you checked out this article: https://t.co/Hw15Q2Vpu1,troubleshooting,actionable
41650,41649,41651,It is something like this that is going on: The number of messages is too much to deal with on an individual basis,@125164 OK. Send us a DM and we can take a closer look there. https://t.co/nYknMGviju,dm_escalation,generic_escalation
41653,41653,41652,"Hey either your grammar is going down hill, or someone’s gone phishing",@125165 Here's a great article to help you identify and report any suspicious communications: https://t.co/LNMCdqt6fD,link_resource,actionable
41656,41656,41655,Anyone know how to fix this? cc/ AppleWatch,"@125166 We're here to help. Give these steps a try: https://t.co/gl1kJmEDP2 If you still have issues, DM us. https://t.co/GDrqU22YpT",troubleshooting,generic_escalation
41659,41659,41657,"Hi, I’m using Numbers for Mac, trying to get CURRENCYH function working but it gives errors for weekend dates.. why so pls?",@125167 Our application support  team will be glad to partner with you on this. They can be reached here: https://t.co/IBIY3vMgPj,link_resource,actionable
41659,41658,41660,Thank you,@125167 You're welcome!,other,other
41662,41662,41661,My wonderful MacBook Pro won't come on,"@125168 We can certainly help work towards a resolution. To get us started, have you tried the steps here: https://t.co/RqWW0duJ0U",link_resource,actionable
41664,41664,41663,Pretty sure this isn’t legit,@125169 Good eye! This article explains what to do and how to report these types of emails: https://t.co/LNMCdqt6fD,link_resource,actionable
41666,41666,41665,hi can someone Dm plz,@125170 Hey there! You can DM us directly by clicking on this link: https://t.co/GDrqU22YpT,dm_escalation,generic_escalation
41669,41668,41667,It says “11.0.3 (15A432)”,"@117967 Let's follow this article to make a backup and update to iOS 11.1, then test the issue again: https://t.co/80YRnjDFDk",troubleshooting,actionable
41672,41672,41671,Dear @115858. Please fix this forking bug where mail refresh will end up in permanent state of refresh. https://t.co/pFuyScDQDn,"@125171 We'd like to look into this more. Check for updates on your device like so: https://t.co/80YRnjDFDk
DM us if you still see the issue.",troubleshooting,guided_escalation
41674,41674,41673,11.1 update broke my wifi it's greyed out i've been waiting on live chat for over 30 minutes..,@125172 We are here to help whenever possible. DM which iPhone you are using to get started. https://t.co/GDrqU22YpT,dm_escalation,guided_escalation
41677,41677,41675,what is going on here? Taking a screenshot doesn't capture the error. Only occurs on Finder windows. It's like Windows XP!,"@125173 Let's help get this sorted. To get started, what version of macOS are you using? Next, does restarting stop the behavior?",troubleshooting,actionable
41677,41676,41678,Latest MacOS HighSierra. Relaunching Finder does nothing but restarting the machine fix it temporarily. It seems to be the icon view causing,@125173 Does the same behavior occur when the device is in safe mode? https://t.co/PQ4LSYhUTY,information_request,actionable
41681,41681,41679,@115858 what have you done to my phone with the latest update?! Please fix it. The freezing is tedious and every1 is complaining #back2the90s,@125174 We're here for you. Send us a DM and we'll take a closer look at your device there. https://t.co/GDrqU22YpT,dm_escalation,guided_escalation
41683,41683,41682,I updated my iOS last night but the Bluetooth connectivity is still not acceptable. My Bluetooth earbuds will not pair. Help!,@125175 Thanks for reaching out. DM which iPhone you are using to get started. https://t.co/GDrqU22YpT,dm_escalation,guided_escalation
41686,41686,41684,Odd that my #iphone has been acting crazy just when the #iPhoneX comes out. I haven’t had any issues than all of a sudden....@115858 #hmm 📱🤔,@125176 What type of issue are you having with your iPhone?  We are standing by to assist.,information_request,other
41686,41685,41687,"iPhone is getting stuck and slow . Seriously, it was fine up until a week ago. Any tips? Thanks for responding. It’s not that old","@125176 You’re very welcome. To start isolating the issue, tell us which iOS version your iPhone is on.",other,other
41686,41688,41689,11.1,"@125176 Thanks. Do you notice this behavior when using specific apps? DM your response, and we’ll meet you there. https://t.co/GDrqU22YpT",information_request,guided_escalation
41693,41692,41690,Pero aún hay que arreglar la lentitud del teclado cuando está el móvil en sonido,@125177 We offer support via Twitter in English. Get help in Spanish here: https://t.co/IBIY3vMgPj or join https://t.co/OczyRx7IOs,link_resource,actionable
41701,41701,41700,@917 @115858 why am I being double billed for a on-demand geofilter? https://t.co/c0dSqXqbRk,@125179 Hi there. Our iTunes Store team can look into this with you. You can reach them directly here:  https://t.co/SDIe7UiyJN,link_resource,actionable
41703,41703,41702,Now this crazy iPhone 8 is putting all sorts of emoji‘s in my writing. I hate emoji’s! fix the system!,"@124307 Please go to Settings &gt; Reset &gt; Reset keyboard dictionary to reset any unwanted correction, then restart your iPhone.",troubleshooting,actionable
41707,41707,41706,"Please @115858 what the heck! Ever since I updated my iPhone I can’t even use Apple TV Keeps asking me to sign in I give the code, asks again",@125180 We're here to help with any issues you may be having. Select the following to join us in a DM and we'll continue there. https://t.co/GDrqU22YpT,dm_escalation,generic_escalation
41707,41705,41704,Once I removed two step authentication it all went back to normal - thanks for responding,@125180 We're here to assist if you need assistance in the future.,other,other
41709,41709,41708,My phone is so messed up and I JUST got it yesterday! @115858 thanks for nothing,@125181 We'd like to help. Please DM us your current country and more about what's happening. https://t.co/GDrqU22YpT,troubleshooting,guided_escalation
41711,41711,41710,"just upgraded to 11.1, and had 50% battery drain on iPhone 6 during my bike ride to work (1 hour). This is unacceptable","@125182 We’d love to help with your battery life. To start, please send us a DM. https://t.co/GDrqU22YpT",dm_escalation,generic_escalation
41713,41713,41712,"It’s become too slow ,apps not working properly",@125183 Let's get you back to enjoying your device. What kind of Apple device are you using? https://t.co/GDrqU22YpT,information_request,actionable
42592,42592,42591,@115858 I’m clearly not having a good day when all my pictures on the iCloud Drive got corrupted. #AppleNews #AppleTips #AppleSucks https://t.co/2FLITVSiry,@125410 We're here for you. You'll want to get in touch with a Photos expert by phone here: https://t.co/IBIY3vMgPj,link_resource,actionable
42598,42598,42597,@115858  you wana tell me why my brand new iPhone 8 is lagging already? I already updated to the newest IOS.,"@125412 We can partner with you on this. To be sure we’re on the same page, can you tell us the version of iOS 11 your iPhone is on?",information_request,other
42598,42596,42595,"Thank you, iOS 11.1",@125412 Got it. Let us know in DM when you notice this happening with your iPhone to continue. https://t.co/GDrqU22YpT,dm_escalation,guided_escalation
42601,42601,42599,when are u releasing fix for iOS 1103 ? it sucks,@125413 Hi. We've released an update to 11.1. Please use these steps to update: https://t.co/80YRnjVguS https://t.co/GDrqU2kzhr,troubleshooting,actionable
42604,42604,42602,Hey and how can I have 150gb of space left and be full at the same time? confused,@125414 We want you to be able to fully utilize your storage. What version of macOS is on your Mac? https://t.co/aTSJR8BjEc,information_request,actionable
42604,42603,42605,High Sierra but it shows on multiple macs that way using Sierra and High Sierra.,@125414 How many devices are in use with this iCloud account? Let's get in touch by DM so we can help from here. https://t.co/GDrqU22YpT,information_request,guided_escalation
42607,42607,42606,IOS 11.1 Compass showing wrong directions. Has Apple removed their testing team & releasing faulty OS ??,@125415 We'd like to look into this with you. Can you give us examples of what the compass is doing?,information_request,other
42611,42611,42610,Why is HAPPENING #iphonehelp @115858 https://t.co/Shq9MOULru,@125416 We'd like to help. Please DM us your current iOS version and we'll go from there. https://t.co/GDrqU22YpT,dm_escalation,guided_escalation
42614,42614,42612,is there any cure for a MBP that doesn't want to go to sleep?,@125417 We'd be happy to help. Do you have these settings applied to your MacBook? https://t.co/VT7bnvPnYj,troubleshooting,actionable
42614,42613,42615,"Yes, still the same result. It just won't go to sleep. Closing the lid doesn't do anything.",@125417 DM your location and we'll take it from there. https://t.co/GDrqU22YpT,dm_escalation,generic_escalation
42618,42618,42616,my iPhone 8 lock screen music controls always freeze specifically the elapsed time of a song I can still control. Visual bug,@125418 We're happy to assist. Which iOS version are you currently running? Go to Settings &gt; General &gt; About for the version.,troubleshooting,actionable
42618,42617,42619,11.1,"@125418 Thanks for confirming. If you haven't tried already, restart the iPhone. https://t.co/n9BF3L9h6y

If this doesn't work, send a DM. https://t.co/GDrqU22YpT",troubleshooting,generic_escalation
42622,42622,42620,I have been having a weird predictive keyboard suggestion since last night. Tried resetting keyboard but nothing,@125419 We're here to help. Which version of iOS do you have installed on your device? You'd see this in Settings &gt; General &gt; About.,troubleshooting,actionable
42622,42621,42623,11.1. Happening on my iPad as well so version number.,@125419 Let's move to DM for a closer look. Does it happen in all apps or only particular ones? https://t.co/GDrqU22YpT,information_request,guided_escalation
42626,42626,42624,just took 6% of my battery to pull up an email for my target in store order. This has been happening since the last update,@125420 Have you updated to iOS 11.1 yet? https://t.co/80YRnjDFDk Send us a DM and let us know. https://t.co/GDrqU22YpT,troubleshooting,guided_escalation
42628,42628,42627,You have a Homekit bug where some guest users can’t connect to the hub. Support team has not been helpful thus far.,@125421 Let's help get this sorted. Please DM us some further details and we can go from there. https://t.co/GDrqU22YpT,dm_escalation,guided_escalation
42631,42631,42629,@115858 when are y’all gonna fix this “i️” thing ?,@125422 We want to help. Which device are you using and which iOS version is installed currently?,troubleshooting,actionable
42631,42630,42632,iPhone 8 plus and ios 11,@125422 Follow up with us in DM. Tell us which version of iOS 11 you have installed there. https://t.co/GDrqU22YpT,troubleshooting,guided_escalation
42636,42636,42633,Ey since I updating my iPhone 8 to iOS 11.1 does not stop restarting!! iOS11 bug,@125423 Let's get this sorted out together. Do you notice this happening when performing any specific steps or opening an app?,information_request,other
42636,42634,42637,I have restored the iPhone but the problem continues,@125423 Thanks. DM us the steps you took to restore your iPhone so we can continue helping. https://t.co/GDrqU22YpT,dm_escalation,generic_escalation
42641,42641,42640,Hey is the iPhone 8 actually waterproof ? So I can go under water with it in a swimming pool ?,@125425 The iPhone 8 is water resistant. You can find more details here: https://t.co/U12xqgJWbP,link_resource,actionable
42644,42644,42642,Hello I have iPhone 5s which since 11.0.3 update is constantly saying storage full even though its not! Please help! Thank you,@125426 We’d like to help with this. Is this notification for iCloud storage or the storage for your iPhone?,information_request,other
42644,42643,42645,Thank you. Twitter didn’t notify me of your reply :( so restored phone & ok now. Was phone storage not iCloud.,"@125426 We're glad to hear the issue has since been resolved. Let us know if you have any further questions. Additionally, there may have been a new update to iOS 11. If you're not on iOS 11.1.1, we'd recommend backing up and updating to that latest version.",troubleshooting,actionable
42649,42649,42648,"For a company that touts Ease of Use and great experiences, @115858 sure makes it hard to get a Genius Bar appointment.",@125427 We'd love to help you make an appointment if still needed. Meet us in DM with more information to get started. https://t.co/GDrqU22YpT,dm_escalation,guided_escalation
42649,42647,42646,it's ok. i called in. all set.,@125427 Great! If we can help at all in the future with your Apple products please reach out to us.,acknowledgement,other
42651,42651,42650,Just wanted to report poor battery life on iPhone 6S following iOS 11.1 update yesterday. Phone also running warmer.,"@125428 We’d love to help with your battery life. To start, please send us a DM. https://t.co/GDrqU22YpT",dm_escalation,generic_escalation
42653,42653,42652,"everytime I open Snapchat, it freezes. Thus causing every other app to freeze when I open it. This new iOS is ass..",@125429 We're here for you. Which version of the iOS are you running? Check by tapping Settings &gt; General &gt; About.,troubleshooting,actionable
42656,42656,42654,Hey Apple! Having issues with my ID and already changed my password. Trying to update my computer but says ID is disabled?,@125430 We can help! Check out this article for guidance with your Apple ID: https://t.co/HH37urdbz9,troubleshooting,actionable
42656,42655,42657,Already changed my password and will not let me update apps on my Mac. Still receiving this message.,"@125430 With the error you're receiving, we're going to have you reach out to our iTunes Store for assistance: https://t.co/SDIe7UiyJN",link_resource,actionable
43192,43192,43191,"I got my iphone 7 9 months ago. Since the ios 11 update I have to charge it twice a day, I get no more than 3/4hs of total usage before battery drains out. I love you apple, but please fix this!","@125565 We know how important it is to have the battery in your iPhone performing at its best. There can be many factors which influence the battery performance. Let's take a closer look together. Send us a DM, telling us which version of iOS 11 is on your iPhone 7, to begin. https://t.co/GDrqU22YpT",dm_escalation,guided_escalation
43197,43197,43196,"Apple can I have the option back for auto brightness, would be fab since my battery is atrocious anyway","@125567 Auto-Brightness is still available, it's just moved to Settings &gt; General &gt; Accessibility &gt; Display Accommodations.
Also, if you're having issues with your battery, meet us in DM with some details, tell us which country you're in, and we'll take a look with you. https://t.co/GDrqU22YpT",troubleshooting,guided_escalation
43317,43312,43310,@125599 My eyes buggin out cause of this dumb shit @115858  can y’all fix this shit in a simple update,@125598 Thanks for reaching out. DM which iPhone and specific iOS version you are using to get started. https://t.co/GDrqU22YpT,dm_escalation,guided_escalation
43320,43320,43318,Hace media hora tenia 100% de carga y ahorita 85%. Me dueles Pónganse bien con un case con batería gracias.,@125600 We offer support via Twitter in English. Get help in Spanish here: https://t.co/IBIY3vMgPj or join https://t.co/OczyRx7IOs,link_resource,actionable
43323,43323,43322,is it possible to get a 2011 MacBook Pro battery serviced in store?,@125602 Let's see what we can find out. Send us a DM with the country you're located in.,troubleshooting,guided_escalation
43326,43326,43324,Just updated to iOS 11.1 and it's even worse... @115858 what about fixing bugs before adding emojis? 🙏,@125603 We're here to help. Give us a few more details on what is going on and we can go from there together.,acknowledgement,other
43326,43325,43327,"iPhone 7+, freezes all the time, need to hard reset at least twice a day since iOS 11 update","@125603 Thank you for those details, and we'll be happy to help. Send us a DM so we can look further into this issue. https://t.co/GDrqU22YpT",dm_escalation,guided_escalation
43330,43330,43328,Please fix your Podcast app! iOS11,@125604 We can help with your Podcasts! Are you getting any error messages? What happens when you use the Podcast app?,information_request,other
43330,43329,43331,"No, no error messages. The app ‘freezes’ all the time since the iOS11 update. I don’t get the logic of the listen now tab at all.",@125604 Would you mind joining us in DM please? We'd like to start troubleshooting. https://t.co/GDrqU22YpT,information_request,guided_escalation
43334,43334,43332,Hey why does High Sierra keep crashing my Mac? its crashed 6 times in a day so far.,@125605 That shouldn't be happening. Let's help. Which version of macOS High Sierra are you using? What happens when it crashes?,information_request,other
43334,43333,43335,I’m using 10.13.1. It crashed a few times before I updated last night and today as well. The laptop just shuts off completely.,@125605 Let's start with resetting the SMC. Here's more about the SMC and how to reset it: https://t.co/FYojVXHuwn Did that help?,troubleshooting,actionable
43334,43336,43337,"No, this has not helped it is still randomly shutting down.",@125605 Send us a DM and we'll take a closer look together. https://t.co/GDrqU22YpT,dm_escalation,generic_escalation
43340,43340,43338,what happened to your devices! I have 2 phones that are not working now! 6s and SE! Should we switch to ??,@125606 What kind of issues are you having? We'd love to help out.,information_request,other
43340,43339,43341,This!!,"@125606 It's in recovery mode and we can help. Do you have a computer with iTunes installed, or a computer you can install iTunes on?",troubleshooting,actionable
43340,43342,43343,I have but I am currently travelling...,@125606 Could you Direct Message us and let us know what country you're located in? https://t.co/GDrqU22YpT,troubleshooting,guided_escalation
43347,43347,43345,My phone just lost 50% battery in 5 minutes with only Twitter open. It's an iPhone 5 (MD638LL/A) running iOS 10.3.3 (14G60),@125608 Are you seeing this battery service message? https://t.co/KyywFa9iZ3,information_request,actionable
43347,43346,43348,"No, it does not.",@125608 Are all your apps updated from the App Store?,troubleshooting,actionable
43347,43349,43350,Yes.,@125608  We're here to help. DM us so we can look into this further with you. https://t.co/GDrqU22YpT,dm_escalation,generic_escalation
43353,43353,43351,Why is my phone still freezing like that’s its job?,"@125609 Let's help get this resolved. To get started, does this happen completely at random or when using specific applications?",information_request,other
43353,43352,43354,"Random apps, but I think I see it most frequently when I screenshot and go to share that screenshot",@125609 Thanks.  Which iPhone and iOS version are you using?  You can check under Settings &gt; General &gt; About.,troubleshooting,actionable
43353,43355,43356,"iPhone 7, iOS 11.1","@125609 After it freezes up, how do you get it to respond?  Do you have to force restart?  Please respond in DM. https://t.co/GDrqU22YpT",troubleshooting,guided_escalation
43358,43358,43357,"locked out of my apple ID bcuz my old phone broke &amp; i had 2 factor authentication on , no one should ever use tht shit @115858",@125610 Here's a great article to help you get back into your Apple ID: https://t.co/nXAGZj0EE7,link_resource,actionable
43361,43360,43359,@115858 @AppleSupport  https://t.co/stullCoCpJ,@125611 Let's check it out. Does this happen in multiple apps? Tell us in DM if you're using the native keyboard. https://t.co/GDrqU22YpT,troubleshooting,guided_escalation
43363,43363,43362,your keyboard tripping my G,@125612 We're here for you. What issue are you experiencing with your keyboard?,information_request,other
43365,43365,43364,why is my phone turning “I” to I ??? I didn’t do anything for this to start happening why would y’all do this on your own?,@125613 We'd like to help. Which iOS version is installed on your iPhone currently?,troubleshooting,actionable
43367,43367,43366,Can’t change the Apple ID to .com Website stills shows it is not possible. I used this document:,@125614 Thanks for reaching out! Our Account Security team is best suited to help you. You can reach them here: https://t.co/UJm15vmMM2,link_resource,actionable
43370,43370,43368,"why is my iphone (6s, recent update) showing symbols and stuff as i type when autocorrect is on?","@125615 We're glad to help. To start, what version of iOS are you running? Find that in Settings &gt; General &gt; About.",troubleshooting,actionable
43370,43369,43371,IOS 11.1,@125615 Thank you. Let's get to DM to continue. https://t.co/GDrqU22YpT,dm_escalation,generic_escalation
43373,43373,43372,"Phone out of warrantee by 15 days, broken due to a hardware fault and no responsibility taken by",@125616 Hello. We'll be glad to check into your options. Please meet us in a DM and share a few details. https://t.co/GDrqU22YpT,troubleshooting,guided_escalation
43375,43375,43374,y’all gon answer me or nah,@125617 Hi there. We'd be happy to look into this with you. Send us a DM and let us know what's going on. https://t.co/GDrqU22YpT,dm_escalation,guided_escalation
43378,43378,43376,Why every time I type I it’s a question mark,@125618 We're here for you. Which version of the iOS are you running? You can check by tapping Settings &gt; General &gt; About.,troubleshooting,actionable
43378,43377,43379,11.0.3,@125618 Let's get your iOS updated. Remember to create a backup first. You can find instructions here: https://t.co/80YRnjDFDk,troubleshooting,actionable
43381,43381,43380,¿Para que cabrones quiero 70 emojis nuevos si no solucionan los problemas de lags? iOS11 iOS111,@125619 We offer support via Twitter in English. Get help in Spanish here: https://t.co/IBIY3vMgPj or join https://t.co/OczyRx7IOs,link_resource,actionable
44559,44559,44558,why music app is forcing me to subscribe Apple Music,@125885 We can assist you. Please DM us via the following link with your device model and current iOS version. https://t.co/GDrqU22YpT,dm_escalation,guided_escalation
44561,44561,44560,Still no resoultion to my complaint. Poor service. Acknowledgement of your email/submission - Follow-up: 677035208,"@125886 We would like to hear about your AppleCare support experience.  Please send us a DM, so we can take a look. https://t.co/GDrqU22YpT",dm_escalation,guided_escalation
44567,44563,44562,Yes!!!! I have had to reset this shit five times today already like FIX THIS,@125887 We're here to help. Which version of iOS is installed on your iPhone? You'll see this in Settings &gt; General &gt; About.,troubleshooting,actionable
44569,44569,44568,I’ve just received this text message... is it a scam?,@125889 We want to look into this. DM us and we'll continue there. https://t.co/GDrqU22YpT,dm_escalation,generic_escalation
44571,44571,44570,why did this shit update make my 6 plus so fucking slow!,@125890 We'd be happy to look into this with you.  Please reach out to us via DM and we'll get started. https://t.co/GDrqU22YpT,dm_escalation,guided_escalation
44602,44602,44601,is this from Apple ? Don't want to click on anything until I know for sure,"@125898 No, that's not from us. Check out this link for more help with identifying phishing attempts: https://t.co/LNMCdqt6fD",troubleshooting,actionable
44605,44605,44603,I’m still unable to change my Apple ID from to I want to use my alias address,@125899 We want to help out. Let's take a look here: https://t.co/xuZEqdPMFW,link_resource,actionable
44605,44604,44606,I read it already. Signing out didn’t help either.,"@125899 Okay, thanks. Let's get to DM. https://t.co/GDrqU22YpT",dm_escalation,generic_escalation
44612,44611,44609,But also can’t recognize my fingerprint 99% of the time,@125900 We understand how important Touch ID is and we'll help. Are you able to add any new fingerprints? Please send us a DM. https://t.co/GDrqU22YpT,information_request,guided_escalation
44612,44608,44607,And i cant fix it i had to turn off auto correct and check spelling,@125900 Let's get this figured out. Which iOS is installed? Please DM us. https://t.co/GDrqU22YpT,troubleshooting,guided_escalation
44614,44614,44613,"@115858 good evening, I️ don’t understand why when I️ type sometimes an exclamation mark and a box keeps popping up. Please fix it",@125901 Let's help out with this. Which device and iOS version are you using under Settings &gt; General &gt; About? We'll start there.,troubleshooting,actionable
44616,44616,44615,@115858 fix yourself so that my phone stops freezing up,"@125902 We know how important it is to have your iPhone running properly, and we'd like to help. Which software version are you using?",information_request,other
44621,44621,44620,Hellooooo,"@124691 Let's team up to look into this. Send us a DM with more information, and we'll continue from there. https://t.co/GDrqU22YpT",dm_escalation,generic_escalation
44623,44623,44622,Since I updated my phone this shit charge slow ASF @115858 ‼️‼️‼️‼️‼️,@125904 We’d like to help get your iPhone to charge quicker. Was this the iOS 11.1 update? Which iPhone?,troubleshooting,actionable
44626,44626,44624,help I logged out of my Apple ID account and the verification code is sent to a broken phone????,@125905 We can assist you. You can change a trusted device if you are using two-factor authentication: https://t.co/RONuUjClwW,link_resource,actionable
44626,44625,44627,I can’t because it sends a code to the phone I can’t use??,"@125905 Do you have access to a computer? If so, you can log into your Apple ID account page to make these changes shown in the guide.",information_request,other
44626,44628,44629,Do I have to do an account recovery?? Which I have to wait 24 hours for??,"@125905 Recovery should only be used as a last step. First, contact our Account Security team by going to https://t.co/UJm15vmMM2",link_resource,actionable
45145,45145,45144,Each @115858 update has made my #iphone 6s and #MacBookAir increasingly SLOWER and FREEZE PRONE. Reviewers saying hardware performance hasn’t gotten worse with each OS update are being paid. Sucks to watch Apple’s product-centrism come to an end.,"@125968 If you're running into issues with any of your Apple products, we'd like to help you out. Please send us a DM letting us know the exact issue(s) you're experiencing, and we'd be happy to find you information for a solution. You can meet us in DM, here: https://t.co/GDrqU22YpT",dm_escalation,guided_escalation
45159,45159,45157,"Hi, guys. It’s me again. I bought my old work computer. It was wiped. It turns on but gives me a password hint that doesn’t work, so I can’t get it open. Ideas? Thanks!","@125972 No worries! We’re here to help. Let’s begin by gathering some information. Send us a DM telling us which what type of Mac we’re working with. Also, let us know if you recognize the user name that is displayed on the login screen. https://t.co/GDrqU22YpT",dm_escalation,guided_escalation
45564,45564,45562,Hey ! Why message button doesn’t work when I click it from contacts to send message? On iOS 10 it worked fine.. I have iPhone7.,@126088 Let's take a look at what's going on. Can you tell us more info on what happens when you click the message button?,information_request,other
45564,45563,45565,"It just shows all message view, not where I can write to that person..","@126088 Do you know what version of the iOS is on the device?  If not, you can check under Settings &gt; General &gt; About &gt; Version.",troubleshooting,actionable
45564,45566,45567,"I have iOS 11.1, updated today. I can send to you screen recording, so you could see that bug.",@126088 That would be great. Send that to us in DM. Keep us posted and we can pick up from there. https://t.co/GDrqU22YpT,dm_escalation,generic_escalation
45573,45573,45571,@115858 Why does the new update keep turning off and on my phone? Wasn’t happening till I got new update. Please tell me what’s wrong,@126090 Thanks for reaching out to us for support. Can you please tell us which version of iOS you are currently running?,information_request,other
45573,45572,45574,11.1,"@126090 When your device randomly turns off, do you see a spinning gear on the screen? If not, does it show the Apple logo?",information_request,other
45573,45575,45576,"Apple logo. Won’t know it’s turned off till I check, then have to turn back on",@126090 Thanks. Please send us a DM and we'll continue this there. https://t.co/GDrqU2kzhr,dm_escalation,generic_escalation
45578,45578,45577,So I updated my phone . But I still see those small weird boxes wassup,@126091 Let's look into this together in DM. Tell us more. https://t.co/GDrqU22YpT,dm_escalation,guided_escalation
45581,45581,45579,Hey - Thanks for providing me with outstanding customerservice Much appreciated!,@126092 We're glad we could help you out today. Let us know if we can be of assistance in the future. Have a great day!,other,other
45583,45583,45582,@115858 #apple #applestore please help got the tip of an aux cable stuck in my #iPhone5 how can I fix this? Will a Genius Bar do it? Thanks!,@126093 Let's see what we can do. Send us a DM with the country you're located in to get started. https://t.co/GDrqU22YpT,troubleshooting,guided_escalation
45587,45587,45584,my phone froze and i lost all 32000 photos on my phone help a sis out plz,@126094 We'll do all we can to get your Photos back. Please reach out to our Photos team here: https://t.co/IBIY3vMgPj,link_resource,actionable
45592,45590,45588,Yes. Mine is doing the same,@126095 We'd like to look into this with you. Could you DM us the exact version of iOS you are running? https://t.co/GDrqU22YpT,information_request,guided_escalation
45592,45589,45591,I need help with this issue to,"@126096 Meet us in DM. Let us know your iOS version, and we'll see what we can do to help. https://t.co/GDrqU22YpT",dm_escalation,guided_escalation
45599,45599,45596,hello! I have a strange activity app glitch. It shows my average calories in a day as 18373.,@126098 We're here to help. Meet us in DM and we'll take a further look at this together. https://t.co/GDrqU22YpT,dm_escalation,generic_escalation
45599,45598,45603,iOS 11.1 + watchOS 4,@126098 Send a DM to continue. https://t.co/GDrqU22YpT,dm_escalation,generic_escalation
45599,45604,45605,"Sorry, what is DM?",@126098 Direct Message. https://t.co/GDrqU22YpT,dm_escalation,generic_escalation
45599,45597,45600,Hello! Just not clear for me what should I do to achieve the challenge? And why the average is so high?,@126098 We'll be happy to take a closer look. Please DM us the version of watchOS and iOS you're using and we can go from there. https://t.co/GDrqU22YpT,dm_escalation,guided_escalation
46574,46574,46573,"hello, my iPhone X order says it’s “prepearing to ship” since saturday and it still hasnt changed it’s status.. what happened?","@126346 Thanks for reaching out. Send us a DM, and let us know which country you're located in. https://t.co/GDrqU22YpT",troubleshooting,guided_escalation
46576,46576,46575,"I am from the US but I live in China. Is it possible to have my iPhone/Mac iCloud linked to my Chinese info (bank, address), and separate Apple ID linked to my U.S. info (bank, address)?..Want to keep my iCloud storage in China but use App Store/Apple music from US",@126347 Our iTunes Support team would love to assist you. You can reach their team here: https://t.co/SDIe7UiyJN,link_resource,actionable
46578,46578,46577,My phone died at 10:30am this morning. I woke up at 6:30am with a full charge. Literally wtf,@126348 We want to help. Tell us more about what's happening in DM. https://t.co/GDrqU22YpT,dm_escalation,guided_escalation
46580,46580,46579,I got my songs back. IOS 11 affected my password somehow and wouldn’t let me log in. Had to change password,"@126349 We're glad to see that you got your music back! Let us know if you run into any other trouble, and we'll be here to help.",other,other
46582,46582,46581,hello how can I check if my phone is locked to a network? I'm going abroad and want to put in a different sim,@126350 Hi there. Your cellular provider is the best place to start. You can learn more here: https://t.co/apt0gLeQET,link_resource,actionable
46584,46584,46583,After the new update my phone loses battery power when it’s plugged in and I look at it,"@126351 We're here for you. Send us a DM with your current iOS version, and we'll continue there. https://t.co/GDrqU22YpT",dm_escalation,guided_escalation
46588,46588,46587,"Dear @115858, Instead of working on #icons, kindly fix #iOS11 so it decently works on #iPhone6? I can't type any emails rightly #slow #apple https://t.co/8VyLCvRh5N",@126352 We'd love to look into this with you. Direct message us and we can go from there: https://t.co/GDrqU22YpT,dm_escalation,generic_escalation
46591,46591,46589,So iOS 11.1 has got some bugs,@126353 We want to help. Does this happen with other apps?,information_request,other
46591,46590,46592,Yes on the lock screen,@126353  We're here to help. DM us so we can look into this further with you. https://t.co/GDrqU22YpT,dm_escalation,generic_escalation
46594,46594,46593,chatted with your agent for 10 min and she was clueless about this issue. Yet twitter is blowin up. I just want to type “I”,@126354 We'd like to help. Please meet us in DM to continue. https://t.co/GDrqU22YpT,dm_escalation,generic_escalation
46837,46837,46836,@115858 I Found an iPad on the train how can I return it to its rightful owner?,"@126419 Hello. Thanks for reaching out. We recommend getting in touch with local law enforcement to report that a lost or stolen device has been found. If you see an alert on the display, please let us know and we'll guide you from there. Tap here to DM us: https://t.co/GDrqU22YpT",dm_escalation,guided_escalation
47995,47995,47993,"hi there, I need to inquire something regarding he refund of an item","@126729 For questions about refunds, our iTunes Store would be the best team to help. Reach out to them here:  https://t.co/SDIe7UiyJN",link_resource,actionable
47995,47994,47996,I already did. And I received the money back. But I'm not sure what I'm supposed to do with the songs now. Do I delete them or ?,@126729 iTunes Store support would still be the best to advise you on this. Reach back out to them and they'll get you taken care of!,other,other
48002,48000,47999,look at this shit. I’m sick of it! Can’t type the letter I without all the extra bullshit!,"@126731 We know the importance of being able to type all letters and characters. In DM, please reply with your iOS version. https://t.co/GDrqU22YpT",dm_escalation,guided_escalation
48002,47998,47997,I am also having this problem! And I’ve contacted Apple support and neither rep seemed to have a clue how to fix it!,"@126730 We'd like to see what we can do to assist. We received your DM, and we'll be following up with you there shortly.",dm_escalation,guided_escalation
48004,48004,48003,Bu ne biçim Afyonkarahisar,@126733 We offer support via Twitter in English. Contact us for help in your preferred language here: https://t.co/IBIY3vMgPj,link_resource,actionable
48007,48007,48006,"After that update my phone keeps pocked dialling, is it just me who has this? @115858 https://t.co/LRI6Amxl9F",@126734 We'd be happy to look into this with you.  Please reach out to us via DM and we'll get started. https://t.co/GDrqU22YpT,dm_escalation,guided_escalation
48009,48009,48008,could you please reply back to my private message,@126735 We've responded to your DM. Look for us there.,dm_escalation,generic_escalation
48012,48012,48011,the letter i is broken,"@126736 We're here for you. Send us a DM, and we'll take a closer look at this issue together. https://t.co/GDrqU22YpT",dm_escalation,generic_escalation
48014,48014,48013,What is with your stupid fucking update freezing my phone,"@126737 Let’s work together to sort this out. Let us know which version of iOS 11 your iPhone is on, and we’ll take it from there.",other,other
48026,48026,48025,كل الناس ما يهمها حاجة الان فى نظام iOS11 الا تعديل استخدام البطارية we dont care any feature in iOS11 just need more life for battery,@126738 We offer support via Twitter in English. Contact us for help in your preferred language here: https://t.co/IBIY3vMgPj,link_resource,actionable
48026,48024,48022,"im talking about battery life in ios 11 battery so bad every update is fix alot of problemes but still the biggest problem ""battery""",@126738 We'd love to help with your battery life! Which version of iOS 11 are you updated to?,troubleshooting,actionable
48026,48021,48019,still on 11.0.3 need back home to upgrade to 11.1 and hope battery life fixed,"@126738 Thank you for letting us know! After updating, if the battery hasn't improved after 48 hours, please let us know.",other,other
48026,48017,48015,and about battery i think it good with low mode and sometimes i found some lags on opining keyboard search on home screen i know it will fixed with other update but please help us fast thx for understanding,@126738 We'd like to look into these lags with you. Please send us a DM to get started. https://t.co/GDrqU22YpT,dm_escalation,generic_escalation
48030,48030,48029,"Why does the ""Preserve Live Photo"" setting no longer apply to iMessage photos? Used to work. Now always takes live photos.",@126739 We'd be happy to help out. When did you notice that this stopped working? DM us and let us know. https://t.co/GDrqU22YpT,information_request,guided_escalation
48033,48033,48031,iPhone 7 has been stuck on an update loop for 12 hrs with recent upgrade..can't get out of it or access via iTunes. Pls help.,@126740 We want to help. Let's put your phone in recovery mode and restore.  Here's how:  https://t.co/iYLZzFD8qZ,link_resource,actionable
48038,48038,48035,after ios 11.1 update i could not use app store .. always it ask user id password and it has not been accept it,@126741 Let's see what's going on. Are you able to sign in with this Apple ID on https://t.co/bq19gX3X68,link_resource,actionable
48038,48037,48039,I can able sign in at that adress with my id,@126741 What happens when you attempt to sign in? Do you receive an error message or anything like that? Reply in DM https://t.co/GDrqU22YpT,information_request,guided_escalation
48041,48041,48040,Hey how does your operating system occupy almost 50% of my phone’s storage?,@126742 Let's look into this for you. Send us a DM with your current iOS version to get started. https://t.co/GDrqU22YpT,dm_escalation,guided_escalation
48044,48044,48042,"Hi, I've just reset my phone and restored from icloud but none of my apps are downloading.",@126743 We are here to help you get your apps back. Are you connected to Wi-Fi? Did other things such as your Messages come back?,information_request,other
48044,48043,48045,All messages came back. And I am connected to wifi but I have also tried to download using data. It also won't let me do a software update,@126743 Understood. Do you receive an error when trying to download the apps? Let us know in DM. We'll meet you there. https://t.co/GDrqU22YpT,troubleshooting,guided_escalation
4871,4871,4869,Really considering getting a new kind of phone since my iPhone dies with 90% while using my camera,@116853 We want to help! What model of iOS device are you using? Do you have the most recent version of iOS 11.1 downloaded?,information_request,other
4871,4870,4872,iPhone 6 and yes it’s got the latest software update,"@116853 Thanks for letting us know. We'd like to take a further look into this. Please send us a DM, and we'll continue there. https://t.co/GDrqU22YpT",dm_escalation,generic_escalation
4875,4875,4873,Come on ios11.1 Same bug as before. Numbers disappear when entering info. Video below. iosproblems,@116854 Let's investigate this together. Does this only occur when using specific apps or website?,information_request,other
4879,4879,4878,I can’t download songs. Progress icon keeps spinning. On both data + WiFi. Stream works though. Can’t add songs to playlists.,@116855 We want to help. Does restarting help at all? DM us which iOS version you're on and we'll continue support there. https://t.co/GDrqU22YpT,troubleshooting,guided_escalation
4879,4877,4876,Restarting does resolve the issue. Thanks.,@116855 We're glad to hear that resolved the issue. Don't hesitate to reach out to us if you have any questions. Take care.,other,other
4882,4882,4880,tell me why I’I’ve updated my phone twice and I can’t type letter I without getting a letter A and a question mark,@116856 We're here for you. What is the exact version of the iOS you're running? Check by tapping Settings &gt; General &gt; About.,troubleshooting,actionable
4882,4881,4883,iOS 11.1,@116856 Are all of your apps updated as well?,troubleshooting,actionable
4882,4884,4886,It,@116856 We'd be happy to look into this with you further. DM us using the link below and we'll go from there. https://t.co/GDrqU22YpT,dm_escalation,guided_escalation
4890,4890,4887,"whenever I try to see the photos that I’ve just taken my iphone6 shows me this. I’ve reset it, I’ve restored it... help?",@116857 We know how important it is to be able to view your photos. Are you able to see older photos on your iPhone?,information_request,other
4890,4889,4891,And the new ones tauntingly pretend they are saved- it’s just when I click on them or try to send them that the grey screen shows,"@116857 We appreciate those details. For more help with Photos, please reach out to our Photos experts here: https://t.co/IBIY3vMgPj",link_resource,actionable
4893,4893,4892,This “I️” shit annoying yo @115858 fix this shit,@116858 We're here to help. Send us a DM with the iOS version number you're on. We'll follow up there. https://t.co/GDrqU22YpT,dm_escalation,guided_escalation
4896,4896,4894,please make this stop!!!,"@116859 Let’s work together on this behavior. How long has this been happening? Also, which device are you using?",information_request,other
4896,4897,4898,AFTER I updated my phone.,@116859 Does that continue after restarting your iPhone? Do you have any other iOS devices or a Mac computer? Let us know in DM. https://t.co/GDrqU22YpT,troubleshooting,guided_escalation
4901,4901,4899,Please fix the battery issues in Ios 11!,@116860 We want to make sure you have a working battery. Have you had a chance to update to the latest 11.1?,troubleshooting,actionable
4901,4900,4902,I have and my battery life has become even worse,@116861 Let's look into this further in DM. https://t.co/GDrqU22YpT,dm_escalation,generic_escalation
4906,4906,4904,The ‘Overlapping url over TIME on Free WiFi hotspots’ remains. v11.0.3. Not a WiFi problem; two different hotspots shown.,@116855 We'd like to have you backup and update your iPhone to iOS 11.1 and let us know if that helps: https://t.co/ahjigcvFRG,troubleshooting,actionable
4906,4905,4907,I've updated to iOS 11.1 just now. I shall check out these WiFi hotspots tomorrow and later in the week.,@116855 Sounds good. Let us know the results in DM and we'll continue working with you there. Thanks again. https://t.co/GDrqU22YpT,dm_escalation,guided_escalation
4909,4909,4908,コレは本当に困る、ゲームも出来なくなったしアップデートしなきゃ良かった ́д ; → 「バッテリーの減りが激しい」という問題に関しても同様)。,@116862 We offer support via Twitter in English. Contact us for help in your preferred language here: https://t.co/IBIY3vMgPj.,link_resource,actionable
4912,4912,4910,Series1 Applewatch would consistently get 18 hrs + per charge prior to last update. Now 12-13 hrs max.Died @ gym 2nite. Wtf ?,"@116863 We want your Apple Watch to keep up with you at the gym. To begin, which watchOS is installed?",troubleshooting,actionable
4915,4915,4914,"Don’t complain a lot about @115858 but when battery iphone goes down 50% after using your phone for 30 minutes .....
Problems since update 11",@116864 We'd like to help. Let's take this to DM and we'll explore ways to provide you assistance. https://t.co/GDrqU22YpT,dm_escalation,generic_escalation
4917,4917,4916,. why my iPhone keep dying at 30% quit playing games I'm not getting no new damn phone or iPhone x,@116865 We'd like to help. What iOS version are you on?,information_request,other
49188,49188,49187,&amp; what the fuck is up with these boxes Apple really smoking mines. If you don’t want me to be a Apple member your doing great sweety @115858,@126990 We are happy to help. Let's continue in DM. https://t.co/GDrqU22YpT,dm_escalation,guided_escalation
49190,49190,49189,"Hey @115858 fuck off with these, I know it's y'all... https://t.co/NndbroFXhS",@126991 We'd love to look into it with you. Please send us a DM. https://t.co/GDrqU22YpT,dm_escalation,generic_escalation
49195,49193,49191,@126993 @115858 Even this tweet has the error 🙄. Fix it https://t.co/VRGWHCCsQF,@126992 We'd be happy to look into this with you. Send us a DM and we can start there. https://t.co/GDrqU22YpT,dm_escalation,guided_escalation
49200,49200,49197,"Unbelievable from @115858, watch screen seems to have popped, perfect laser like crack all around outer of screen. No impact. 6mths old 1/2","@126994 We're here for you. Send us a DM, and we'll get started there. https://t.co/GDrqU22YpT",dm_escalation,generic_escalation
49200,49199,49201,"So, no word from and now my watch has been returned to Apple store. Still broken. ThursdayThoughts iphone10 applewatch CustomerServiceFail",@126994 We want to help. We would like to have you DM us so we can continue to help out regarding your Watch. https://t.co/GDrqU22YpT,dm_escalation,generic_escalation
50020,50020,50019,The letter eye on my keyboard is doing some weird symbol. Eye updated my phone and it’s still doing this. Help!?,@127194 Let's look into this for you. Send us a DM and we can check on available options. https://t.co/GDrqU22YpT,troubleshooting,generic_escalation
50023,50023,50022,Why does the method posted today on changing your Apple ID from a third party address to an iCloud address not work?,@127195 We want to look into this. DM us in more detail and we'll go from there. https://t.co/GDrqU22YpT,dm_escalation,generic_escalation
50028,50025,50024,eye don’t know what to do*** hahaha fuck me,@127196 We’ll help! Did you recently update to iOS 11.1? You can DM your answer. https://t.co/GDrqU22YpT,troubleshooting,guided_escalation
50032,50032,50030,I updated to iOS11 and this message keeps popping up when I try to active FaceTime. Help!,@127198 We can help you. We noticed that you're connected to your cellular data. Have you tried activating your FaceTime through Wi-Fi?,information_request,other
50034,50034,50033,I️ need an update to make these boxes go away @115858,@127199 Let's work this out together. Meet us in DM so we can better assist you with this issue. https://t.co/GDrqU22YpT,dm_escalation,generic_escalation
50036,50036,50035,Hey @115858 please fix the hotspot glitches for iOS 11,"@127200 Hey, we'd be happy to help. Give these steps a try first: https://t.co/BpXde6g2r7 Let us know how it goes.",troubleshooting,actionable
50038,50038,50037,@115858 my haptics on my iPhone8 will stop working a lot of times. Is that a software issue thats being worked on or should I go exchange it,@127201 We'd be happy to help. Send us a DM with a few details. https://t.co/GDrqU22YpT,dm_escalation,guided_escalation
50040,50040,50039,@115858 fix this I️ !!!!,@127202 We're here for you. Which version of the iOS are you running? Check by tapping Settings &gt; General &gt; About.,troubleshooting,actionable
50042,50042,50041,Hey iOS 11 sucks none of my apps can update anymore,"@127203 Let us know via DM what occurs when trying to update, then we can work together to get it resolved. https://t.co/GDrqU22YpT",troubleshooting,guided_escalation
50044,50044,50043,my phone’s battery is draining faster after upgrading to ios 11.1. (I have iphone 6s). Please fix this issue asap.,@127204 Let's help. Follow up with us in DM. Tell us the current region you reside in there. https://t.co/GDrqU22YpT,dm_escalation,guided_escalation
50047,50047,50046,Y’all always doing some shit @115858 I’m sick of seeing these fucking boxes!! And I better not have to get a new phone to stop seeing them,@127205 DM us details on what you're seeing and we'll do everything we can to assist. https://t.co/GDrqU22YpT,dm_escalation,guided_escalation
50050,50050,50048,Hey I wish I could control music from the control panel instead of having to open the app,@127206 You can. Check out how to use Control Center and Music here: https://t.co/5PJOiqKdHY,troubleshooting,actionable
50050,50049,50051,I’m saying it’s there....but it often doesn’t work. I’ll have music playing and the “music” in the control panel will be blank. See pic,"@127206 Thanks. If you play a song, does the info appear? Does the info and controls gray out after a certain amount of time?",information_request,other
50050,50054,50055,"No. The information does not appear ever. When I took that screenshot, I was listening to music.","@127206 Has the device been restarted since it happened? If not, let's do that using these steps: https://t.co/OWRDHWSt4h",troubleshooting,actionable
50050,50056,50057,Yes. Plenty of times. It just goes back to not functioning. I’ve done a reset on my phone and everything. I will click the link,@127206 OK. DM us and we can take a closer look at things there. https://t.co/GDrqU22YpT,dm_escalation,generic_escalation
50059,50059,50058,My phone now lists over 50 apps that can’t be used until the developers upgrade to ios11 What is going on,@127207 We want you to be able to use all your apps with the update. Are there any updates for your apps in the App Store?,troubleshooting,actionable
50062,50061,50060,@115858 can you fix this so my tweet doesn’t have a # or a ? in it. THANKS!,"@127208 We're happy to see how we can help with this. To start, DM us the device you're experiencing this on. https://t.co/GDrqU22YpT",dm_escalation,guided_escalation
50064,50064,50063,My MacBook Pro is dead after upgrading to 10.13.1  @116333,@127209 We can help out. DM us what you're seeing right now on your Macbook and we'll continue from there. https://t.co/GDrqU22YpT,dm_escalation,guided_escalation
50066,50066,50065,@115858 yo fix this damn keyboard,@127210 Thanks for reaching out. We're here to help. DM us so we can look into this further with you. https://t.co/GDrqU22YpT,dm_escalation,generic_escalation
50068,50068,50067,@115858 fix this I️,@127211 We absolutely want your device to work as it should. Please join us in DM to get started troubleshooting. https://t.co/GDrqU22YpT,dm_escalation,guided_escalation
50071,50070,50069,@AppleSupport 😰,@127212 We'd like to help any way we can over Twitter. Please DM us the country you're located in here: https://t.co/GDrqU22YpT,troubleshooting,guided_escalation
50074,50074,50073,What did i wrong? Any version of ios 11 drains my battery. I have to charge It twice a day. Apple please....,@127213 We'd like to help. Check out these steps on how to maximize your battery life: https://t.co/bivpdfBNJ6,troubleshooting,actionable
50076,50076,50075,The update sucks! How long before you fix all the bugs? This is ridiculous,@127214 Let's work on resolving the issues together. DM us what is happening and we can go from there. https://t.co/GDrqU22YpT,dm_escalation,guided_escalation
50078,50078,50077,Why tf every time I️ type I️ it come out looking stupid with boxes and it always changes to I.T. I’m annoyed @115858,@127215 We’re glad you reached out! Let us help with your device. DM us your exact iOS version to proceed. https://t.co/GDrqU22YpT,dm_escalation,guided_escalation
50082,50082,50081,iOS 11.1 on iPhone 6 Battery drain increased. You guys should retire gracefully if you can’t solve simple problem,@127217 Thanks for reaching out to us. We are always happy to help. Send us a DM so we can look into this issue with you there. https://t.co/GDrqU22YpT,dm_escalation,guided_escalation
50082,50080,50079,Same here. It’s much worse. It’s as if you guys are deliberately ignoring this problem.,@127216 We'd be happy to see how we can help. DM us which device and OS version you're using to get started. https://t.co/GDrqU22YpT,dm_escalation,guided_escalation
50089,50089,50088,"Can't update iPhone software, restarted phone and reconnected internet still not working",@127218 Let's look into this together. Which model of iPhone are you using? Here's a great guide to help: https://t.co/Ui1yTnOCUz,information_request,actionable
50091,50091,50090,RT @127220: Is yall gonna fix ios11 or nah @115858? I’m tired of my shit crashing,"@127219 We'd like to help, but we need more details to start. What exactly is happening and which model do you have? Any steps tried?",information_request,other
50588,50588,50587,Having some battery issues. Any way to check it?,@127348 Hey there! This is certainly not the experience we want you to have. You're in great hands for support. Let's look into this together. Please DM us which Apple device you're using. We look forward to speaking with you soon. https://t.co/GDrqU22YpT,dm_escalation,guided_escalation
50592,50592,50591,I find it a little weird how @115858 created glitches in our phones in order to get us to buy a new phone. I’m not buying nothing but you WILL fix my phone.,"@127349 We're here to help. Let us know via DM what is going on, in as much detail as possible, then we'll help out from there. https://t.co/GDrqU22YpT",dm_escalation,guided_escalation
50592,50590,50589,I sent you all a message WITH screenshots!,@127349 Thank you for reaching out. We received your DM and will continue to work with you there.,dm_escalation,generic_escalation
50615,50615,50614,y’all really bout to piss me off with this dumbass update. My phone keeps crashing and shutting off,"@127355 Hi there. Let's work on getting your iPhone responding as expected again. We don't want you to miss a call or text or Tweet. Please tap here to DM us, and share which iOS version you're running (Settings &gt; General &gt; About &gt; Version): https://t.co/GDrqU22YpT",troubleshooting,guided_escalation
50617,50617,50616,Before the update my phone would last over a day but now it only lasts half a day again😤 What are you doing to me @115858,"@127356 We know how important it is to maximize battery life. Let's partner up and get to the bottom of this together. To start, can you DM us the iPhone model and exact version of iOS running? Go to Settings &gt; General &gt; About to check. https://t.co/GDrqU22YpT",troubleshooting,guided_escalation
50797,50797,50796,@115858 why appsstore cannot update the apps?,"@127399 We want you to be able to update your apps. What happens when you try to update? Also, which iOS version are you using?",troubleshooting,actionable
50801,50801,50800,with the new update still having problem with (notes) fix it,@127400 We're always happy to help. What type of issues are you having with Notes?,information_request,other
50801,50799,50798,I keep links as shown in the photo but when you press on the link the note take U out to the home page,@127400 That's not okay. Let's take a look in DM. Follow us there using the link below: https://t.co/GDrqU22YpT,dm_escalation,generic_escalation
50803,50803,50802,Sooo @115858 what’s good with my “I️” not working ?,@127401 Let's get your keyboard working right again. Which model do you have and which exact OS version? Any steps tried so far?,information_request,other
50805,50805,50804,IOS update causing phone screen to freeze and apps crashing. What’s the remedy?,@127402 Let's work together. Did you recently update to iOS 11.1? Please send us a DM with your answer. https://t.co/GDrqU22YpT,troubleshooting,guided_escalation
50818,50818,50816,Can’t get into apple news on iPhone,@127403 Happy to help. So we're on the same page is this the Apple News app or the website you're attempting to access?,information_request,other
50818,50809,50806,Tried turning phone off and on n nothing,"@127403 Got it, thanks. Which iOS does this occur on? Also, are you getting an error message when you try and open the News app?",troubleshooting,actionable
50818,50808,50810,iOS 11.0.3. No error msg just sits their blank,@127403 Got it. When was the last time you were able to access the News app? And have you moved between countries recently?,information_request,other
50818,50811,50812,"Yesterday , still in same place Los Angeles",@127403 Thanks for clarifying. Let's go ahead and delete and reinstall the News app: https://t.co/fUZ0NRJxcn,troubleshooting,actionable
50818,50813,50815,It’s working again thx,@127403 Excellent! We're glad to hear that. You're most welcome! Enjoy the rest of your day.,other,other
50821,50821,50819,IOS new update have some problems. Have to charge the phone 3 times a day. Before it was just once.,@127404 We understand how important battery life is. What is the exact version you updated to? https://t.co/ZTw54HL4Rm,troubleshooting,actionable
50821,50820,50822,I have Iphone 7 updated to ios 11.1. After the news IOS released this year battery problem raised.,@127404 Thanks for the information. Try following the steps in this link and DM us if issues persist after that: https://t.co/bivpdfBNJ6 https://t.co/GDrqU22YpT,troubleshooting,generic_escalation
50824,50824,50823,"Hey @115858 any chance of getting an iOS11 update so that my 6s will stop freezing up, and where I can make calls without having to reset????",@127405 We're here to help you. Please DM us the version of iOS 11 you're using and we can go from there. https://t.co/GDrqU22YpT,dm_escalation,guided_escalation
50826,50826,50825,the new update makes my phone freeze so i have to reset my phone 3 times everyday and I can’t hear people during phone calls,"@127406 You’ve come to the right place for help. To begin, tell us the version of iOS 11 your iPhone is on, and we’ll go from there.",other,other
50829,50829,50827,Touchscreen OS 11.3 balky. Sometime have to press or hit the screen several times or even quit 2 get response. Keyboard off 2,"@127407 Let us know via DM which device this is on, then we can take a look at this with you from there. https://t.co/GDrqU22YpT",dm_escalation,guided_escalation
50829,50828,50830,I-pad air 1,@127407 We've received your DM and will continue to work with you there.,dm_escalation,generic_escalation
50833,50833,50831,@115858 what does this error message mean on my iPhone 8? https://t.co/2eTSFeDUnt,@127408 Great question. Just means it can't access that purchase or item from the App Store. Did you attempt to purchase something?,information_request,other
50833,50832,50834,I just switched to the iPhone 8 and haven’t purchased anything. I deleted the last couple apps I downloaded but didn’t work :(,"@127408 We've checked our systems, (https://t.co/7NVrDovSd8) and everything looks good on our end. Send us a DM so we can troubleshoot. https://t.co/GDrqU22YpT",troubleshooting,generic_escalation
50836,50836,50835,con la nueva version de sistema tarda 3 minutos en descargar video de 14 segundos. Como regreso a anterior?,@127409 Thank you for reaching out to us. We offer support via Twitter in English. Get help in Spanish here: https://t.co/IBIY3vMgPj,link_resource,actionable
50843,50843,50841,I can receive on my facetime - MacBook air. However if I try to vidcall the other person won't get my call. What can I do?,@127411 We're here for you. Check out this article for help with FaceTime: https://t.co/9TOn04wzxN,troubleshooting,actionable
50843,50839,50837,Thank you for the reply. That Page was thé first thing I have double checked. I can connect with a contact. But that contact gets nothing..,"@127411 Thanks for trying those steps. Is this happening with one contact, or all contacts? Have you restarted your MacBook Air?",troubleshooting,actionable
50843,50838,50840,It was happening with all contacts. After two restarts and adjustmenten of time (again) it seems to be working flawless. Thank u 4 your time,"@127411 We're glad to see that it's working again. Please let us know if you run into any other trouble, and we'll be here to help.",other,other
50847,50847,50844,why has IOS 11 ruined my phone. 12 months no issue. Since I’ve installed that crap my phone freezes and keep having restore,"@127412 Hey Steven, we'd like to help get to the bottom of these issues. Which iOS version are you currently running on your iPhone?",information_request,other
50847,50845,50848,nothappy,@127412 Let's continue working on this in DM. Let us know which iPhone you have and your country to continue. https://t.co/GDrqU22YpT,troubleshooting,guided_escalation
50850,50850,50849,"Dear @115858, since the latest iOS update, my phone is crap. Apps are slow, I can’t see half my photos, plus battery drains fast. Fix it! 😡😡😡",@127413 Thanks for reaching out. We're here to help. DM us so we can look into this further with you. https://t.co/GDrqU22YpT,dm_escalation,generic_escalation
50852,50852,50851,ok I love that app too... cc.,@127414 Thanks for reaching out. We're here to help. DM us so we can look into this further with you. https://t.co/GDrqU22YpT,dm_escalation,generic_escalation
50855,50854,50853,can u acknowledge that you're looking into a solution for this!? It is very frustrating to not be able to type work emails!!!,@127415 Thanks for reaching out. DM which iPhone and specific iOS version you are using to get started. https://t.co/GDrqU22YpT,dm_escalation,guided_escalation
50860,50860,50859,are you going to fix our phones from glitching ???,@127417 Let's see what's going on. Let us know more about what is happening with your iPhone.,other,other
50863,50863,50861,My phone is frozen thanks to the new update. I can't even hard reset it.,@127418 We're here for you. Which iPhone model do you have? What's happening that is causing you to force a restart?,troubleshooting,actionable
50863,50862,50864,I didn’t see this cause I couldn’t use my phone but my carrier fixed it. Thanks,@127418 Great to hear you're back up and running. Thanks for the update!,troubleshooting,actionable
50867,50867,50865,this last update is terrible! So many bugs! Fix it! Please!,"@127419 If you're having issues, we'd love to assist. What exactly is going on with your iPhone? What issues are you experiencing?",information_request,other
50867,50866,50868,If it gets turned on the side it sticks there. In iMessage we can’t scroll to the newest message without closing iMessage and going back in again.,@127419 Let's take a look at this for you. Reach out to us in DM. https://t.co/GDrqU22YpT,dm_escalation,generic_escalation
50871,50871,50869,Getting a glitch on iOS 11.1 where my home button is functioning as media keys for playback on music. This is annoying. (cc:@115858),"@127420 We're here for you. To be sure we understand, it sounds like pressing Home button is playing and pausing music. Is that right?",information_request,other
50871,50870,50872,That’s correct and also skipping to the next song,"@127420 Does this occur when the screen is locked, unlocked, or both? Also, which type of iPhone do you have? https://t.co/GDrqU22YpT",information_request,actionable
50875,50874,50873,sorry I’m just now seeing this but I took it to my local apple store and they fixed it!! thank you!!,@127421 We're glad you were able to get the issue resolved. Feel free to reach out to us anytime you need assistance.,other,other
50878,50878,50877,IPhone 5s reseting after few min. since updgrade iOS11 from ios10. Any solution? No Apple store near. I’m from Canary Islands.,@127422 We want to help.  Send us a DM letting us know if you are updated to iOS 11.1 https://t.co/GDrqU22YpT,troubleshooting,generic_escalation
50883,50880,50879,@AppleSupport  https://t.co/NAmOVlIDMr,@127423 Let's take a look at this for you. Reach out to us in DM.,dm_escalation,generic_escalation
51623,51623,51621,what is this??? I,@127589 We're happy to assist. Which iOS version are you currently running? Go to Settings &gt; General &gt; About for the version.,troubleshooting,actionable
51623,51622,51624,11.1,"@127589 Does this only happen in one specific App, or multiple Apps?",information_request,other
51623,51625,51626,In every app except iMessage,"@127589 Let's take a deeper look!  To begin, feel free to DM us what country you're currently located in: https://t.co/GDrqU22YpT",troubleshooting,guided_escalation
51628,51628,51627,"hey..um my bookmarks and reading list are all gone and i didn’t connect them to icloud, is there any way to get them back?",@127590 We can certainly help look into this with you. DM us &amp; tell us more about how this happened. https://t.co/GDrqU22YpT,dm_escalation,guided_escalation
51630,51630,51629,"Really dislike feature Brightness adjusts up/down automatically on the iPhone6. If I wanted it darker, I’d adjust it myself.",@127591 It sounds like Auto-Brightness is enabled. Check this out for how to disable that feature: https://t.co/bkqEVCrK2l,troubleshooting,actionable
51633,51633,51631,"Please fix this issue, it's soooo annoying !!",@127592 We'll be happy to assist as best we can. Are you updated to iOS 11.1? We released that yesterday.,troubleshooting,actionable
51633,51632,51634,Yes I'm.,@127592 Thanks. Let's move to a DM and we'll look into this further. Please tap here to continue: https://t.co/GDrqU22YpT,dm_escalation,generic_escalation
51637,51637,51635,seriously how can I stop my phone correcting We to W.E??? I don’t have it as a shortcut or anything,"@127593 Let's work together to help resolve this. To start, which version of iOS are you running on your iPhone?",information_request,other
51637,51636,51638,11.0.3,@127593 Thank you for that information. Let's continue our conversation in DM. https://t.co/GDrqU22YpT,dm_escalation,generic_escalation
51642,51642,51640,"apple music got renewed a couple of days ago, but unable to access it right now",@127594 We want to help you get back to enjoying your Apple Music! Which device are you accessing it on? Do you get an error message?,information_request,other
51642,51641,51643,"It's fixed for now, thanks.",@127594 Sorry for the confusion. It looks like we missed your last message. Glad to hear all is well with your Apple Music!,other,other
51645,51645,51644,@116333  apple watch burning wrist for my fellows @ WA . Please suggest ..,@127595 We would like to get more details to see how we can help. Meet us in DM to get started. https://t.co/GDrqU22YpT,dm_escalation,guided_escalation
51647,51647,51646,Bluetooth connectivity issues after updating iOS,@127596 We want to help.  Are you updated to iOS 11.1?  What are you experiencing with Bluetooth?,troubleshooting,actionable
51650,51650,51648,HOW DO I FIX THIS SOMEONE HELP,@127597 Let's dive into this issue together. Which iOS version is your device currently running?,information_request,other
51650,51649,51651,I just updated it to 11.1.1 but it was happening before then too,@127597 Thanks for letting us know. Send us a DM and we'll continue this conversation there. https://t.co/GDrqU22YpT,dm_escalation,generic_escalation
51661,51655,51653,SAMEEEE WTFFF please help us,@127599 We'd like to see if we can help. DM us the device you're experiencing this on and we'll get started. https://t.co/GDrqU22YpT,dm_escalation,guided_escalation
51663,51663,51662,@115858 get ur shit together and fix everyone’s phone because I am so sick of my phone autocorrecting “i” to “I️” OK? OK,@127602 We can look into this with you. Can you please message us in DM? https://t.co/GDrqU22YpT,information_request,guided_escalation
51665,51665,51664,Mais um celular com a bateria fodida ajuda nois,"@127603 Since our Twitter support is available in English, get help at https://t.co/IBIY3vMgPj or join https://t.co/pvaOFfPbjt",link_resource,actionable
51672,51672,51671,this new update is a mess my phone has a frozen notification on the screen and running very unstable. help please,@127604 We're here to get you back to enjoying the iPhone. Does the iPhone still respond to touch at all?,information_request,other
51672,51668,51666,I did a soft reset and it came back decent,"@127604 When you say decent, does that mean the issue is resolved or are you still experiencing slowness or sluggishness?",information_request,other
51672,51667,51669,It’s running very sluggish,@127604 Let's continue in DM then so we may better assist you https://t.co/GDrqU22YpT,dm_escalation,generic_escalation
51676,51676,51675,I have to hard restart my 6s almost daily because of all the bugs in iOS 11 &amp; it seems like there’s no fix from @115858 any time soon!,@127605  That's not the experience we want you to have.  We want to help.  Send us a DM letting us know if you are updated to iOS 11.1 https://t.co/GDrqU22YpT,troubleshooting,generic_escalation
51676,51674,51673,I’ll dm you if there’s any problem after i update it,@127605 That sounds like a plan. Keep us in the loop. Thanks and take care.,other,other
51678,51678,51677,@115858 Yo wassup with this I️ shit? What’s good,@127606 We'd like to look in to this with you. Which iOS version is currently installed? Let us know in DM. https://t.co/GDrqU22YpT,troubleshooting,guided_escalation
51681,51681,51679,All of my pictures magically got deleted somehow. ??? What the shit? I go from 3K to 600 fuck is up?,@127607 What happened before they were deleted?  Are you able to see those photos at https://t.co/tmRhWEkIq4 if you log in there?,information_request,actionable
51681,51680,51682,Not much help at all. It just talks about deleting all of my pictures at once or from a desktop,@127607 Not to worry! We'll get to the bottom of this. Let's move to DM. Send us the exact alert from https://t.co/tmRhWEkIq4 https://t.co/GDrqU22YpT,dm_escalation,generic_escalation
51684,51684,51683,Just updated to iOS11.1 & now my 6s plus is stuck at Apple screen. I tried hard restart a few times but nothing PLEASE HELP!!,"@127608 We want your iPhone to be working as expected. Send us a DM, and we'll start there. https://t.co/GDrqU22YpT",dm_escalation,generic_escalation
51686,51686,51685,"Help! Everytime I type ""I"", a box showing an A and a question mark pop up. And displays as a barcode. Please fix asap!",@127609 We've received your DM and will continue working with you there. Look for a reply from us shortly.,dm_escalation,generic_escalation
51688,51688,51687,@115858 needs to fix this damn I️ glitch,@127610 DM us using the link below. We're glad to look into things with you. https://t.co/GDrqU22YpT,dm_escalation,generic_escalation
51692,51692,51691,my phone is updated so WHY AM I SEEING BOXES??,@127611 Hi. We are here to help. Can you please give us some specifics of what is occurring on your device?,information_request,other
51692,51690,51689,"When I type “I” or see tweets, messages, etc with “I” in it.. it’s a box.",@127611 Thank you. Please send us a DM with which device and exact software version you’re using. https://t.co/GDrqU22YpT,dm_escalation,guided_escalation
51694,51694,51693,this happens when my phone types the letter “eye” by itself @115858 annoying i’m trying to talk abt myself https://t.co/7PukWqeQQK,@127612 Thanks for reaching out! Let us help with your iPhone. DM us your exact iOS version to proceed. https://t.co/GDrqU22YpT,dm_escalation,guided_escalation
51696,51696,51695,I swear y’all need to fix(i ) this like right fucking now I can’t even message my manager on group me without looking dumb,@127613 Let's work together to find the best solution. DM us with what type of device you're using. https://t.co/GDrqU22YpT,dm_escalation,guided_escalation
51699,51699,51697,"@115858 Here's a thought: new phone numbers in iOS default to ""home fax."" Maybe that's something you could fix please, or is an inside joke?",@127614 Let's take a closer look together. What's your model and exact OS version number? Any steps tried so far?,information_request,other
51699,51698,51700,"iPhone SE version 10.3.1. As far as I know this is something that happens with my friends' iPhones as well, so haven't tried anything...","@127614 So that we can take a deeper look, feel free to DM us when you first noticed this behavior occurring. https://t.co/GDrqU22YpT",dm_escalation,guided_escalation
51699,51701,51702,"Everyone I ask sees the same thing, seems to be a default setting on the OS. I'm not interested in troubleshooting my specific phone thanks!",@127614  Direct Message us when you're ready. We'd like to narrow this down. https://t.co/GDrqU22YpT,dm_escalation,guided_escalation
51705,51705,51703,why since my 7s was updated am I having trouble sending picture messages? It freezes when I try to select person to send to.,@127615 We can help with MMS. Which version of the iOS are you currently running? You can check in Settings &gt; General &gt; About &gt; Version,troubleshooting,actionable
51705,51704,51706,11.0.3 (15A432) Last night my keyboard disappeared while trying to text so I reset the phone settings. Still having problems.,@127615 Thanks. We’ll want to update to iOS 11.1 and then test again. Be sure to back up beforehand. DM us if the issue persists. https://t.co/GDrqU22YpT,troubleshooting,generic_escalation
51709,51708,51707,So is the iOS confusing the letter I for this emoji?!?!?,@127616 We want to work on this with you. Join us in DM to continue. https://t.co/GDrqU22YpT,dm_escalation,generic_escalation
51711,51711,51710,help my phone. I can’t fix it obviously,@127617 We're glad to look into this with you! Please DM us. Let us know which iPhone you're using to proceed. https://t.co/GDrqU22YpT,dm_escalation,guided_escalation
51713,51713,51712,@115858 your liverpool store customer service is appalling,@127618 Reach out to us via DM so we can take a look in to this with you. https://t.co/GDrqU22YpT,dm_escalation,generic_escalation
52189,52188,52187,I’m in the same boat.,"@127735 Thank you for the screenshot. Please try powering off your iPhone and restarting. Once that is done, try downloading the app again and let us know the result.",troubleshooting,actionable
52189,52186,52185,Already did. And it keeps asking for Touch ID,"@127735 When you use the Touch ID to install, does it still fail? Go to Settings &gt; General &gt; Date &amp; Time. Check to make sure the correct time zone is selected for your location. Please send us a DM and we'll continue there. https://t.co/GDrqU22YpT",troubleshooting,guided_escalation
52259,52259,52257,"I have iOS 11.0.3 and my keyboard keeps autocorrecting the letter i to a weird symbol similar to ""A ?"" and it won't change.",@127752 We want your keyboard to respond correctly.  Please check to see if you have an update under Settings &gt; General &gt; Software Update,troubleshooting,actionable
52259,52258,52260,There’s an update available for 11.1 but friends that already updated are experiencing the same issue.,@127752 Understood. Please DM us and we will continue from there. https://t.co/GDrqU22YpT,dm_escalation,generic_escalation
52262,52262,52261,Has anyone noticed random iPhone autocorrect issues? @115858,@127753 We can help. Hop in DM with us and we'll pick up there. Click here: https://t.co/GDrqU22YpT,dm_escalation,generic_escalation
52265,52265,52263,Help . My iPhone 6 will connect to unsecured wifi networks but not those requiring a password. “Invalid password” every time. (IOS 11.03).,@127754 We'll be happy to assist as best we can. We did release iOS 11.1. You might try updating using iTunes and see if that helps.,troubleshooting,actionable
52265,52264,52266,"I’ve updated to iOS 11.1. Still get “Invalid password “, even after resetting network setting and ‘forget this network’ and trying again to join. Nothing works.","@127754 Thanks for keeping us updated. To clarify, is your iPhone unable to connect to multiple networks requiring a password?",troubleshooting,actionable
52265,52267,52268,That’s correct. It will join unsecured networks but not two different ones requiring a password.,@127754 Let's look further into this together. Please join us in DM. https://t.co/GDrqU22YpT,dm_escalation,generic_escalation
52273,52273,52272,can you please help me,@127756 We've received your DM and we can happily help. We'll follow up with you there. https://t.co/GDrqU22YpT,dm_escalation,guided_escalation
52277,52277,52274,@115858 I’ll donate 5 dollars to your favourite charity if you can fix Bluetooth turning on randomly under iOS 11 #fixit #iPhone #iOS11,@127757 Are you turning it off in Control Center? That would just disconnect you from any current connections: https://t.co/G7BHuQnDS6,information_request,actionable
52277,52275,52278,"Seems to turn on randomly while on a transit bus or lrt even though I tell it not to, as I’m not driving.",@127757 Check out this link for more information on that: https://t.co/G7BHuQnDS6,troubleshooting,actionable
52280,52280,52279,Has @115858 figured out this “eye” thing yet. Almost through my phone cuz it’s getting on my nerves. Also is FT working for ppl? Mine is gone,@127758 We'd be happy to look into this with you. Can you DM us the exact version of iOS you are running? https://t.co/GDrqU22YpT,information_request,guided_escalation
52282,52282,52281,"так ты и фоточки туда переносишь, бекапы?",@127759 We offer support via Twitter in English. Contact us for help in your preferred language here: https://t.co/IBIY3vMgPj,link_resource,actionable
52285,52285,52284,plzzz explain to me why I cannot see the letter “I” but instead I get an A and a question mark in a box??,@127760 We'd like to look in to this with you. Which iOS version is currently installed? Let us know in DM. https://t.co/GDrqU22YpT,troubleshooting,guided_escalation
52287,52287,52286,Desde que actualice a iOS 11 mi iPhone se volvió lento. Me recuerda a los viejos Samsung! Que está pasando?,@127761  We offer support via Twitter in English. Get help in Spanish here: https://t.co/IBIY3vMgPj or join https://t.co/OczyRx7IOs,link_resource,actionable
52290,52290,52288,Dear @115858 I can turn my own Bluetooth&amp;wifi on/off.. and please give me back my ringer volume buttons. K thanks,"@127762 Happy to help, head to Settings &gt; Sounds &amp; Haptics and make sure that ""Change with Buttons"" is turned on.",troubleshooting,actionable
52290,52289,52291,thank you!!,@127762 You're welcome. Feel free to reach out if you have a question in the future. We'll be here for you. Enjoy your day!,other,other
52294,52294,52292,running the app is eating all kinds of extra battery life on my iPhone 7. Didn’t notice it til a couple of days ago,@127763 Let's take a look at this together! Which iOS version is currently on your iPhone?,information_request,other
52294,52293,52295,It’s 11.0.3,"@127763 Let's have you update to 11.1 per the following article, then see if the issue continues or not. https://t.co/80YRnjDFDk",troubleshooting,actionable
52294,52296,52297,I’ll do that when I get access to WiFi later today,@127763 Great! Feel free to reference this article if you need assistance with updating using your Wi-Fi network. https://t.co/Ui1yTnOCUz,link_resource,actionable
52294,52298,52299,Updated and it’s still doing the same thing,@127763 Got it. Send us a DM and we'll continue to work together on this from there. We're eager to help resolve this. https://t.co/GDrqU22YpT,dm_escalation,generic_escalation
52302,52302,52300,"the new IOS software has completely screwed my phone up - slow, crashes, calls don't get recognised...","@127764 We'd like to look into this with you. Did you already complete the update that was just released, iOS 11.1?",troubleshooting,actionable
52307,52305,52303,I’m guessing this isn’t from you,@127765 This appears to be a phishing attempt. This article explains how to identify and report them: https://t.co/LNMCdqt6fD,link_resource,actionable
52307,52304,52306,I’ve forwarded it to the phishing email account that you guys have.,@127765 Thank you! We appreciate the submitted information.,other,other
52310,52310,52308,Yung wassup with the letter “I”???,@127766 We're happy to assist. Which iOS version are you currently running? Go to Settings &gt; General &gt; About for the version.,troubleshooting,actionable
52310,52309,52311,11.1,"@127766 Go ahead and DM us your country, and we'll continue working there. https://t.co/GDrqU22YpT",troubleshooting,guided_escalation
52314,52314,52312,Aye @115858 that update yesterday didn’t fix the battery issue at all. Y’all need to do something ASAP,@127767 We can help. We're you able to go through the article we sent you?,information_request,other
52314,52313,52315,Yes I did. Didn’t help.,@127767 Let's take a look at this further. Reach out to us in DM. https://t.co/GDrqU22YpT,dm_escalation,generic_escalation
52319,52319,52317,every time “eye” type “eye” it’s turns to I... HELP!,@127768 We'll be happy to assist. When did this start to happen? Are you running iOS 11.1 yet?,information_request,other
52319,52318,52320,Started last night after the update!,"@127768 Alright, go ahead and send us a DM. Please include which country you're located in. Thanks! https://t.co/GDrqU22YpT",troubleshooting,guided_escalation
52324,52324,52322,Hey @115858 if you guys could A. Fix this thing that’s happening when I️ type an I️ in a sentence that’d be cool.,@127769 We'd like to look into this with you. What is your current iOS version? Find it at Settings &gt; General &gt; About.,troubleshooting,actionable
52324,52323,52325,11.0.3,"@127769 OK, let's update to the most recent iOS using these steps: https://t.co/80YRnjDFDk",troubleshooting,actionable
52324,52326,52327,You guys have already messaged me in a DM about this and had me do this. It didn’t work. Literally 3 times you’ve recommended this.,"@127769 It's important to have the latest software installed. If you'd like to continue together, please DM us &amp; we'll pick back up there. https://t.co/GDrqU22YpT",troubleshooting,guided_escalation
52324,52328,52329,I have the latest software.,@127769 The latest iOS version that's out is iOS 11.1. We'll be more than happy to assist you further with this issue. Please DM us. https://t.co/GDrqU22YpT,troubleshooting,guided_escalation
52959,52959,52958,"With the new update, turning on wi-fi disables data and we have to manually go through settings and turn it back on ! :( Help",@127928 We'd like to learn more about this situation. Send us a DM with all the details you can provide. https://t.co/GDrqU22YpT,dm_escalation,guided_escalation
52962,52962,52960,", hey guys. Think I’m having a problem with my keyboard and can’t find a fix. Anytime I type “I” like this, I get this auto",@127929 We know keyboard funtionality is important and want to help. Which iOS version is installed?,troubleshooting,actionable
52962,52961,52963,11.0.1,@127929 We see that an update is available and recommend installing it. Check out the following article: https://t.co/80YRnjDFDk,troubleshooting,actionable
52962,52964,52965,"Okay, so you’ve tricked me into upgrading which did absolutely nothing for the problem (which you probably knew going in) so now what?",@127929 Thanks for trying that step! Join us in DM with the country that you're located in. We can continue there. https://t.co/GDrqU22YpT,troubleshooting,guided_escalation
52968,52968,52966,aftr iOS update I get blnk scrn evry time I get calls simultaneously.,@127930 Thanks for reaching out. Let us know if this helps: https://t.co/OWRDHWSt4h,link_resource,actionable
52968,52967,52969,"Already tried earlier,but it is same.","@127930 Alright, go ahead and send us a DM and we'll look into this further with you. https://t.co/GDrqU22YpT",dm_escalation,generic_escalation
52971,52971,52970,"Honestly, @115858 I’m not understanding these new autocorrects  that are popping up suddenly. Fix I.T please! 🤦🏽‍♀️",@127931 We'd like to help. Could you Direct Message us and let us know what iOS version you're on? https://t.co/GDrqU22YpT,information_request,guided_escalation
52973,52973,52972,Nah someone explain this shit rn!?!?,@127932 We're happy to assist. Which iOS version are you currently running? Go to Settings &gt; General &gt; About for the version.,troubleshooting,actionable
52975,52975,52974,Ayo - since updating to iOS11 my 7+ almost always dies around the 17/18% battery mark. Any solutions?,@127933 We'd like to take a closer look at your battery issues. DM us and we'll get started. https://t.co/GDrqU22YpT,dm_escalation,generic_escalation
52981,52978,52977,can you guys help my guy,@127934 Thanks for reaching out to Apple Support. What can we help you with today?,information_request,other
52983,52983,52982,Anybody else experiencing the bug where the letter I turning into a weird set of glyphs? Igate,@127936 That's not the experience we want you have with iOS 11. Follow us to DM and we'll get started. https://t.co/GDrqU22YpT,dm_escalation,generic_escalation
52986,52986,52985,excuse me,@127937 Join us in DM and let us know which country you are located in. https://t.co/GDrqU22YpT,troubleshooting,guided_escalation
52991,52991,52989,@115858 I️ I️ I️ I️ I️ HELP WHAT DIS,@127939 Let's get to the bottom of this. What device are you experiencing this on? Reply in DM to get started. https://t.co/GDrqU22YpT,information_request,guided_escalation
52991,52988,52987,The letter eye,@127938 Thanks for reaching out. DM which specific iOS version you are suing at this time so we can help. https://t.co/GDrqU22YpT,dm_escalation,guided_escalation
52993,52993,52992,Eye shouldn’t have to spell eye in replace of the actual letter lol fix yo shit @115858,"@127940 We're here to help with any issues you may be having. To get things started, what device and OS version are you using?",information_request,other
52995,52995,52994,"Updated my phone and now it’s 10,000X’s slower.",@127941 That's not the type of experience that we'd like for you to have. Meet us in DM. Click here: https://t.co/GDrqU22YpT,dm_escalation,generic_escalation
52998,52998,52996,@115858 tf is going on with my keyboard... fix it,@127942 What issues are you experiencing with your keyboard? We'd like to see how we can be helpful.,information_request,other
52998,52997,52999,The keyboard won’t let me type the letter I every time I try I get these stupid little question marks instead,@127942 We would like to look deeper into this with you. Let us know in DM if you have predictive text enabled. https://t.co/GDrqU22YpT,dm_escalation,guided_escalation
53001,53001,53000,@115858 wtf is this shit? Why would I️ want my “I️” turning into anything other than an “I️”? https://t.co/hgEi1bEm6u,@127943 We'd be happy to look into this with you. Please send us a DM with what version of iOS you are on. https://t.co/GDrqU22YpT,dm_escalation,guided_escalation
53003,53003,53002,I need @115858 to understand these boxes are messing up tweets and captions. Fix it!,@127944 We're here for you and happy to help. Send us a DM and let us know what you mean regarding the boxes. https://t.co/GDrqU22YpT,dm_escalation,guided_escalation
53005,53005,53004,"it happens on the center control and on the dock, no particularity with any app, happens with native and downloaded apps :(",@127945 Thanks for reaching out. We're here to help. DM us so we can look into this further with you. https://t.co/GDrqU22YpT,dm_escalation,generic_escalation
53009,53009,53007,"How come since the iOS update, my iPhone doesn’t recognize that I have music playing?",@127946 We'd like to help. Does the music not play as expected or are you unable to view the details from the Control Center?,information_request,other
53009,53008,53010,It will play but can’t be controlled from locked screen or earphones. Only works half the time,"@127946 Does this occur with all apps or specific ones?  Feel free to let us know via DM, as well as your exact iOS version: https://t.co/GDrqU22YpT",information_request,guided_escalation
53013,53013,53011,"Dear and , What is wrong with the capital letter “i”???",@127947 We're happy to assist. Which iOS version are you currently running? Go to Settings &gt; General &gt; About for the version.,troubleshooting,actionable
53013,53012,53014,11.0.3,@127947 Let's update your software to iOS 11.1 to resolve this. We do recommend backing up first. DM us the results: https://t.co/GDrqU22YpT,troubleshooting,guided_escalation
53016,53016,53015,@115858 my iPhone is broken. I is a question mark in a box,@127948 Thanks for reaching out. We're happy to take a closer look. What is your current iOS version?,information_request,other
53490,53490,53489,"Hey, I've discovered lots of incorrect versions of songs (single songs within whole otherwise correct albums) in Apple Music. There should probably be a way to flag instances of this for review. Kind of annoying. Thanks!","@128083 We'd like to find out more about what you're experiencing in Apple Music. Let's meet up via DM to continue chatting. When you reach out, let us know what type of device you're using, along with whether this is happening with multiple albums or just a specific one. https://t.co/GDrqU22YpT",dm_escalation,guided_escalation
53534,53534,53533,"Since I️ update my phone yesterday, I️ cannot type “I’s”. I’m hurt by @115858’s constant betrayal to reel me in, just to sabotage in the end.","@128095  We know how important your iPhone is. Send us a DM telling us which iPhone you have, we want to help. https://t.co/GDrqU22YpT",dm_escalation,guided_escalation
53536,53536,53535,fix this update!,@128096 We're happy to help. Tell us what issue you're having with the update and which update you referring to.,troubleshooting,actionable
53538,53538,53537,"Major security breach on iCloud evident - any issues reported? Sign-in and got other people’s information, books, music etc etc",@128097 We'd like to look into this with you. Let's continue in DM. https://t.co/GDrqU22YpT,dm_escalation,generic_escalation
53541,53541,53539,Updated my Apple Watch this morning and now I'm not getting any notifications besides incoming calls. Halp...,@128098 Let's check into this. Have both devices been restarted? Which OS version is each device running?,troubleshooting,actionable
53541,53540,53542,"Watch 4.1, Iphone 11.1..I restarted and re-enabled/disabled notifications via watch app.",@128098 Let's next unpair and then pair them again. This article has the steps: https://t.co/UCuy0qGg07,link_resource,actionable
53541,53543,53544,Seems to be working for Now after repairing,@128098 Great. Thanks for giving that a try. Let us know if you need anything else.,troubleshooting,actionable
53549,53547,53545,@128100 @115858 must fix it... after update to 11.1 on my 5s! The loockscreen has this glitch too unlocking... apple fix it please! https://t.co/ozDwClS1Px,"@128099 We're here to help! If we understand correctly, you have to try accessing the lock option multiple times before it opens?",troubleshooting,actionable
53549,53546,53548,Like 2 times... i cant record u know. But look this lag,@128099 We are here for you. Let's take a look at this further for you. Reach out to us in DM. https://t.co/GDrqU22YpT,dm_escalation,generic_escalation
53557,53557,53556,hey what happens when I forget my restrictions passcode? turned on when my kid had it & have no clue what it is. Wont reset.,@128101 Thanks for reaching out to us. Here is a helpful resource: https://t.co/eiyAtwvrU1 Let us know if you have questions.,link_resource,actionable
53557,53555,53554,Yeah I can’t wipe it without entering the restrictions passcode. Have tried.,"@128101 We would like to make sure that you have followed all of the steps listed in the article, correct?",information_request,other
53557,53553,53550,I did. It took multiple attempts to finally get it to the restore/reset option. I wiped it Bc my last backup had the passcode on already.Thx,@128101 You're welcome. Let us know if we can help in the future.,acknowledgement,other
53559,53559,53558,taking a brief hiatus from twitter until the box with the question mark is addressed. stressed the fuck out. (cc: + ),@128102 We can look into this with you. Which device are you using? DM us and let us know. https://t.co/GDrqU22YpT,information_request,guided_escalation
53561,53561,53560,I thought that my phone was dead but no it just turned off for no reason @115858 the fuck?,@128103 Let's look into this for you. Send us a DM with your current iOS version to get started. https://t.co/GDrqU22YpT,dm_escalation,guided_escalation
53565,53563,53562,I know me too! It’s so annoying fix this problem!,"@128104 We're happy to do everything we can to help. To start, DM us with the country where you're located. https://t.co/GDrqU22YpT",troubleshooting,guided_escalation
53567,53567,53566,"@115858 is there A solution for the network bug in combination iPhone8 and T-Mobile in the Netherlands, can not call with my new iPhone8..",@128106 We're here to help. Let's take this to DM so we can better assist you. https://t.co/GDrqU22YpT,dm_escalation,generic_escalation
53569,53569,53568,wouldn't it be a crazy thing if your phones didn't periodically erase all the contacts on it? Crazy. I know,@128107 We understand how important contacts are. Are they being synced from a specific account? DM us here: https://t.co/GDrqU22YpT,information_request,guided_escalation
53575,53572,53570,@AppleSupport,@128108 Let's work on getting to the bottom of this together. Which iOS version is installed?,troubleshooting,actionable
53575,53571,53573,The newest update,@128108 Got it. Let's move to DM and check a few other things together. Tap here to continue: https://t.co/GDrqU22YpT,troubleshooting,generic_escalation
53578,53578,53576,can I buy Apple care if I got my iPhone from EE and asking as it’s within the time limit to buy?,"@128110 You've come to the right place! So we can provide you with the information for your region, please verify the country you're in.",troubleshooting,actionable
53578,53577,53579,United Kingdom,@128110 Great! You can purchase AppleCare+ on your iPhone within the first 60 days. Here’s how: https://t.co/Q0L2pPnaVE Questions? DM us. https://t.co/GDrqU22YpT,information_request,guided_escalation
53582,53582,53580,Hi. I cannot reset the security questions after I logged in my account. What to do? :/,"@128111  We want to help with your Apple ID. If you forgot the answers to your Apple ID security questions:
https://t.co/qaNMuN8ar1",link_resource,actionable
53582,53581,53583,This is the result. What to do? :/,"@128111 In that case, please contact us using this link further assistance: https://t.co/UJm15vmMM2",link_resource,actionable
53586,53586,53585,What is wrong with my I and my “it” turns into I.T ......what are y’all doing with these phones?,"@128112 We’d love to help. To start, please send us a DM letting us know your iPhone model? https://t.co/GDrqU22YpT",information_request,guided_escalation
53588,53588,53587,"Also, why do my AirPods suddenly stop playing music after being connected for awhile?","@128113 We'd love to help. Has the device been restarted? If not, let's do that using these steps: https://t.co/OWRDHWSt4h",troubleshooting,actionable
53590,53590,53589,can you please explain to me why this is a thing??? NO ONE WOULD EVER SAY THIS OR USE IT,@128114 That should not be happening. Let us help. Tell us more about this in DM. https://t.co/GDrqU22YpT,dm_escalation,guided_escalation
53594,53594,53591,"Hi, Could I change my Apple ID (from iTools time) to a new one with my surname which I already use for mail purposes? Thanks",@128115 Thanks for reaching out to us. Try the steps in this article for your Apple ID change: https://t.co/xuZEqdPMFW,troubleshooting,actionable
53594,53593,53595,Thanks so much but I think it’s not suitable for my case. I’m trying to know if I could use an iCloud email alias as my Apple ID (1 of 2),"@128115 You can’t use an alias to sign in to https://t.co/tmRhWEkIq4, and you can’t use an alias to create a separate Apple ID.",link_resource,actionable
53594,53596,53597,"And if I delete the alias and create a new Apple ID, could I bring all of my devices and purchases to the new one?",@128115. Please DM us so that we can continue to look into this together. https://t.co/GDrqU22YpT,dm_escalation,generic_escalation
53600,53600,53598,"Gee thanks @115858! Can’t hear any calls after the new iOS update, what a bloody nightmare...","@128116 We're happy to help. When you say you can't hear calls, are they muted entirely? Is it the receiver, or also the speaker?",information_request,other
53600,53602,53603,"Also, remove the sim and put it back again. But I'm having this issue without updating the OS.",@128117 Let us help you with this. Join us in DM so we can better assist you: https://t.co/GDrqU22YpT,dm_escalation,generic_escalation
53606,53606,53604,why do I keep seeing these question mark boxes when I’ve updated,@128118 We'd like to help. Could you Direct Message us so we can get more information?,information_request,guided_escalation
53612,53612,53607,how can I change my third-party email to my Apple email? I read that it’s now possible... Can you please help?,@128119 We're happy to help with this. Here are instructions: https://t.co/xuZEqdPMFW Let us know if you have any questions.,link_resource,actionable
53615,53615,53613,. iOS 11.0 update does not allow responses after user clicks through to iMessage from notifications. QC,@128120 We just released iOS 11.1 yesterday. Let's have you back up and update your iOS: https://t.co/80YRnjDFDk Let us know how that goes,troubleshooting,actionable
53615,53614,53616,"Sorry, the problem is in 11.1, not 11.0.","@128120 Thanks for clarifying! Meet us in DM with the country you're in, and we'll go over your support options there. https://t.co/GDrqU22YpT",troubleshooting,guided_escalation
53618,53618,53617,"@115858 can u update the photo app ""faces"" feature to recognize dog faces? finding pics of my favorite thing with a face would become easier",@128121 We welcome and encourage your feedback and suggestions! Please provide them here: https://t.co/eTPVYVFyd8,link_resource,actionable
53620,53620,53619,Hi @115858 I had a problem in a store. I was absolutely disrespected to the point of tears last night when I came in for an appointment,@128122 We'd like to learn more about this situation. Send us a DM with all the details you can provide. https://t.co/GDrqU22YpT,dm_escalation,guided_escalation
54438,54438,54437,WTF IS WRONG WITH MY IPHONE @115858 ??!!,@128323 We're here to help. Let us know exactly what's going on with your phone in DM. https://t.co/GDrqU22YpT,dm_escalation,guided_escalation
54443,54443,54442,If I tether my iPad to my iPhone is there a way to minimize data txfr? Would turning off background app refresh make a diff?,"@128324 We can work toward a solution together. First we'd like to clarify your question. Do you mean, minimize data used by the iPad?",information_request,other
54443,54441,54439,Yes. Looking for ways to minimize ipad data use while tethered through iPhone on cellular.,"@128324 Turning off Background App Refresh is a great step, as well as turning off Automatic Updates under Settings &gt; iTunes &amp; App Store.",troubleshooting,actionable
54445,54445,54444,why is my whole phone messed up after 3 back to back updates ? Why do I have question marks In replace of an emoji ?,@128325 We're happy to assist. Which iOS 11 version are you currently running? Go to Settings &gt; General &gt; About for the version.,troubleshooting,actionable
54447,54447,54446,fix the fucking letter “I” please!!!!!,@128326 We're here to help. Tell us what exact issue your are having and we can look into it together. https://t.co/GDrqU22YpT,link_resource,actionable
54449,54449,54448,why is photo booth freezing on high serria,@128327 We're here to help. Let's take this to DM so we can better assist you. https://t.co/GDrqU22YpT,dm_escalation,generic_escalation
54451,54451,54450,Updated my phone and still see boxes with question marks WHYYYY @115858,@128328 We want to help you with this. Meet us in DM with type of iPhone and iOS version to get started. https://t.co/GDrqU22YpT,dm_escalation,guided_escalation
54454,54453,54452,Sure I‘ve done all of that. Meanwhile it fixed itself,"@128329 We're happy to hear that. If you have any other issues with this, just let us know.",other,other
54456,54456,54455,"@116333  why can’t i rearrange my apps on my homescreen ? With 5,8 inch screen it don’t makes sense to reach at the top of my phone !",@128330 You can rearrange your Home Screen or put your apps into folders. Here's how: https://t.co/M9lEQj2OhE,link_resource,actionable
54458,54458,54457,"last month I exceeded my move goal for a month. I should have gotten the 10/2017 badge, yet I didn’t.","@128331 Let's look into this together. Send us a DM with more information, and we'll continue from there. https://t.co/GDrqU22YpT",dm_escalation,generic_escalation
54463,54461,54459,why is that happening to my capital letter i?,@128332 Let’s help with this. Which iOS version is showing for you in Settings &gt; General &gt; About?,troubleshooting,actionable
54463,54460,54462,11.1,@128332 Are you using a third-party keyboard in Settings &gt; General &gt; Keyboard &gt; Keyboards ? Let us know in DM. https://t.co/GDrqU22YpT,troubleshooting,guided_escalation
54465,54465,54464,My phone been getting so hot since this update @115858,@128333 May we take a look?  Feel free to DM us what country you're located in and we'll go from there: https://t.co/GDrqU22YpT,troubleshooting,guided_escalation
54468,54467,54466,Also it said I need to sign in on that page it sends me to and I have until November 2 to cancel it. Does that make sense?,"@128334 We want to help you. DM us, and we'll look into this deeper. https://t.co/GDrqU22YpT",dm_escalation,generic_escalation
54470,54470,54469,"I broke my screen in my iPhone 8, I called to ask where I can fix in Mexico City but they don’t have a screen! How is posible",@128335 We'd like to help. Have you tried other locations? You can find the places closest to you with this link: https://t.co/FRIRA3cwGI,information_request,actionable
54472,54472,54471,🗣HELP USSSSS @115858 https://t.co/ZWtU4qFv6C,@128336 We want to help. Tell us more about what's happening in DM. https://t.co/GDrqU22YpT,dm_escalation,guided_escalation
54474,54474,54473,This stupid update makes my phone die quicker you guys are playing us! Smfh,@128337 Let's check it out. How long does the battery last from a full charge? Does iOS 11.1 show in Settings &gt; General &gt; About?,troubleshooting,actionable
54476,54476,54475,@115858 run this update ASAP! I’m tired of my phone spazzing every 10 seconds,@128338 We are here for you. Let's take a look at this further for you. Reach out to us in DM. https://t.co/GDrqU22YpT,dm_escalation,generic_escalation
54479,54479,54477,"iOS 11 may be the worst phone update in history. Freezing, not loading, battery draining 50% in less than hour. Awful.","@128339 We want to work with to resolve these issue. To get us started, may we have the exact iOS version that's on the iPhone?",information_request,other
54479,54478,54480,11.0.3,@128339 Thanks. There may be an update available for your iPhone. Check that and DM us. We'll go from there. https://t.co/ahjigcvFRG https://t.co/GDrqU22YpT,troubleshooting,generic_escalation
54483,54483,54481,u too,"@128340 We are here for you, What apps are you having issues with?",information_request,other
54583,54583,54582,I need your help! I want to play animal crossing but the app immediately crashes when I open it,"@128371 We want to make sure you are able to play the games you'd like. In order to assist you, we need some information from you. What kind of device are you using? What version of the software is installed? Meet us with this information, here: https://t.co/GDrqU22YpT",troubleshooting,actionable
55074,55074,55072,is there any way I can check the overall battery health of my 7+?,@119564 We'd be happy to assist with any battery related issues you might be experiencing. What's going on?,information_request,other
55074,55073,55075,Yes! Lately my battery life lasts way less than it used to do before downloading iOS 11.,"@119564 Got it. DM us, and we'll look into this deeper. https://t.co/GDrqU22YpT",dm_escalation,generic_escalation
55078,55078,55077,@115858 We Have A Problem What Are These Question Mark Boxes For What’s Going On 👀👀,"@128486 We'd be happy to look into this issue with you. Send us a DM, and we'll continue there. https://t.co/GDrqU22YpT",dm_escalation,guided_escalation
55080,55080,55079,"Alright this new iPhone update is dog shit, do everyone a solid and fix it",@128487 We're happy to help. Can you tell us what you're experiencing with the new update? Let us know to continue.,troubleshooting,actionable
55084,55084,55081,Why can’t I listen to my music in the car since updating #ineedanswers @115858,@128488 We wouldn't want to be without our music while driving either and want to help. What happens when you try to listen to music?,troubleshooting,actionable
55084,55082,55085,It’s says it’s “indexing” and won’t play my music,@128488 Thanks for that info. Restart the iPhone and then DM us if that issue persists. https://t.co/GDrqU22YpT,troubleshooting,generic_escalation
55084,55086,55087,"I shut my phone off for 15 minutes and when I turned it back on, it worked. Ty",@128488 You're welcome. We're glad to hear all is well! Please feel free to reach out if we can be of any further assistance.,other,other
55093,55093,55092,"And all of a sudden, for no reason, 80GB of music got wiped. WTF, ? ›","@128489 We know how important your music is, and we'd like to look into what happened to your songs. To start, send us a DM. https://t.co/GDrqU22YpT",dm_escalation,guided_escalation
55093,55091,55090,"Hmm, it’s back. Halloween prank? The only downside is that I need to download every album/playlist manually. Is there a faster way?","@128489 Currently, that is the only way to download music. Please send us a DM if you are unable to download your music back. https://t.co/GDrqU22YpT",dm_escalation,generic_escalation
55093,55089,55088,"For now it seems to be fine, is re-downloading all my tunes. Thanks for the support!",@128489 You're very welcome! Let us know if you have any other questions; we'd be happy to help. Have a great day!,acknowledgement,other
55095,55095,55094,It keeps correcting my I’s to this smh,"@128490 We want to help. In DM, please let us know which iOS version you're using. https://t.co/GDrqU22YpT",dm_escalation,guided_escalation
55097,55097,55096,What does this mean? Trying to sign in to Apple Music. Help :/,@128491 Let's see what's going on. Send us a DM and let us know how you got to this screen.,dm_escalation,guided_escalation
55100,55099,55098,@115858 My phone been off charge for an hour and I’m on 38 percent. Thanks @115858.,@128492 We're here to help. Let's take this to DM so we can better assist you. https://t.co/GDrqU22YpT,dm_escalation,generic_escalation
55103,55103,55101,"should I update my iPhone to 11.1 cause if I do my battery better last the whole day. My job depends on it, please advise",@128493 We advise always to keep your device updated for the best expereince.,troubleshooting,actionable
55110,55110,55109,why is my phone acting up saying im out of storage? How do I go from 60gb then delete Spotify(3gb) and end up with 59gb,"@128495 Let's work on this together. When you get the message about storage, is it referring to your iCloud Storage?",information_request,other
55112,55112,55111,Damn near deleted all of my apps to get an update ... got the update and now all I’m left with are question marks,@128496 Thanks for reaching out. We're here to help. DM us so we can look into this further with you. https://t.co/GDrqU22YpT,dm_escalation,generic_escalation
55115,55114,55113,If your reps are going to be calling from international numbers you better be ready tonpay those international tolls,@128497 We'd like to see how we can help with this. Please connect with us in DM and we'll get started: https://t.co/GDrqU22YpT,dm_escalation,guided_escalation
55119,55119,55117,What can’t @115858 release an iOS without bugs in the software these days. Was Jobs their only QA expert on their team? Messages is broke...,"@128498 We want Messages working for you; we'll do all we can to help. To start, can you describe for us exactly what's happening?",information_request,other
55119,55118,55120,I certainly can’t fit all the bugs into 140 characters. I’ll need to email it. I’m hoping your team is already working on it. Not the same.,@128498 Feel free to message us in DM with more details. https://t.co/GDrqU22YpT,dm_escalation,guided_escalation
55119,55121,55122,can your team figure out the I issue. Or will l continue to have to use lower case l’s for them for a while? Let’s start here,@128498 Here’s what you can do to work around the issue until it’s fixed in a future software update: https://t.co/xXaXeeSRt9,troubleshooting,actionable
55124,55124,55123,"Huge down performance on my 6 month old iphone7 with the news ios11, got plenty of issues.",@128499 We'll be happy to look into this with you. DM us and we'll get started. https://t.co/GDrqU22YpT,dm_escalation,guided_escalation
55126,55126,55125,what is going on with the questions marks when I type?,@128500 We can help. DM and tell us what version of iOS you see under Settings &gt; General &gt; About &gt; Version. https://t.co/GDrqU22YpT,troubleshooting,guided_escalation
55128,55128,55127,SOMEBODY IN DAMN CUPERTINO NEEDS TO FIX THIS DAMN “I” GLITCH! SOME DAMN BODY! FED UP!!!!!!,@128501 We're here to help. Let's take this to DM so we can better assist you. https://t.co/GDrqU22YpT,dm_escalation,generic_escalation
55130,55130,55129,hi I've got a time slot to collect my new phone on Friday in London if I'm late am I still able to collect it,@128502 We're here for you. Your question will be best answered by our sales support team. Reach them here: https://t.co/8yjRd1Xo0i,link_resource,actionable
55132,55132,55131,Please can @115858 make an “are you sure” pop-up for when you try to close the music app? Thanks,@128503 We welcome and encourage your feedback and suggestions! Please provide them here: https://t.co/oWzjJxkvlC,link_resource,actionable
55134,55134,55133,What is this I shit? it’s keeps switching to A ?,@128504 We'd like to look into this with you. Please DM us your current country and iOS version. https://t.co/GDrqU22YpT,troubleshooting,guided_escalation
55919,55919,55918,Like my phone was just on a smooth 60% go on snap 20% or less warning wtf @115858  fix that shit !!!!!!,"@128684 You've reached the right place for support. We know how important it is for your battery to last as long as possible and we're happy to help. To start, DM us with the country where you're located and model of iPhone you're using. https://t.co/GDrqU22YpT",troubleshooting,guided_escalation
55924,55924,55923,"hi, i want to know why iPhone 8 pictures look darker than when I take them , should I change something ?",@128685 We’d like to figure out why this is happening too. Are you using the iPhone 8 or 8 Plus? What picture mode are you usually using when this happens?,information_request,other
55924,55921,55920,"This , I used to have the iPhone 6s so I want to know why it’s like this now , should I change something?",@128685 We see what the original photo looks like there. Was the second photo a paper print of the image? DM us and let us know. https://t.co/GDrqU22YpT,information_request,guided_escalation
55929,55929,55928,What the fuck is going on like why isn’t my speaker working I don’t understand plz @115858 explain,@128686 Let's help get your speaker working as expected. Is this happening while on calls or while listening to other app related audio? Does the issue persist after rebooting the device?,troubleshooting,actionable
55929,55926,55925,I have rebooted the device but nothing has changed,"@128686 You’ve done a great job troubleshooting already. There are a few steps which you haven’t mentioned in this troubleshooting article: https://t.co/4Kux8rhhGX
Please go through the steps and let us know if there is any change.",link_resource,actionable
55931,55931,55930,@115858 can y’all give us an update that allows us to delete multiple contacts at once? I’m trying to clear some numbers out my phone and I have to do each one individually 😩,@128687 We love to hear how we can enhance our services and features. Send us your feedback here: https://t.co/eTPVYVFyd8,link_resource,actionable
55935,55935,55932,Hey any update on fixing this I bug ? We out here looking crazy .,@128688 We're happy to assist. Which iOS version are you currently running? Go to Settings &gt; General &gt; About for the version.,troubleshooting,actionable
55935,55933,55936,11.1,"@128688 Thanks. Let us know in DM which country you're located in, and we'll take it from there. https://t.co/GDrqU22YpT",troubleshooting,guided_escalation
55942,55942,55938,"on my second I watch in a space of 4 days, apps won’t work, is there an issue with the update?! Really not impressed...",@128689 We're delighted to help. What's going on with your apps? Are they unable to open? Let us know a little more about the situation.,information_request,other
55942,55939,55943,"I’m now on my second I watch, and have tried the reset&restart my phone and I watch etc and still not solved any problems",@128689 We want your Apple Watch to work properly. Have you also tried uninstalling and reinstalling these apps: https://t.co/ikTYqoYXpm,troubleshooting,actionable
55942,55944,55945,Hi there! I have Instagram working now but Barclays still doesn’t...any suggestions?,@128689 Have you removed and reinstalled the Barclay's app?,troubleshooting,actionable
55942,55946,55947,"Hi there, yes I have tried but still does this loading sign","@128689 Do you also have this app running on your iPhone? If yes, try quitting it and reinstalling it there as well.",troubleshooting,actionable
55951,55950,55948,Hey @115858 if you don’t fix this stupid autocorrect problem. I’m going to go ballistic.,@128690 We want to help. Let's meet up in DM and discuss it. https://t.co/GDrqU22YpT,dm_escalation,generic_escalation
55953,55953,55952,Why is my phone glitching? Like the typing looks weird? @115858,@128692 Please send us a DM with more specifics of your issue. We'd be happy to assist you. https://t.co/GDrqU22YpT,dm_escalation,guided_escalation
55956,55956,55954,yet another head phone adapter isn’t working,"@128693 We'd be happy to look into this issue with you. Send us a DM, and we'll continue there. https://t.co/GDrqU22YpT",dm_escalation,guided_escalation
55958,55958,55957,So is everybody shit looking like this or just mine ?,@128694 Thanks for reaching out. DM which iPhone and specific iOS version you are using to get started. https://t.co/GDrqU22YpT,dm_escalation,guided_escalation
55960,55960,55959,"Ok, I have a $4.99 student account w/Apple Music but just realized some days ago they've been charging me da 12.99 family plan @115858 fix it",@128695 Thanks for reaching out. For billing issues with Apple Music reach out to our iTunes Store Support: https://t.co/SDIe7UiyJN,link_resource,actionable
55962,55962,55961,i want put my apps down there. That’s not possible. It’s easier to reach rather than go to the top.,@128330 Try using Reachability. Lightly double-tap the Home button. This brings items at the top of the screen down to the lower half.,troubleshooting,actionable
55964,55964,55963,- in zoomed view the text/edges/graphics aren’t as smooth as they were in older versions iOSBugs ?? Apple iphone 6s iOS11.1,@128696 We’d like to take look at that with you.  Please send us a DM so we can assist. https://t.co/GDrqU22YpT,dm_escalation,generic_escalation
55967,55967,55965,Will you please put the texting from the photo app option back? It is super annoying having to get out of photos to txt a pic.,@128697 We'd be happy to look into this with you.  Please reach out to us via DM and we'll get started. https://t.co/GDrqU22YpT,dm_escalation,guided_escalation
55967,55966,55968,This is from the new software update - all users are missing this feature.,"@128697 To clarify, are you referring to being able to tap the Share button in Photos and sending a message?  Let us know in DM. https://t.co/GDrqU22YpT",information_request,guided_escalation
55971,55971,55969,This fucking update is the worst! Why can’t we type “i” without funky shit popping up? @115858 #iphone,@128698 We want to help. Which version of iOS do you have installed on your iPhone? You'd see this in Settings &gt; General &gt; About.,troubleshooting,actionable
55971,55970,55972,11.1 which has been causing many glitches on my phone between apps/internet connection & keyboard,@128698 Thanks for that info. Reach out to us in DM and we will happily help to look into this further. https://t.co/GDrqU22YpT,dm_escalation,guided_escalation
55974,55974,55973,"trying to launch Radio on Watch, it says to sign into iTunes in Watch app on phone. No such sign in exists. Help?","@128699 We'd like to help. In DM, please let us know the software version being used on the paired iPhone. https://t.co/GDrqU22YpT",dm_escalation,guided_escalation
56944,56944,56943,I hate the update to the podcast app on iOS11. The interface is really confusing and unorganized @115858 @318,@128894 We value your opinion. Feel free to provide your feedback here: https://t.co/eTPVYVFyd8,link_resource,actionable
56946,56946,56945,Will there be a new update for ipod 5... This software is so old..,@128895 9.3.5 is the highest the iPod 5 can update to.,troubleshooting,actionable
56949,56949,56947,"""iTunes can not be opened while it is being updated""… How long will this take? Why is this happening right now? @115858 #Fail https://t.co/sxdaitBF1q",@128896 Is iTunes currently updating in the App Store? Let us know in DM and we'll look into this. https://t.co/GDrqU22YpT,information_request,guided_escalation
56951,56951,56950,@115858 can you tell me when when I type the letter “I” some damn symbols pop up like I’m out here coding and doing a MySpace edit 🤨,@128897 We can definitely look into this with you. Which device are you using? DM us and let us know. https://t.co/GDrqU22YpT,information_request,guided_escalation
56954,56954,56952,what’s up with the question mark?,@128898 Which version of iOS do you have installed on your device? Look at Settings &gt; General &gt; About. We'd be happy to help.,troubleshooting,actionable
56954,56953,56955,iOS 11.1,"@128898 Perfect. OK, meet up with us in DM at the link below. Send a message with your country so we can look into best support options. https://t.co/GDrqU22YpT",troubleshooting,guided_escalation
56957,56957,56956,"I’m trying to download WatchOS 4.1, but it’s frozen on “Estimating time remaining”. nothing’s happening. what do I do?","@128899 Thanks for reaching out! Take a look at the steps here under ""If you need help updating"": https://t.co/s6t9pl6tpv",link_resource,actionable
56961,56959,56958,@115858 Ur update continues to fck me sideways. This be some skynet shit forreaal. My phone shouldn’t be able to override my decisions while I’m 😴,"@128900 We'd like to take a look at this with you!  To start, can you DM us what country you're located in? https://t.co/GDrqU22YpT",troubleshooting,guided_escalation
56964,56964,56962,!! STOP TURNING ON MY WI-FI !!,"@128901 We're glad to help! Please let us know exactly what's going on, and if this addresses your issue: https://t.co/G7BHuQnDS6",link_resource,actionable
56967,56967,56966,lemme know if you need help finding/fixing this ‘I’ bug.,@128902 Let's partner up and get to the bottom of this. Can you DM us the device and exact version of iOS running? https://t.co/GDrqU22YpT,information_request,guided_escalation
56969,56969,56968,"Iphone 6, ios 11.1, bateria igual, dira muy poco",@128903 We offer support via Twitter in English. Get help in Spanish here: https://t.co/IBIY3vMgPj or join https://t.co/OczyRx7IOs,link_resource,actionable
56974,56974,56973,Doubting if I’m still a fan of @115858 without realizing it updated something and don’t have any access to my photo’s...,@128904 Hi. We're here for you. DM us and tell us which device you're having issues with. https://t.co/GDrqU22YpT,dm_escalation,guided_escalation
56977,56977,56975,"I have an IPhone 7 that’s literally 6 months old...and was great...and then I updated it to the new OS and it’s now saying I have no storage, so literally nothing works
(I realize this is a 1st world problem, and that I’m whining like a baby...but come on!) @115858",@128905 We're happy to assist. Which iOS version are you currently running? Go to Settings &gt; General &gt; About for the version.,troubleshooting,actionable
56977,56976,56979,11.0.3,"@128905 
We'd like to gather some more information for better troubleshooting. Can you DM us the country you are located in? https://t.co/GDrqU22YpT",troubleshooting,guided_escalation
56982,56982,56980,"I don’t like the screen shot update. When I do a screen shot I simply want it saved to my phone, not all this extra editing.","@128906 We'd like to help. You can tap on ""Done"" to immediately save a screenshot without edits: https://t.co/rv9TRgCtbC",link_resource,actionable
56982,56981,56983,That’s still more steps than before. You can’t tap on “Done” until after you open the picture up from the bottom left of the screen either,@128906 We always appreciate hearing feedback from our customers. Feel free to submit your comments here: https://t.co/eTPVYVFyd8,link_resource,actionable
56985,56985,56984,"how do I get my keyboard to STOP auto correcting the letter ""I"" to a symbol. See attached photo.",@128907 We want to look into this with you. DM us and we'll continue there. https://t.co/GDrqU22YpT,dm_escalation,generic_escalation
56989,56989,56987,it has been one hour and didn’t start? What’s the problem,@128908 We're here to help. Let's take this to DM so we can better assist you. https://t.co/GDrqU22YpT,dm_escalation,generic_escalation
56991,56991,56990,@115858 are y’all gone fix this i button? Why is it showing up as a question mark in a box https://t.co/Dm1y4IvVE2,@128909 We'd like to help. Could you Direct Message us and let us know what country you're located in?,troubleshooting,guided_escalation
56994,56993,56992,It's happening not just in iMessage and sometimes appears correct on my phone but not my computer???? HELP,@128910 We'll be happy to look into this. DM us and we'll get started. https://t.co/GDrqU22YpT,dm_escalation,guided_escalation
56997,56997,56995,Fix your server smh always a prob with iOS 11,@128911 Let's look into this together. Is this happening on Wi-Fi and cellular?,information_request,other
56997,56996,56998,Yes full service on both,@128911 Thanks for letting us know. DM us your exact iOS version. We’ll continue working with you there. https://t.co/GDrqU22YpT,dm_escalation,guided_escalation
57000,57000,56999,This stupid IOS 11 update is making my phone super slow... @115858 please get it together 😒🙄,@128912 We want to help. Can you tell us which iOS 11 version you have?,information_request,other
57002,57002,57001,@115858 tf y’all doing about this “I️ “ Issue?!!!!!!,@128913 We're happy to help. Let's take a look at this further for you. Reach out to us in DM. https://t.co/GDrqU22YpT,dm_escalation,guided_escalation
57351,57351,57350,If I go to @115858 and get a replacement phone will it be unlocked and free to use with any carrier?,"@129004 We're glad to help. Replacement iPhones will be unlocked if the original device was purchased as a SIM-free unlocked device. For further information, please DM us and let us know what's going on with your device. We'd love to help in any way we can. https://t.co/GDrqU22YpT",dm_escalation,guided_escalation
57479,57479,57478,@115858 My Cinema Display doesn't work with My macbook touchbar using the correct adaptor. I tried in my office and it works. Any ideas?,@129037 We can definitely look into this with you. Send us a DM and we'll take it from there. https://t.co/GDrqU22YpT,dm_escalation,generic_escalation
57482,57482,57481,can y’all fix the keyboard or what why?,@129038 What's going on with the keyboard? Please send us a DM so we can help you find a resolution. https://t.co/GDrqU22YpT,information_request,guided_escalation
57484,57484,57483,Since  @123765 / @115858 wanna change my I️ to the boxed question mark. Bet ima spell that shit out,@129039 We'd love to assist you. DM us at the link below for further assistance. https://t.co/GDrqU22YpT,dm_escalation,generic_escalation
57486,57486,57485,how come my iPhone still says preparing for shipment even though it’s already been shipped?,@119578 Get in touch with our Apple Online Store team for further assistance. Reach out to them here: https://t.co/RmFSlCBcIE,link_resource,actionable
57488,57488,57487,"Hi, do you have french support ? I want to change my delivery address on an order placed Thanls",@129040 We'd be happy to get you pointed in the right direction. Could you DM us what country you are in? https://t.co/GDrqU22YpT,troubleshooting,guided_escalation
57490,57490,57489,why won’t my safari tabs sync to iPad,@129041 We've received your DM. Be on the lookout for our response there shortly.,dm_escalation,generic_escalation
57492,57492,57491,@115858 fix this nightmare https://t.co/KmHjOQ7h9d,@129042 We can help out. Could you Direct Message us and let us know what iOS version you're on? https://t.co/GDrqU22YpT,information_request,guided_escalation
57494,57494,57493,"@115858 I get you’re pushing new products but my iPhone 7 is two weeks old, quit making it freeze 6 times a day #CutTheCrap",@129043  We want to help.  Send us a DM letting us know if you are updated to iOS 11.1 https://t.co/GDrqU22YpT,troubleshooting,generic_escalation
57497,57497,57495,Apple App Store unreachable over Verizon LTE in NE Oklahoma City right now.,@129044 We're happy to help. Do you get the same error when trying to access our App Store using a Wi-Fi network?,troubleshooting,actionable
57497,57496,57498,Works fine with WiFi which is why I tagged Verizon too.,@129044 Understood. Please move to DM with us and we'll check a few things out on our side. https://t.co/GDrqU22YpT,troubleshooting,generic_escalation
57502,57502,57499,@115858 What’s the problem with this stuff happened on the phone. 👉🏾 I️ can’t type a straight sentence,@129045 We'd like to help get the keyboard working right. Which iPhone model and iOS version do you have?,information_request,other
57502,57501,57504,Same with the 6s. All prior to 11.1. There's always a ? with a box around it within autocomplete. Sometimes it sends the ? sometimes not.,"@129046 We'd be happy to look into this issue with you. Send us a DM, and we'll continue there. https://t.co/GDrqU22YpT",dm_escalation,guided_escalation
57502,57500,57503,"7 Plus, iOS 11",@129045 Thanks for that information. DM us the exact iOS version the iPhone is running. We'll meet you there. https://t.co/GDrqU22YpT,dm_escalation,guided_escalation
57508,57508,57507,I️ I I️ wtf is this @115858,@129048 We can help out. Could you Direct Message us and let us know what iOS version that device is on? https://t.co/GDrqU22YpT,information_request,guided_escalation
57510,57510,57509,@116333 Question for you please. Why are the iPhone battery start to die when you still have 6 months left in your contract to go,@129049 We want to help. DM us more about your battery and we'll work from there. https://t.co/GDrqU22YpT,dm_escalation,generic_escalation
57512,57512,57511,So my iPhone is now F'D thanks @115858 iOS update #ios11update #shocking #nobattery,"@129050 We'd like to help any way we can, but we'll need more details about what's happening to start. Also, which iPhone model is it?",information_request,other
57515,57515,57513,Apps constantly freezing on my 8 Plus today.... anyone else?????,@129051 Let's help to get this resolved! Which iOS version do you have installed on your iPhone currently?,troubleshooting,actionable
57515,57514,57516,11.1,"@129051 Great, thanks! Have you tried to restart your iPhone or check to ensure your apps are up-to-date? If not, try that for us.",troubleshooting,actionable
57515,57517,57518,Restored and all up to date,@129051 Does this happen immediately after you power on your device or when you open a particular app or feature?,information_request,other
57515,57519,57520,And then it actually locks with a blank screen,@129051 Thanks! Go ahead and reach out to us in DM and let us know exactly what steps you took to restore the iPhone. https://t.co/GDrqU22YpT,dm_escalation,guided_escalation
5808,5808,5807,Y’all need to fix this now @115858,@117096 Thank you for reaching out. We've received your DM and will continue working with you there.,dm_escalation,generic_escalation
5812,5812,5811,just updated my 7 plus to 11.1 but I can’t see the new emojis on my watch. Pls help.,@117097 Got it. Have you updated your Apple Watch to 4.1 yet?,troubleshooting,actionable
5812,5810,5809,No,"@117097 Got it. We recommend updating your Watch OS, then testing to see if the issue persists. If the problem continues, reach back out.",troubleshooting,actionable
5816,5816,5815,I <— wtf is going on,@117098 We'd be happy to look into this with you more in detail.  Please reach out to us via DM and we'll get started. https://t.co/GDrqU22YpT,dm_escalation,guided_escalation
5816,5814,5813,ok cool,@117098 Does this issue happen with all applications or only some?  Let us know in DM. https://t.co/GDrqU22YpT,information_request,guided_escalation
58162,58162,58161,hi I need your help on restoring my purchase,@129203 We'll be happy to help! What type of purchases are you looking to restore – in-app or iTunes &amp; App Store purchases?,information_request,other
58164,58164,58163,"Dear if y’all don’t fix my phone from doing this crazy stuff I need a new one. Sincerely , a fed up Apple customer.",@129204 Let’s see what’s going on. Let us know in DM when this started happening. https://t.co/GDrqU22YpT,dm_escalation,guided_escalation
58166,58166,58165,Sick of this I️ problem. Fix it @115858!!,@129205 We've received your DM and will continue workign with you there. Look for a reply from us shortly.,dm_escalation,generic_escalation
58168,58168,58167,@115858 can you make 1 update that doesn’t freeze my phone 5 times a day 😤😡,@129206 We’re here to help. Please DM us the software version you’re using so we can better assist you. https://t.co/GDrqU22YpT,dm_escalation,guided_escalation
58170,58170,58169,Más de una hora esperando después de la última actualización,@129207 We offer support via Twitter in English. Get help in Spanish here: https://t.co/IBIY3vMgPj or join https://t.co/OczyRx7IOs,link_resource,actionable
58174,58174,58173,@115858 updated to 11.1 on iPhone 7 and now it won’t connect to the App Store. Known issue?,@129208 Help is here. We're not reporting any outage at this time: https://t.co/7NVrDovSd8 Any issues connecting to the iTunes Store?,information_request,actionable
58174,58172,58171,App store now appears to be working,@129208 We're glad to hear everything is back to normal. Please reach out to us if there is ever anything else.,other,other
58177,58177,58175,Is App Store down?,@129209 Everything shows green here: https://t.co/7NVrDovSd8 Are you having an issue with the App Store?,information_request,actionable
58177,58176,58178,I couldn’t access App Store neither iPhone nor Mac. But everything restored few mins ago. Thank you.,"@129209 We're happy to hear that. If anything comes up in the future, we're here to help.",acknowledgement,other
58180,58180,58179,when your screen says live chat will be just two minutes and you have been waiting for 7. That.,@129210 We're happy to help via Twitter however we can. Please DM us more about what's going on. https://t.co/GDrqU22YpT,dm_escalation,guided_escalation
58182,58182,58181,Yo I I I I I I I I,"@129211 We're here to help. Send us a DM with your iOS version, and we'll continue there. https://t.co/GDrqU22YpT",dm_escalation,guided_escalation
58185,58185,58183,why is the app store not working smh,"@129212 Great question, let's look into this together. To begin, what country are you located in?",troubleshooting,actionable
58185,58184,58186,u.s.,@129212 Great. System Status is not reporting any App Store issues: https://t.co/7NVrDovSd8 DM us which device you're using. https://t.co/GDrqU22YpT,dm_escalation,guided_escalation
58189,58189,58187,Can’t connect to the App Store with iOS 11.1 on the iPhone 7. Anybody with the same problem?,"@129213 We can help. Has the device been restarted yet? If not, let's do that using these steps: https://t.co/OWRDHWSt4h",troubleshooting,actionable
58189,58188,58190,Yes I restarted it and still having the same problem.,@129213 Have you tried both cell data and Wi-Fi with the App Store?,information_request,other
58189,58191,58192,The App Store randomly restarted working. No idea how and why. Thanks anyways.,@129213 You're welcome.  Feel free to reach out to us if you have any further questions.  Have a wonderful day!,other,other
5819,5819,5817,I can’t change lock screen anymore from ‘wallpaper’ in settings. How do I do it now?,@117099 We'd be happy to help. Check out this link to for more information: https://t.co/hSnkM7JIIS,troubleshooting,actionable
58195,58195,58194,What the hell @115858 .. App Store won’t load after recent update.,@129214 We're happy to help. Which device are you using? DM the answer below. https://t.co/GDrqU22YpT,information_request,guided_escalation
58197,58197,58196,@115858 I️ CANT FUNCTION WITH MY I’s NOT WORKING FIX THIS.,@129215 We can look further into this issue with you. Message us in DM to continue. https://t.co/GDrqU22YpT,dm_escalation,generic_escalation
5821,5821,5820,"Dear this new update sucks ,I have too many problems with my phone now ! Blurry screen , black screen , frozen phone !",@117100 Getting the expected performance from your iPhone is very important to us. Let us know the exact iOS version to get started.,other,other
5823,5823,5822,@115858 creates amazing technology..... but talk to text still messes up 90% of what I will it to type..... #fixyourcrap,@117101 Let’s work together on this. How long has this been happening? Do you experience similar behavior with Siri?,information_request,other
5825,5825,5824,"excuse me, can someone explain to me why when I type an “I” alone I get an A and a question mark???????",@117102 We'll be happy to take a look into it with you. Please send us a DM with what version of iOS you have. https://t.co/GDrqU22YpT,dm_escalation,guided_escalation
58272,58272,58271,I’m having trouble setting up my iCloud Music Library on my iPhone 7+. It’s been saying “temporarily unavailable” all day. Can you help?,@129233 We've got you. Is this still happening after restarting and trying with different Wi-Fi networks? Let's also get your iOS version. That'll help us get started.,troubleshooting,actionable
58272,58269,58267,"My library works fine on the iPhone 7 I use for work, and on my Macbook. I was missing a playlist on my 7+ so I turned the library off and then back on hoping it would re-sync, but now can’t seem to access it at all on the 7+.","@129233 Thanks for those details. Let's try this. It looks like Personal Hotspot and Low Power mode are both on. Try turning off both of these features, restarting and turning on the iCloud Music Library again. Let us know with a DM if that does the trick. https://t.co/GDrqU22YpT",troubleshooting,guided_escalation
58274,58274,58273,"Hey, I just updated my Late 2012 Mac Mini to High Sierra and now my second monitor doesn't work (only a black screen that will show my cursor) need help fixing this ASAP! Thanks in advance.",@129234 We're here to help. We know how convenient it is to have a second monitor. Have you done any steps to try to resolve this issue? Go ahead and DM us and let us know what type of cable you are using to connect both monitors. https://t.co/GDrqU22YpT,troubleshooting,guided_escalation
58276,58276,58275,Love how my $1200 @115858 iPhone X constantly freezes when using apps like YouTube and Apple Music. Wtf,"@129235 We want you to enjoy your new iPhone X. We know how important your iPhone's performance is and we'd like to help. To start, DM us with the exact iOS version and country where you're located. You can find the iOS version by going to Settings &gt; General &gt; About. https://t.co/GDrqU22YpT",troubleshooting,guided_escalation
5829,5829,5827,"Heyyy @115858 still waiting on a version of iOS 11 that isn’t complete shit

— Everyone with any iPhone that isn’t the brand new one","@117103 Thanks for reaching out. If you're having issues, we'd like to assist. DM us and we'll continue there. https://t.co/GDrqU22YpT",dm_escalation,generic_escalation
5833,5833,5832,"sa fait 1h j’ai ios11.1 et mon tel redemarre seul, explication ?????",@117104 We offer support via Twitter in English. Contact us for help in your preferred language here: https://t.co/IBIY3vMgPj,link_resource,actionable
5833,5831,5830,why does my iphone 6 is redémarrer alone !!!!!,@117104 Thanks for getting back to us. We apologize but aren't understanding the issue at hand. Please DM us. https://t.co/GDrqU22YpT,dm_escalation,generic_escalation
5835,5835,5834,You dropped an update and I still see boxed question marks. Fix this shit .,@117105 We're here to help. Which version of iOS is installed on your device? You'll see this in Settings &gt; General &gt; About.,troubleshooting,actionable
5839,5839,5836,Just updated to iOS 11.2 and my keyboard is completely screwed up and glitchy now,@117106 We'd like to assist as best we can. Do you mean iOS 11.1 which was released today?,information_request,other
5839,5837,5840,Yes. Sorry. I just watched a video about 11.2 beta. 11.1 When I type the letter Eye I happens,"@117106 Have you tried resetting the keyboard dictionary yet? If not, go to Settings &gt; General &gt; Reset &gt; Reset Keyboard Library",troubleshooting,actionable
5839,5841,5842,Tried It and It still doesn’t work,@117106 Here’s what you can do to work around the issue until it’s fixed in a future software update: https://t.co/xXaXeeSRt9,troubleshooting,actionable
5845,5845,5843,Updated iPad Pro to 11.1. Worked on draft email. None of changes saved. Started new email. Saved but disappeared. Help please,@117107 We'll help in any way we can. Was this on an https://t.co/coj9FJKJWV email account?,information_request,actionable
5845,5844,5846,"No, virginmedia. Tried twice with completely new mail. One didn’t save, 2nd did though. Very odd.","@117107 Some accounts may create separate folders for your Drafts. If you're still having trouble, please DM us here: https://t.co/GDrqU22YpT",dm_escalation,generic_escalation
5849,5849,5847,I updated to iOS 11 and my iPhone 6 stopped connecting to wi-fi. Already restored the phone and the network connections,"@117108 We are here to help. So we can best isolate the cause, could you verify your exact iOS version? https://t.co/ZTw54HL4Rm",information_request,actionable
5849,5848,5850,11.0.3,"@117108 Got it. From here, let's update to iOS version 11.1, then test to see if the issue persists: https://t.co/80YRnjDFDk",troubleshooting,actionable
5853,5853,5852,why is my “it “ autocorrecting to I.T?? So annoying! Can’t change in settings either...,@117109 We'd love to help. Let's work together in DM. https://t.co/GDrqU22YpT,dm_escalation,generic_escalation
58787,58787,58786,@115858 ummmmm why is my phone suddenly running out of charge so quickly ....,@129382 We want to help. Join us in DM and tell us your iOS version. https://t.co/GDrqU22YpT,dm_escalation,guided_escalation
58789,58789,58788,@115858 you gave us this new iOS but now every time we write “I️” we get the letter A with a question mark?????? Wtf is this shit,@129383 We can definitely look into this with you. Which device are you using? DM us and let us know. https://t.co/GDrqU22YpT,information_request,guided_escalation
58791,58791,58790,Hey @115858 if you could figure out why my phone’s capital “I️” isn’t working thatd be great.,"@129384 We're happy to help. To start, please DM us with the country where you're currently located. https://t.co/GDrqU22YpT",troubleshooting,guided_escalation
58794,58793,58792,@115858 ^^^^^ My point exactly,"@129385 Let's look into this together. DM us the device you're experiencing this on, and we'll get started. https://t.co/GDrqU22YpT",dm_escalation,guided_escalation
58798,58798,58795,I order my phone at 3:01 27th get a confirmation from Best Buy I’m getting my phone on 11/3 now they said that’s not true!,@129386 We know you must be eager to receive your order. We'd suggest contacting BestBuy directly for help with tracking this order.,other,other
58801,58801,58799,I hope this new update fixes the fact that when I type “i” it comes up as a damn question mark!,@129387 Let's see how we can help. What is the current iOS version you see when navigating to Settings &gt; General &gt; About?,troubleshooting,actionable
58801,58800,58802,11.0.3,@129387 Go ahead update to iOS 11.1: https://t.co/80YRnjDFDk Then send us a DM and let us know how it does. Include the country you're in. https://t.co/GDrqU22YpT,troubleshooting,guided_escalation
58805,58805,58803,"@115858 I’m loosing faith in you, quickly. Each update is worse than the previous #iOS11 #bugs https://t.co/AiBYg6nd7n","@129388 We'd like to look into this with you. To confirm, did you update to iOS 11.1? Please DM us here: https://t.co/GDrqU22YpT",troubleshooting,guided_escalation
58805,58804,58806,"I’m getting this I to A? thing too, running 11.1",@129389 We'd like to offer you some guidance. Send us a DM to discuss this issue further. https://t.co/GDrqU22YpT,dm_escalation,generic_escalation
58808,58808,58807,"This. Is. Not. Normal. (Been like this since 11.0. On 11.1 now.) Known issue? iPhone 7, BTW.",@129390 Thanks for reaching out to us about your battery. Does this also occur when you're not on VPN? Please DM us. https://t.co/GDrqU22YpT,information_request,guided_escalation
58815,58811,58809,"Haha so am I, I even reset my keyboard and my phone... help","@129391 We can definitely partner with you to get this resolved. To begin, tell us which device you’re noticing this on.",other,other
58815,58810,58812,"iPhone 7 jet black, max storage",@129391 What version of iOS are you currently using?  Let us know in DM. https://t.co/GDrqU22YpT,information_request,guided_escalation
58818,58818,58816,@115858 WHY TF MY I’s KEEP TURNING INTO OTHER STUFF? FIX THAT!,@129393 We'd like to help with your I's! Which version of iOS are you using? You can check in Settings &gt; General &gt; About &gt; Version.,troubleshooting,actionable
58818,58817,58819,11.0.03!,"@129393 We recently released an update. Please back up and update. Once complete, test &amp; report back. https://t.co/ahjigcvFRG",troubleshooting,actionable
58818,58821,58822,I’m all up to date and my I’s are still turning into random characters. What’s up?,"@129393 Thanks for following up with us. We have a workaround for this: https://t.co/xXaXeeSRt9 If you’re still having issues, DM us: https://t.co/GDrqU22YpT",dm_escalation,generic_escalation
58818,58823,58824,"DM'ing, now!",@129393 Hello there. We've received your DM. Please watch for our response shortly.,dm_escalation,generic_escalation
58826,58826,58825,why can’t I say I when I text.,@129394 We've received your DM as well. We're on our way there to begin assisting. Please await our response. https://t.co/GDrqU22YpT,dm_escalation,generic_escalation
58830,58829,58828,yes. i have finished the recovery process but i can't access either of the devices i was logged into beforehand to get the verification code,@125610 Please reach out to us via DM and we can go from there. https://t.co/GDrqU22YpT,dm_escalation,generic_escalation
58832,58832,58831,Did @115858 remove #voicemail transcription in iOS 11? It was so useful. I can't seem to get it to appear again. Anyone know how to fix it?,@129395 We’re here to help. Please DM us the software version you’re using so we can better assist you. https://t.co/GDrqU22YpT,dm_escalation,guided_escalation
58838,58835,58833,ANSWER MEEEEE IM FED UP LOL,@129396 Thanks for tagging us so we can see the issue you are having. We'd love to help! Which device and iOS version are you using?,information_request,other
58838,58836,58837,Yea,@129396 Send us a DM &amp; we'll continue there. https://t.co/GDrqU22YpT,dm_escalation,generic_escalation
58840,58840,58839,@115858 my phone restarted . What’s the problem ?,@129398 We’d like to see what’s going on. Has this happened before? Did you make any recent changes to the device?,information_request,other
58842,58842,58841,Still no shipping confirmation from on my phone yet,@129399 We'd like to help any way we can over Twitter. Please DM us the country you're within here: https://t.co/GDrqU22YpT,troubleshooting,guided_escalation
58845,58845,58844,most recent iPhone update switches WiFi & Bluetooth on automatically. V.annoying! Is there a way to stop this? ItAteMyBattery,@129400 This may be expected behavior. Check out this support page about how to use Control Center in iOS 11: https://t.co/G7BHuQnDS6,troubleshooting,actionable
58848,58848,58846,Over the last few days the App Store has struggled to load on a few occasions. iPhone 7. IOS 11.1,@129401 Thank you for reaching out to us. Are you also experiencing this when you're connected to Wi-Fi?,information_request,other
58848,58847,58849,"4G. In fact, my internet connection was used to create this tweet at the time so I have to assume the network was not the cause.",@129401 Please try the steps here and let us know the result: https://t.co/1SrHVMz478,troubleshooting,actionable
58848,58851,58852,Network connection Latest software AppStore setting Date and time sync,@129401 OK. Let us know in DM if this continues after restarting your iPhone: https://t.co/GDrqU22YpT,troubleshooting,guided_escalation
58855,58855,58853,"Installed iOS 11.0.3 at prompt last Fri. Since then battery life is drained, apps won’t load: and you knew this would happen",@129402 We want you to be able to use you apps and rely on the battery. Let's work on this. What happens when you try to load an app?,troubleshooting,actionable
58855,58854,58856,it whirrs around slowly. Facebook won't load,@129402 iOS 11.1 is now available. Let's update and see if the issue persists.  https://t.co/80YRnjDFDk Let us know the results in DM. https://t.co/GDrqU22YpT,troubleshooting,guided_escalation
58855,58857,58858,"Uh, hello? You’ve already buggered up my system with one upgrade, so the solution is to further upgrade? WHY was I offered 11.0.3 last week?","@129402 When Apple releases an update, it often resolves several issues. Let us know if you're still having issues after updating.",troubleshooting,actionable
59227,59227,59226,"This is getting worse - WTF?! You expect a phone for over £500 to work and since your update the screen doesn't work, it keeps jumping all over the place and my battery dies within 3 hours iOS 11 is crap Im serious thinking of chucking this and buying an android ph.",@129497 That's not the type of experience that we want you to go through. Please DM us which exact iOS version your device is currently running and we'll go from there. You can locate the version under Settings &gt; General &gt; About. https://t.co/GDrqU22YpT,troubleshooting,guided_escalation
59230,59230,59229,"This happened to me once before, and decided to record it when it happened again. MacBook Air 13' Early 2015",@129498 Thanks for the video. This is very helpful. We want you to be able to use your menu items. Let's see what we can do to get you a resolution. Does restarting your Mac help? What MacOS are you running? Let us know in DM. https://t.co/GDrqU22YpT,troubleshooting,guided_escalation
59232,59232,59231,"Hi. I’ve had my iPhone X for less than 3 weeks and it’s been lagging and taking a while to respond to everything, especially typing, ever since I downloaded iOS 11.1.2. Is there anything I can do to fix it?","@129499 Thanks for reaching out to us for support. That is certainly not the experience that we want you to have with your iPhone X, and we are going to do everything we can to help you. When you have a free moment, please DM us so that we can look into this together. https://t.co/GDrqU22YpT",dm_escalation,guided_escalation
59591,59591,59590,My home button won’t go home but I can still double click to close out apps. HELP,@129592 What exactly happens when you single tap the Home button? Let us know in DM; we'd be happy to help! https://t.co/GDrqU22YpT,information_request,guided_escalation
59594,59594,59592,Any idea why I didn’t get my October badge? Normally it’s right away.,@129593 Thanks for reaching out.  Awards can take up to 9 days to show up.  Here is more information:  https://t.co/xwf6lrIgzJ,link_resource,actionable
59594,59593,59595,Thank you!,@129593 You are very welcome.,other,other
59597,59597,59596,What does this mean Has anyone had this come up before ?? Apple iphone ismyphonegoingtoexplode,@129594 We're here to help. Send us a DM and we can look into this for you. https://t.co/GDrqU22YpT,dm_escalation,generic_escalation
59599,59599,59598,my mac is stuck on mute.. please help me,@129595 We want to help. What type of Mac computer do you have? Have you tried re-starting?,information_request,other
59601,59601,59600,I think you guys need to fix this ASAP. Everytime I tweet or text I it shows up as the images below.,@129596 We'd like to take a closer look into this with you. Send us a DM and we can start there. https://t.co/GDrqU22YpT,dm_escalation,generic_escalation
59606,59606,59605,"Uhhhh , this you? why is it saying my Apple ID will be disabled?","@129598 This isn't us, and we'd love to see it. You can forward it to the address in this article: https://t.co/LNMCdqt6fD",link_resource,actionable
59608,59608,59607,Okay this is day 3 of my phone messing up. Come on,@129599 We're happy to help. What issue are you experiencing with your iPhone?,information_request,other
59610,59610,59609,What’s going on with the keyboard?! IGate,"@129600 Let's look into this for you. Send us a DM with your current iOS version to get started, https://t.co/GDrqU22YpT",dm_escalation,guided_escalation
60280,60280,60279,WHY CANT I️ TUPE THE LETTER I️ @115858  I️ UPDATED MY PHONE.,@129780 DM us using the link below. We'll work together from there. https://t.co/GDrqU22YpT,dm_escalation,generic_escalation
60282,60282,60281,"@116333 I’m beyond pissed at ios. Erases SENT TXS. Just erased 3/4 of LONG tx sent 2 my wife. Perfectly communicated, really tough, difficult subject. iPhone deleted it. Not ok. First time I’ve been so angry at Apple I’ve considered leaving. Customer since 1st gen. Eff iOS.",@129781 We'd like to check that out with you and see what we can do to help. Send us a DM letting us know which iOS you have to start. https://t.co/GDrqU22YpT,troubleshooting,guided_escalation
60286,60284,60283,"@129783 I️ think it has to do with the update, guess we gotta wait for @115858 to fix this glitch! Until then don’t use the letter “i” 😂😂😂😂",@129782 We're here for you. Please DM us the version of iOS you're using and we can go from there. https://t.co/GDrqU22YpT,dm_escalation,guided_escalation
60288,60288,60287,Hey why is it that every time I use the letter I it looks there’s a box like this “ I “?,@129784 Let's look into this keyboard issue for you. Send us a DM with your current iOS version to get started. https://t.co/GDrqU22YpT,dm_escalation,guided_escalation
60290,60290,60289,@115858 or @917 can you fix your either your update or app cause my snapchat keep randomly freezing and it’s super annoying.,@129785 We're here to help. Let's take this to DM so we can better assist you. https://t.co/GDrqU22YpT,dm_escalation,generic_escalation
60293,60293,60291,. tenés ganas de devolverme la batería que tenía antes de actualizar mi celular? LaCagaste ActualizameEsta,@129786 We offer support via Twitter in English. Get help in Spanish here: https://t.co/IBIY3vMgPj or join https://t.co/OczyRx7IOs,link_resource,actionable
60296,60296,60294,my phone screen doesn’t time out and auto lock how it’s supposed to. I’m pretty sure all my settings are right,@129787 Thanks for reaching out. We can definitely look into this with you. Do you have the same results if you change the amount of time?,information_request,other
60296,60295,60297,Yes and my friend has the same problem. Even if put in low power mode (where the option to extend timeout time is gone) . Still doesn’t work,@129787 Thank you for that information. May we ask which iOS version you're current using?,information_request,other
60296,60298,60299,11.0.3,@129787 Good to know. We do have a more recent update available. Let's have you backup and update your iPhone next: https://t.co/80YRnjDFDk,troubleshooting,actionable
60301,60301,60300,"Dear @115858 , I’m tired of not being to press send on my quick replies because the keyboard covers it! #IOS11 #PleaseFixIt https://t.co/T2NfcZIPNj",@129788 We're here to help. Let's take this to DM so we can better assist you. https://t.co/GDrqU22YpT,dm_escalation,generic_escalation
60303,60303,60302,need help with Storage issues on my 6s. I’ve deleted pretty much everything and it’s still full with ‘other’,@129789 We can help with this. Send us a DM and let us know the country you're in. https://t.co/GDrqU22YpT,troubleshooting,guided_escalation
60306,60306,60304,help what does this mean,"@129790 We're here to help. Just to confirm, are you seeing this from your iTunes Library?",information_request,other
60306,60305,60307,yes this was when i looked on my music on my phone bc the album won’t go on it even tho i have a lot of space,@129790 Thank you for that description. Check out this article regarding managing content on your iPhone: https://t.co/MaEpwkTXRn https://t.co/GDrqU22YpT,troubleshooting,actionable
60309,60309,60308,I updated my phone and this shit still not working !,@123990 DM the country or region where you are located to continue. https://t.co/GDrqU22YpT,troubleshooting,guided_escalation
60313,60313,60312,Hey Is the down?,@121480 It looks like it is currently available: https://t.co/7NVrDovSd8 Are you having issues accessing it? DM us if so. https://t.co/GDrqU22YpT,information_request,guided_escalation
60313,60311,60310,Working now,@121480 Awesome! Let us know if you need help in the future.,other,other
60317,60317,60315,why does my lock screen when playing music freeze and not let me skip or go back or anything?,@129791 We can help! Which version of iOS are you currently running? You can check in Settings &gt; General &gt; About &gt; Version,troubleshooting,actionable
60317,60316,60318,11.0.3,@129791 Thanks! We'd like to look into this with you and get things back on track. Send us a DM to get started. https://t.co/GDrqU22YpT,dm_escalation,generic_escalation
60322,60322,60321,Just updated my phone now my shit tweaking smh,@129792 We want your iPhone to work for you. DM us details about what exactly is happening and we'll continue with you there. https://t.co/GDrqU22YpT,dm_escalation,guided_escalation
60322,60320,60319,I updated my iPhone 6s to iOS 11.1 & now my messages are taking forever to send & say delivered in or out of WiFi,@129792 Thanks for those details. Restart your iPhone and DM us if the issue continues after that. https://t.co/GDrqU22YpT,troubleshooting,guided_escalation
60325,60325,60324,what’s wrong with the letter “I” on fb twitter and group me. Eye have to type eye. Help us,@129793 We want to help. Join us in DM. Let us know your iOS version. https://t.co/GDrqU22YpT,dm_escalation,guided_escalation
60328,60328,60326,Wassup with the letter i on our keyboards yo,@129795 We're here to help. Which iOS version is your device currently running? You can check this under Settings &gt; General &gt; About.,troubleshooting,actionable
60328,60327,60329,11.0.3,@129795 Thanks. Please send us a DM and we'll continue this conversation there. https://t.co/GDrqU22YpT,dm_escalation,generic_escalation
60331,60331,60330,something is using my MBP webcam right now and I have no idea what. WTF do I do to see what’s using it & turn it off?!,@129796 We'd be happy to help. Are there any apps open in your Dock? Apps like PhotoBooth or FaceTime may be causing this.,information_request,other
60334,60334,60332,this new iOS update doesn’t send whatsapp notifications when my phone is locked. FIX THIS PLEASE,"@129797 We'd like to look at this with you. Are you receiving other notifications? If you are, try updating WhatsApp and check again.",troubleshooting,actionable
60334,60333,60335,I think it’s fixed...thank you,"@129797 You’re welcome! If you have any other issues, let us know. We’re available every day from 5 a.m. to 8 p.m. Pacific time.",other,other
61058,61058,61057,"need help making a boot USB to reinstall my OS, only have access to a windows pc and an old mac and no cd, any tips",@129973 Thanks for reaching out.  This article explains how to create a bootable installer for Mac OS:  https://t.co/jJIPcFiw2j https://t.co/GDrqU22YpT,troubleshooting,actionable
61058,61056,61055,I cannot access any os beyond lion v 10.7.5 that my old macbook 2007 has. My new macbook wont start. So not helpful,@129973 Let's take a closer look. Please reach back out to us via DM and we can go from there. https://t.co/GDrqU22YpT,dm_escalation,generic_escalation
61060,61060,61059,@115858 where tf is the update that fixes the glitches from the last update because I’m tired of not being able to use the letter “I️”,@129974 We're here for you. Which version of the iOS do you have currently? Check from Settings &gt; General &gt; About.,troubleshooting,actionable
61062,61062,61061,Hey @115858 your software update version 11.0.3 sucks. The update to the podcast and music apps suck. There’s all sorts of lag and randomness,@129975 We'd be happy to help. We've recently released iOS 11.1. Make sure you have a backup before updating.,troubleshooting,actionable
61064,61064,61063,@115858 I haven’t been able to play music through my aux since the new update 🙃,@129976 Let's look into this for you. Send us a DM with your current iOS version to get started. https://t.co/GDrqU22YpT,dm_escalation,guided_escalation
61066,61066,61065,can you tell me why it keeps coming up my storage is nearly full no matter HOW MUCH or WHAT I delete?,@129977 We're here to help. Let's take this to DM so we can better assist you. https://t.co/GDrqU22YpT,dm_escalation,generic_escalation
61068,61068,61067,Have to assume this is a bug in the latest iOS update. The letter “I” keeps replacing to A [?]. Is there a fix coming?,@129978 DM us using the link below. We'll look into this with you from there. https://t.co/GDrqU22YpT,dm_escalation,generic_escalation
61071,61071,61070,"What dafugg is wrong with my phone, Everytime i️ type the letter “I️” 😡..
@115858",@129979 Thanks for reaching out. DM which iPhone and specific iOS version you are using to get started. https://t.co/GDrqU22YpT,dm_escalation,guided_escalation
61074,61074,61072,no shipping confirmation on my X. Hoping it’s not an issue I should be conflcerned with,@129980 Were you able to take a look at your order through the link we previously sent?,information_request,other
61074,61073,61075,It still says preparing for shipment :/,"@129980 OK, great. Have you checked other email folders? If so, please contact our Sales Support Team here: https://t.co/8yjRd1Xo0i",troubleshooting,actionable
61078,61078,61076,check your DMs!,@129981 Thanks for reaching out to us here. Let us know where you are located so we can point you in the right direction.,acknowledgement,other
61082,61081,61079,@116333 I paid $849.00 for an iPhone 6s Plus and I can't even get phone reception.  I hate your company.  Rip offs.,@129982 We'd like to help with your reception. DM us here to continue: https://t.co/GDrqU22YpT,dm_escalation,generic_escalation
61088,61088,61087,i lost all music on apple music and I can’t get it back.,@129983 We're happy to look into this with you. DM us the device you're experiencing this on to get started. https://t.co/GDrqU22YpT,dm_escalation,guided_escalation
61090,61090,61089,"All my photos keep being removed from my phone, after connecting it to my laptop they all get restored but it keeps happening?",@129984 We're here to help. Let's take this to DM so we can better assist you. https://t.co/GDrqU22YpT,dm_escalation,generic_escalation
61094,61094,61091,@115858 why do these question marks keep coming up?I️ thought that was some Android shit 🤔,@129985 We can help. Tell us which device and software version you're using. We'll take it from there.,acknowledgement,other
61094,61092,61095,11.0.2,@129985 We’re here to help. Let us know via DM if this happens after going to Settings &gt; Keyboards &gt; Predictive and turn it off. https://t.co/GDrqU22YpT,troubleshooting,guided_escalation
61297,61297,61296,my shit not updating,@130034 We want to help. What device is having issues updating? What is the currently installed operating system?,troubleshooting,actionable
61297,61295,61294,iOS 10.,@130034 Thanks for those details. Do you receive an error when trying to update? Are you trying to update wirelessly or through iTunes on a computer?,troubleshooting,actionable
61297,61293,61291,"I've tried to update on my computer it stated that I can't do because of some error, it takes about 2 hours. No matter how times I try I see an error message",@130034 We would love to assist you and get your device updated. Join us in DM and we'll look into this issue further: https://t.co/GDrqU22YpT,troubleshooting,guided_escalation
61302,61302,61299,whenever I save an image with a transparent background it doesn’t stay transparent? It makes a white background itself.,@130035 We're here for you. What device are you using?,information_request,other
61302,61301,61303,It seems as it’s been fixed now that I’ve updated to iOS 11.1.2,@130035 Excellent! Let us know if you need anything further. Have a great rest of your day.,other,other
61302,61304,61305,"And as soon as I say that, it happened again",@130035 Can you tell us in what app this is occurring?,information_request,other
61302,61306,61307,"I’m doing the images on my laptop and transferring them to my phone, this was never an issue before, only started happening today","@130035 Just so we understand, you're moving transparent PNGs to your iPhone via AirDrop or iTunes sync, and they're reconverting to something more akin to JPG with no transparency?",information_request,other
61302,61308,61309,Via email,"@130035 Can you clarify what you mean when you say the photos ""get a white background after 5 seconds?"" What is occurring before then? Please DM us and let us know. https://t.co/GDrqU22YpT",information_request,guided_escalation
61302,61310,61311,"It’s transparent like I want it, but after a while the background of the image goes white, im trying to use the image to print onto a hoodie but it’s impossible when it has a white background.",@130035 We want to help you look into what is going on. Send us a DM and we'll go from there. https://t.co/GDrqU22YpT,dm_escalation,guided_escalation
61314,61314,61312,My phone is showing me empty lock screen all the time and when I force reboot I’m getting last weeks message notifications and couple hours later same bs all over again! tell me what to do I don’t wanna wait for next update this bug is so irritating,"@130036 We'd like some details to help. Which iPhone model and iOS does this occur on? Also, does the issue with your notifications occur on Wi-Fi, cellular or both? Let us know and we'll continue.",information_request,other
61314,61313,61315,iOS 11.1.2 on X. Notification issue happens on both Wi-Fi and cellular.,"@130036 Perfect, thanks. As you're up to date we'd like some additional details to assist. DM us using the link below and we'll continue. https://t.co/GDrqU22YpT",dm_escalation,guided_escalation
61319,61319,61317,my ipad pro is stuck on loading.... not opening app store ... how to fix?,@130037 We want to help you out. Let's start by following the steps in this link: https://t.co/1SrHVMz478 Let us know if you still encounter issues after that.,link_resource,actionable
61319,61318,61320,No it didn’t help... still not opening,@130037 Send us a DM and we'll continue to help you look into what's going on. https://t.co/GDrqU22YpT,dm_escalation,guided_escalation
61323,61323,61321,I accidentally bought something is there anyway I can get a refund,@130038 We're happy to help. Take a look here: https://t.co/A5QhKRZhQQ,link_resource,actionable
61323,61322,61324,????,@130038 Thanks for the photo. Let's get you pointed in the right direction. Our iTunes Team can help you further here: https://t.co/SDIe7UiyJN,link_resource,actionable
61330,61330,61329,"I swear @115858, this charger is broken in an undetectable way.",@130039 We're happy to help. What happens when you try to use your charger? Let us know to continue.,troubleshooting,actionable
61330,61327,61325,"It refuses to recognize the charger is in the phone unless I push it in hard, and then when I let it go, it pretends like it got jarred loose out of the port.",@130039 Have you checked for any debris in your charging port? Is there another charger that you can use with your iPhone to see if the issue persists?,troubleshooting,actionable
61330,61326,61328,No there's not. I'm just saying. It takes almost 20 minutes to get this phone onto a charger. Even more.,@130039 Is this the original charger that came with your iPhone? Let us know in DM. https://t.co/GDrqU22YpT,information_request,guided_escalation
61332,61332,61331,"This dialogue has started appearing every time I unlock my device, even though I've completed the share. (It offers to share the same WiFi password each time.) I upgraded some days ago to iOS 11.1.2. I can't even find where to turn this feature off.",@21723 We're happy to look into this with you today. Wi-Fi password sharing is a built-in function of iOS 11. Does this persist through a restart of your device?,troubleshooting,actionable
61334,61334,61333,My phone exploded all over my hand,"@130040 This isn’t expected behavior, we’ll work through this together. DM us and let us know what model iPhone you're using. https://t.co/GDrqU22YpT",dm_escalation,guided_escalation
61336,61336,61335,could you please tell me how do I reserve an iPhone X at 6am in the morning online? As I went into 2 branches in Manchester and was told to reserve one from online. Thank you,@130041 We're here for you. You'll want to reach out to our Online Sales Support team here: https://t.co/8yjRd1Xo0i,link_resource,actionable
61338,61338,61337,@115858 your location services don't work in Las Vegas.. that's a fat L,@130042 Help is here! Are you experiencing issues with Maps or just your location services? What iOS version is currently installed on your device?,troubleshooting,actionable
61340,61340,61339,"@115858 Your recent update made everything touch wise unworkable, or unusable. You need new people.","@130043 If we're understanding, the touchscreen on your iOS device is not recognizing touch. Is that right? Please DM us, we'd like to get things working as needed again. https://t.co/GDrqU22YpT",information_request,guided_escalation
61342,61342,61341,just got the iPhone 10 where game central app gone cart seem 2 find it?,@130044 Congrats on your new iPhone X! We'd like to help with any questions you might help. Let us know in DM if you see Game Center as an option in the Settings app. https://t.co/GDrqU22YpT,troubleshooting,guided_escalation
61344,61344,61343,"I am trying to install a free app, and it keeps asking me for billing information, and it keeps declining my billion information. I need help",@130045 Our iTunes Store team would be happy to take a look into this with you. You can reach out to them here https://t.co/SDIe7UiyJN,link_resource,actionable
61348,61347,61345,"Yeah But Half My Apps Disapear &Or Don’t Show (Since IOS11),Even Right After I Downloaded Them,It’s Random,But App Store Randomly Seems To Hide/Show Purchases",@130046 We'd like to gather some more information for better troubleshooting. Can you DM us the country you are located in?,troubleshooting,guided_escalation
61348,61350,117935,Why is the Apple Store down?,@142154 Hello! Are you trying to access the Online Apple Store?,troubleshooting,actionable
61348,117936,117937,This is the message,@142154 We'd like to discuss this further in DM. Use the link below to join us and let us know the country you're located in. We can go from there. https://t.co/GDrqU22YpT,troubleshooting,guided_escalation
61348,61366,121535,Apple pls update or make something sow when you scroll down on instagram or Twitter it doesn’t lag,"@143057 Let's look into this behavior together. To get started, which device are you using?",information_request,other
61348,121534,121532,“Phone”,"@143057 if you haven't yet, the best way to get optimum performance is to create a current backup, then update to the latest version of iOS, 11.1.2. This article will guide you through the process of backing up to either iCloud or iTunes: https://t.co/4f8hwT5to6.",troubleshooting,actionable
61348,61365,124438,Just upgraded from 6 to iPhone7; but Bluetooth connectivity is a major issue with iOS11. bt device automatically disconnects. Any help?,"@143871 Congratulations on the new iPhone 7! We want to be sure you can use your Bluetooth connection as you'd expect to. 
Let us know if the steps outlined here help you: https://t.co/JMbUWgME3J",link_resource,actionable
61348,124437,124436,Thanks 4 link. Same BT device was smoothly working with iPhone6 with iOS 10. Issue for auto disconnecting only with iPhone7. Using Jabra Boost as bt device.,@143871 Please send us a DM with your iOS version and we will go from there. https://t.co/GDrqU22YpT,dm_escalation,guided_escalation
61401,61401,61400,"@115858, it's been like this for the past hour. Why won't it just connect to the wifi? https://t.co/0h5pzdaZaZ",@130047 We'd like to help get connected to Wi-Fi. DM us what iOS version you're on. https://t.co/GDrqU22YpT,dm_escalation,guided_escalation
61403,61403,61402,does apple care cover stolen iPhone?,@130048  Apple Care does not cover stolen devices. Here's more information. https://t.co/Ds0oKsCgkE,link_resource,actionable
61409,61409,61408,"My iPhone is acting up!! What the fuck? I paid $700 last year for this phone, now it's glitching and being slow? @115858 fix this",@130049 We know how important it is to have your device working as expected. Let's look into this together. Can you confirm the iOS version that is installed? This can be located in Settings &gt; General &gt; About &gt; Version.,troubleshooting,actionable
61409,61407,61406,10.2.1,"@130049 Thanks! For the best performance and process handling, we'd recommend you update to the latest iOS version available after creating a backup. Our guide will walk you through this process: https://t.co/80YRnjDFDk

Let us know if this resolves your concern.",troubleshooting,actionable
61409,61405,61404,I have updated to the latest version and now my phone is slower than ever!! What in the fuck??? Either give me my 700$ back or fix my phone. I want it to be as fast as it was the day I purchased it. And no memory is not full cause it’s the 64gb! Fix this,@130049 Let's check this out together. Follow us to DM and we'll take a closer look. https://t.co/GDrqU22YpT,troubleshooting,generic_escalation
62205,62205,62202,"New iphone update; none of my charging cables work. I'm at school &amp; phone is about to die. Hey @115858, @122609 is looking like my next move",@130246 Let's get your iPhone charging again. Which model is it and does it have iOS 11.1 installed? Any steps tried?,troubleshooting,actionable
62205,62203,62206,Its an iphone 7 running IOS 11.1. I have tried the hard reset.,@130246 Got it. Do you get an error messages when you try to use your charger on your phone? Let us know in DM. https://t.co/GDrqU22YpT,troubleshooting,guided_escalation
62209,62208,62207,@AppleSupport,@130247 Let's look into this for you. Send us a DM with your current iOS version to get started. https://t.co/GDrqU22YpT,dm_escalation,guided_escalation
62213,62213,62210,I’ve downloaded the new iPhone update and my battery lasts half as long. What’s going on?!?,@130248 We completely understand wanting to have good battery life. How long is the battery lasting on a full charge after the update?,troubleshooting,actionable
62213,62212,62214,30% less than before the update. I was totally happy with the battery before this.,@130248 Apologies for the confusion. We meant how long in hours would it last on a full charge.,other,other
62213,62215,62216,7 hours now it lasts for 4 ish,"@130248 Check out these great tips on maintaining battery health, and DM us if you have any questions: https://t.co/bivpdfBNJ6 https://t.co/GDrqU22YpT",troubleshooting,generic_escalation
62221,62221,62219,Updated my phone &amp; my I️s are still showing as squares...what’s good @115858,"@130249 Let's help get this sorted and the keyboard working. To start, are you currently running iOS 11.1?",information_request,other
62221,62220,62222,Yes,"@130249 OK, thanks. So that we can explore the best options for your region, DM us the country you’re messaging us from. https://t.co/GDrqU22YpT",troubleshooting,guided_escalation
62225,62225,62223,"Hey @115858 why can’t I see my photos in my albums? They won’t load, And yes I’ve updated my phone twice in the last 24hrs actually..",@130250 Thank you for reaching out to us about this. We want you to be able to view your photos. When did this issue begin?,information_request,other
62225,62224,62226,"When the Sept update ever since then there’s an exclamation point in a circle in most pictures I’m at 11.1 now, updated last night as well","@130250 Thanks for letting us know. For more help with this, you'll want to contact our Photos experts here: https://t.co/IBIY3vMgPj",link_resource,actionable
62229,62229,62227,two of my friends are using the iphone 6s and 7 which have just updated. Their phone's are now freezing on multiple apps help!,"@130251 We'd like to work with you. Just to verify, this is not your iPhone, but your friends' iPhone's, right?",information_request,other
62229,62228,62230,"Yes, I'm with them now","@130251 Let's take this to DM, and we can talk more details once there. Thank you in advance! https://t.co/GDrqU22YpT",dm_escalation,guided_escalation
62232,62232,62231,"@115858 you did it again and hit me in the night with an update and I lost my numbers again. Yes, turned phone on/off a bunch. Killing me 🍎",@130252 Let's help get this resolved. Please reach out to us via DM and we can go from there. https://t.co/GDrqU22YpT,dm_escalation,generic_escalation
62235,62235,62233,Why does my iPhone keep randomly vibrating? FirstWorldProblems,@130253 Thank you for reaching out. May we ask which iPhone you're currently using?,information_request,other
62235,62234,62236,iPhone 6. Has recently started vibrating randomly.,"@130253 What's the iOS version being used? Meet us in a DM, we'll have the room there to look into this a bit closer. https://t.co/GDrqU2kzhr",information_request,guided_escalation
62239,62239,62237,Why does my phone vibrate for no reason since I’ve updated it ??,@130254 We'd like to look into this with you. May we ask what type of iPhone you have?,information_request,other
62239,62238,62240,iPhone 7,"@130254 Alright, just to confirm, what iOS version are you currently on?  Do you have any missed notifications after this occurs?",information_request,other
62239,62241,62242,No I don’t & I have the latest update,@130254 Go ahead and send us a DM. Let us know the country you're in. We'll do our best to help. https://t.co/GDrqU22YpT,troubleshooting,guided_escalation
62246,62246,62244,hi. I have an iPhone 8 plus and my screen isn’t turning off automatically. What is going on? My auto lock is 1 min,@130255 Let's take a look at this together. May we ask which iOS version you're currently using on your iPhone?,information_request,other
62246,62245,62247,Thanks for the speedy reply. I’m currently using iOS 11.1,"@130255 Thanks! Let's continue in DM, please. https://t.co/GDrqU22YpT",dm_escalation,generic_escalation
62250,62250,62248,"Hey @115858 the new iOS update is garbage and my phone keeps restarting itself. Get your shit together, Carol.",@130256 We'd be happy to look into this with you.  Please reach out to us via DM and we'll get started. https://t.co/GDrqU22YpT,dm_escalation,guided_escalation
62250,62249,62251,Would like to also report that after the new update my phone keeps freezing....,@130257 We can look into that with you. Send us a message us in DM to get started. https://t.co/GDrqU22YpT,dm_escalation,generic_escalation
62254,62254,62252,Why am I seeing boxed up question marks? And I updated my phone ! @115858 wth is going on 🙄😡,"@130258 Let's help. To make sure we're on the same page, are you running iOS 11.1?",information_request,other
62254,62253,62255,Yes,@130258 OK. Let's take this conversation to DM.  Which country are you located in? https://t.co/GDrqU22YpT,troubleshooting,guided_escalation
62257,62257,62256,Why my iMessage & FaceTime keep saying is waiting fo activation help me out,"@130259 We'd love to help get those features working for you. Which device are you using, and what's the software version it's running?",information_request,other
62259,62259,62258,my phone is frozen and IM GETTING PISSED,@130260 We want to help with this. Which iOS version are you using? Did this happen while using a particular app?,information_request,other
62264,62261,62260,can you help or nah?,"@130261 We want to help you. DM us, and let us know what's going on. We'll look into this. https://t.co/GDrqU22YpT",dm_escalation,guided_escalation
62266,62266,62265,any way to check the overall battery health of my iphone?,@130262 We would be glad to take a look at this for you. Reach out to us in DM. https://t.co/GDrqU22YpT,dm_escalation,generic_escalation
62271,62271,62270,Why is my phone doing this!!! I need answers!!!!,@130263 We're here for you and want to help. DM us with what type of iPhone you're using and your current iOS version. https://t.co/GDrqU22YpT,dm_escalation,guided_escalation
62271,62269,62267,iPhone 6s and I have the 11.1 iOS update,@130263 Thanks for those details.  We'd like to have you meet us in DM and we'll continue from there. https://t.co/GDrqU22YpT,dm_escalation,guided_escalation
62273,62273,62272,My phone won’t stop turning off and freezing !!!!,@130264 Let's look into this for you. Send us a DM with your current iOS version to get started. https://t.co/GDrqU22YpT,dm_escalation,guided_escalation
62275,62275,62274,Downloaded the iPhone update. Thought maybe it would correct my phone crashing problem. Nope. iPhone still crashing,@130265 We can look into this further with you. Send us a DM if you'd like to get started: https://t.co/GDrqU22YpT,dm_escalation,generic_escalation
62279,62279,62276,why isn’t the weather’s widget not working no more? (Even since iOS 11.1),@130266 We want to look into this with you to be sure it's working as expected. What seems to be happening? Have you restarted?,troubleshooting,actionable
62279,62277,62280,"Only the weather app is showing the right weather, it’s the widget that’s not showing working. I restarted.","@130266 Just to confirm, are you using a third party app called 'The Weather Channel'?",information_request,other
62279,62281,62282,"No, just the Apple weather app and the Apple weather widget","@130266 Just to confirm, did you take these screenshots within the similar time frame?",information_request,other
62279,62283,62284,Yes,"@130266 You mentioned you disabled the widget and got it working again. Is it still working OK? If the issue is continuing, DM us. https://t.co/GDrqU22YpT",information_request,guided_escalation
62279,62285,62287,@AppleSupport  https://t.co/FUUKlavB1I,@130266 Join us in DM by clicking on the link below. We'll continue with support in there. https://t.co/GDrqU22YpT,dm_escalation,generic_escalation
62289,62289,62288,@115858 Where did you put my bottom bar ? #bug https://t.co/1mH8VXC9Zz,@130267 This isn't expected behavior. We're here to help. Does it appear after restarting your phone?,troubleshooting,actionable
62291,62291,62290,"Dear @115858 , Please bring HomeKit to Mac. It is so annoying that I need to look for my iPhone or iPad to turn off/on my lights.",@130268 We appreciate your feedback. Let us know about features you'd like to see implemented or changed here: https://t.co/eTPVYVFyd8,link_resource,actionable
62293,62293,62292,Can you suggest a fix for the I not working on the keyboard other than resetting my entire phone? 7PLUS iOS 11.1,@130269 Could you Direct Message us and let us know what country you're located in? We'll help out. https://t.co/GDrqU22YpT,troubleshooting,guided_escalation
63161,63161,63160,i can't properly use my phone can u fix this send me a new phone DO SOMETHINg IM LOSING MY MIND,@130482 Hello. We'll be glad to check into this with you. Please click here to DM us: https://t.co/GDrqU22YpT,troubleshooting,generic_escalation
63163,63163,63162,@115858 can you tell me why my i’s are coming up like this I️ ???? WTF IS GOING ON HERE APPLE?????,@130483 We're happy to help. Let's take a look at this further for you. Reach out to us in DM. https://t.co/GDrqU22YpT,dm_escalation,guided_escalation
63165,63165,63164,"got these brand new headphones, and they didn’t even work right out of the box. where’s the quality control? Smh","@130484 We'd be happy to look into this with you. Send us a DM, and we'll continue there. https://t.co/GDrqU22YpT",dm_escalation,guided_escalation
63167,63167,63166,My phone died at 15%😐 @115858 crazy my phone is magically not working properly upon release of the overlypriced X,@130485 We're here to help. Let's take this to DM so we can better assist you. https://t.co/GDrqU22YpT,dm_escalation,generic_escalation
63169,63169,63168,need you to check your DM’s.,"@130486 We're happy to help. We've received your DM, and will continue there. Look for a reply shortly.",dm_escalation,guided_escalation
63171,63171,63170,"I updated my phone and I’m still seeing these dumb ass question marks,  @115858 what’s going on?",@130487 We'd be happy to look into this issue with you. Send us a DM and we'll get started there. https://t.co/GDrqU22YpT,dm_escalation,guided_escalation
63173,63173,63172,needs to figure out what this I ..... issue is on my iPhone8,@130488 We are here for you. Let's take a look at this further for you. Reach out to us in DM. https://t.co/GDrqU22YpT,dm_escalation,generic_escalation
63175,63175,63174,@115858 apps have been timing out for the last week and a half and it’s getting annoying,"@130489 We'd love to help! Are you having trouble downloading apps, or launching apps? Are you connected to Wi-Fi?",information_request,other
63177,63177,63176,hey @115858 get ur shit together so i can type “i” without this stupid problem https://t.co/43iHbkJK6K,@130490 We're here for you. Please DM us the version of iOS you're using and we can go from there together. https://t.co/GDrqU22YpT,dm_escalation,guided_escalation
63179,63179,63178,Am i the only one that can’t use a capital i without it showing a capital A next to a boxed question mark? The hell is this,@130491 We'd love to help! Let's start by having you tell us which device and iOS version you are using in Settings &gt; General &gt; About,troubleshooting,actionable
63182,63182,63181,Need to get the OS x 10.9 update on an old Mac OS 10.8 help @115858,@130492 We are glad to look into this. Send us a DM with more details and we'll check out options together. https://t.co/GDrqU22YpT,troubleshooting,guided_escalation
63189,63185,63184,@130495 @115858 thats weird af... my phones been doing dumb shit since I updated it too tho,@130494 We'd be happy to look into any issues you're experiencing. Send us a DM and we'll get started there. https://t.co/GDrqU22YpT,dm_escalation,guided_escalation
63191,63191,63190,after downloading watchOS 4.1 Apple Music app downloads and freezes at 75% for hours. Any insight?,@130496 Send us a DM with more details and include the country you're in. We'll do our best to help. https://t.co/GDrqU22YpT,troubleshooting,guided_escalation
63197,63197,63196,"Very frustrating Apple watch software update, anyone else having this issue?",@130497 The update can depend on your Wi-Fi network speed. How long has the update been in progress?,troubleshooting,actionable
63197,63195,63194,Tried 3x over last few days. Decided to try again about 6pm tonight. The update has also unpaired phone & watch. Not very helpful update!,"@130497 Let's move to DM for a closer look. Does the update eventually fail with an error message? If so, what is the exact error? https://t.co/GDrqU22YpT",troubleshooting,guided_escalation
63197,63193,63192,Download apparently complete but now won’t pair with phone. Watch now unusable. Sons watch has done exactly the same on the same update,@130497 We've received your DMs and will continue there.,dm_escalation,generic_escalation
63200,63200,63198,how can I add Night Mode to the control center in the new iOS?,@130498 We're here for you. Which version of the iOS are you running? Check by tapping Settings &gt; General &gt; About.,troubleshooting,actionable
63200,63199,63201,iOS 11.1,@130498 Thanks! Which iOS device are you using?,information_request,other
63200,63202,63203,iPhone 7 Plus,@130498 We wanted to provide this link with special attention to the ‘Use Night Shift’ section: https://t.co/it24SqZD78,link_resource,actionable
63205,63205,63204,"@115858 paid a lot of money for the phone ,better fix ios11.1 as it is locking up poor Wi-Fi and Bluetooth/frame drops it’s disappointing😡🤬👊🏽","@130499 Let's look into this together. Send us a DM with more information, and we'll meet you there. https://t.co/GDrqU22YpT",dm_escalation,generic_escalation
63207,63207,63206,I have iCloud library on but can download music to play offline. Help pls,@130500 We can assist you. Do you receive a specific error message when you attempt to download music for offline listening?,information_request,other
63210,63210,63208,"I just recovered my old Iphone 5 for my mother, upgrade to IOS 10.3, it works faster than my Iphone 6 with IOS 11,",@130501 We can help with your iPhone. Can you tell us more about what you're experiencing?,information_request,other
63210,63209,63211,"thanks!, not only me, my wife and a friend, keyboard is very slow and apps like the whatsapp takes up to 10 seconds to open","@130501 Let us know in DM whether you have been able to update to iOS 11.1, please. https://t.co/GDrqU22YpT",troubleshooting,guided_escalation
63213,63213,63212,@115858 yo why is it when I️ type and I️ it makes that damn box? Fix that shit moe,@130502 Let's work together to find the best path forward. DM us with what type of device you're using. https://t.co/GDrqU22YpT,dm_escalation,guided_escalation
63215,63215,63214,I update my phone and lose alllllll my music. WHAT THE FUCK @115858,@130503 We want to get your tunes back so you can enjoy listening to them. Are you an Apple Music member where you pay monthly for music?,information_request,other
63217,63217,63216,@115858 what is with these boxes in the middle of sentences ? It’s frustrating me,@130504 We're happy to help. Can you explain what boxes you're talking about? Are you using a certain app?,information_request,other
63220,63220,63218,"Fix our keyboards, I’m fed up with this","@130505 Let's see how we can help. Which device are you seeing this on? Also, what is the exact iOS version installed?",troubleshooting,actionable
63220,63219,63221,The 7plus and whichever the last iOS 10. I haven’t updated to the iOS 11 yet but I’ve heard that doesn’t resolve my issue,"@130505 OK, got it. Let's move over to DM so we can look into this a bit further. https://t.co/GDrqU22YpT",dm_escalation,generic_escalation
63223,63223,63222,When is fixing this issue where the letter “eye” stops changing to I on all apps?,@130506 We've received your DM and well be happy to continue working with you there. Look for a reply from us shortly.,dm_escalation,guided_escalation
63225,63225,63224,I just updated my phone again and still can’t text I,"@130507 We can help. What is the current iOS version you have installed? Let us know more in DM, please. https://t.co/GDrqU22YpT",troubleshooting,guided_escalation
63228,63227,63226,Will Apple Remote Desktop allow me to connect to something on a different network? 2/2 thanks for any help,"@130508 Hi. It's designed for use on the same network, but does have a remote feature, as explained here: https://t.co/wDmm2ezyrq",dm_escalation,generic_escalation
63327,63327,63325,"listen, y’all fixed the I thing. Thanks. But can y’all do something about me not being able to type I.T without I.T looking like this. FYI. I’m trying to type “it”",@130533 We're glad to help. What version of iOS are you currently running? Let us know and we'll get started.,information_request,other
63327,63326,63328,11.1.2,@130533 Try resetting your keyboard dictionary in Settings &gt; General &gt; Reset. If that doesn't work send us a DM and we'll go from there. https://t.co/GDrqU22YpT,troubleshooting,generic_escalation
63456,63456,63454,hey @115858 you know you’re not supposed to slow technology as you update? my iphone is easily 3 times slower thanks to your update 🖕🏼,@130561 Let us help you with your iPhone! Which version of iOS are you running on the iPhone currently? Do you know if all the apps are currently up-to-date? We ask as this can affect the performance.,information_request,other
63456,63455,63457,11.0.2 is newest version according to my updated itunes. all apps are updated,@130561 Thanks for that info. The iOS version that we released recently is iOS 11.1.2. Try updating using your iPhone itself and let us know if you're able to update. We also encourage a backup before just in case. Let us know if you still experience that afterwards in DM. https://t.co/GDrqU22YpT,troubleshooting,guided_escalation
63456,63458,63459,actually just checked again I am at 11.1.2.,@130561 Thanks for confirming that. Do you remember which version you were using when you first noticed that the performance was slower than usual? Let's also get your country in case we need to check out additional options. Let us know with a DM. https://t.co/GDrqU22YpT,troubleshooting,guided_escalation
63808,63808,63807,My phone does not notify me of new messages whenever its unlocked and I really dont know why but I absolutely hate it! & needs to fix that NOW! Because that is highly unacceptable and I do not appreciate the inconvenience it causes me or my friends as a result of it,@130665 We'd be happy to look into this issue with you more in detail.  Reach out to us via DM and let us know what iPhone you're using and the iOS version that is installed and we'll continue from there. https://t.co/GDrqU22YpT,troubleshooting,guided_escalation
64264,64264,64262,"I absolutely hate this fucking thing. I hate this fucking iPhone. Too often, I can’t even remember a tweet long enough to execute it, what with all the distractions. The phone will fall asleep before I’ve finished reading; before my thought is complete. I could go on. @115858",@130741 We'd like to help you out. What iPhone are you using and its current iOS version? DM us that information and we'll get started. https://t.co/GDrqU22YpT,information_request,guided_escalation
6483,6483,6482,Hello what’s happening to my screen,@117151 We'd love to take a look into this concern. Is the screen stuck this way have you restarted it? Send us a DM. https://t.co/GDrqU22YpT,troubleshooting,guided_escalation
65010,65010,65008,Hey ever since i updated to high sierra 2 days ago my screen does this when i shut down pls tell me this is a common occurrence and yall are working to fix it bc this ish makes me nervous as hell,"@130908 We can understand your concern with it doing this while shutting down. Let’s go though some troubleshooting so we can get to the bottom of this. Before we begin, you’ll want to back up your Mac. This explains how: https://t.co/Mw8OK9APy7",link_resource,actionable
65010,65011,65012,"I guess my real question is has there been a record of other people coming forward with the same screen distortion problems? if so, i won't worry as much, as freaky as it looks.",@130908 This is not expected behavior of your Mac after an update. It sounds like you’ve completed some great troubleshooting steps so far. DM us what country you’re located in so we can take a closer look at this issue with you. https://t.co/GDrqU22YpT,troubleshooting,guided_escalation
65015,65015,65014,Please help. My mom's iPhone 6s Plus' battery drains so fast even without using it. It happened after she updated to iOS 11.1.2.,@130909 Thanks for reaching out to us. We are always happy to help. Send us a DM so we can look into this issue with you there. https://t.co/GDrqU22YpT,dm_escalation,guided_escalation
6554,6554,6553,how long does it take usually for account recovery to get back to you? It’s been about a week now.,@117154 Having access to your Apple ID is important. Did you receive an email with a confirmation of your request? DM us here: https://t.co/GDrqU22YpT,information_request,guided_escalation
65659,65659,65658,"when vpn status is connected, it is supposed to see a vpn-is-on notification on the upper left corner, while it is not case with my iphone6, ios11.1.2",@131029 Thanks for reaching out. DM the country or region where you are currently located to get started. https://t.co/GDrqU22YpT,troubleshooting,guided_escalation
65659,65657,65656,what do you mean by DM ?,@131029 Great question! A DM is a Direct Message. You should see the link to send us a Direct Message below: https://t.co/GDrqU22YpT,dm_escalation,generic_escalation
65661,65661,65660,"my iPhone is basically useless, when is a new update due?",@131030 We're here to help. Please click here to connect with us in DM and provide us with the details of the issues you're having: https://t.co/GDrqU22YpT,dm_escalation,guided_escalation
65663,65663,65662,"I lose the password for my account, ask for help and months later I'm still paying for apple music. Called again and the support agent put me on hold then hung up. I need it cancelled now, I'm paying for nothing.",@131031 We can understand wanting to cancel the subscription. We'd want to get you in touch with our iTunes Store support here: https://t.co/SDIe7UiyJN,link_resource,actionable
6608,6608,6607,the fact that my laptop that I haven't even had for two years keeps shutting off without warning at 15% is kind of ridiculous.,@117165 Let's see what we can find for you today. Let's meet up in DM to gather some specifics and we'll proceed from there. https://t.co/GDrqU22YpT,dm_escalation,guided_escalation
6658,6657,6656,My wife made the mistake of updating to 11. How can we revert back? Her password keeper app is now dead. She can't access her passwords.,@117177 You won't be able to revert the system to pre-iOS 11 but we can look into the issues. DM us and we'll get started. https://t.co/GDrqU22YpT,dm_escalation,generic_escalation
66864,66864,66863,So I’ve been having problems with my battery dying real quick of late and then last night I updated my phone and then today a whole charge lasted me the whole day with the same useage as before before it would take 3-4 full chargers hmmm @115858 🤔🤔,"@131273 That’s not the experience we’d like you to have with your iPhone. To confirm, are you still experiencing battery issues with your iPhone? DM us. https://t.co/GDrqU22YpT",information_request,guided_escalation
66867,66867,66865,is this you?? Or hacker??,@131274 Thanks for reaching out to us. We definitely understand your concern here. This email is not authentic. This is likely a phishing attempt to get personal information from you. You can learn more about how to identify phishing emails here: https://t.co/LNMCdqt6fD,link_resource,actionable
67413,67413,67412,"purchased new iPhone 10 , doesn’t vibrate or ring while incoming calls. Tried everything at my end. Help",@131395 We are here to help. DM us your iOS version and we can take a look at this for you. https://t.co/GDrqU22YpT,dm_escalation,guided_escalation
67416,67416,67414,When are you bringing the Do Not Disturb icon back ? Only big complain on X. And not just me....,"@131396 You can access Control Center from swiping down on the top right to see the Do Not Disturb icon. If you'd like to leave feedback about this, please do so here: https://t.co/eTPVYVFyd8 Our engineers read all feedback sent but are unable to directly reply.",link_resource,actionable
67418,67418,67417,@115858 Why is it that i have been waiting for almost a month for a refund of a returned item i paid cash for in the first place? Where is my money?,@131397 We can assist you. Please DM us via the following link with the country in which you are located. https://t.co/GDrqU22YpT,troubleshooting,guided_escalation
6919,6919,6918,"I installed the iOS 10.0 , 10.0.1 and 10.0.2 and makes my iPhone 6 very slow and doesn’t work properly can you help me?","@117183 We can help!  We assume you mean iOS 11, right?  Can you tell us what types of performance issues you're experiencing?",information_request,other
6919,6917,6916,"Yes, sorry i mean iOS 11, when I texting my keyboard it’s very slow and my battery it consumes very fast.","@117183 Are you currently using Low Power Mode? If so, disable that from Settings &gt; Battery and restart. Let us know in DM if it helps. https://t.co/GDrqU22YpT",troubleshooting,guided_escalation
6928,6928,6927,my iPhone is a fully up to date so why does my phone keep freezing ???,"@117186 We want to help in any way we can. Which iPhone are you using? Let us know in DM, and we’ll work with you there. https://t.co/GDrqU22YpT",information_request,guided_escalation
6934,6934,6933,after the new apple updates: the battery life is really go fast and the WiFi is always on! newappleupdates,@117189 We'd love to help. Let's work on this together in DM. Start by letting us know what kind of device you are using. https://t.co/GDrqU22YpT,dm_escalation,guided_escalation
700,698,696,@AppleSupport  https://t.co/NV0yucs0lB,@115854 We're here for you. Which version of the iOS are you running? Check from Settings &gt; General &gt; About.,troubleshooting,actionable
700,697,699,The newest update. I made sure to download it yesterday.,@115854 Lets take a closer look into this issue. Select the following link to join us in a DM and we'll go from there. https://t.co/GDrqU22YpT,dm_escalation,generic_escalation
711,709,708,I need answers because it’s annoying,@115855 We'd like to look into this with you. Which model do you have and is iOS 11.1 installed? Any steps tried so far?,troubleshooting,actionable
711,707,705,I have an iPhone 7 Plus and yes I do,@115855 That's great it has iOS 11.1 as we can rule out being outdated. Any steps tried since this started? Do you recall when it started?,information_request,other
711,704,703,This is what it looks like,@115855 Any steps tried since it started last night?,information_request,other
711,702,701,Tried resetting my settings .. restarting my phone .. all that,@115855 Let's go to DM for the next steps. DM us here: https://t.co/GDrqU22YpT,dm_escalation,generic_escalation
71171,71171,71170,So why tf hasn’t fixed this “I”,@131990 Hi there. We recently released an update that includes a fix for autocorrect issues. Follow the steps here to back up and update your device:  https://t.co/80YRnjDFDk Let us know if you have questions.,troubleshooting,actionable
71173,71173,71172,Does anyone else with an @115858 iPhone have their texts and call history displaying the numbers instead of the contact name? Annoying! How do I revert it to normal???,"@131991 We rely on our Contacts, too, so we'd love to team up and help you with this. When did you notice this start? Which version of the operating system is your iPhone running? Have you restarted since this began? Let us know in DM and we'll get started. https://t.co/GDrqU22YpT",troubleshooting,guided_escalation
71176,71176,71174,Screenshot attached,@131992 We'd like to take a closer look at this with you. Please use the link below to send us a DM and we'll continue there. https://t.co/GDrqU22YpT,dm_escalation,generic_escalation
71176,71175,71177,Thanks in advance; ready to work with you.,@131993 Go ahead and DM us. We'll continue from there. https://t.co/GDrqU22YpT,dm_escalation,generic_escalation
714,714,712,"Hey and anyone else who upgraded to ios11.1, are y’all having issues with capital “I” in the Mail app? As it puts in “A”?","@115856 Hey, let's work together to figure out what's going on. Meet us in DM and we'll continue from there. https://t.co/GDrqU22YpT",dm_escalation,guided_escalation
719,719,718,Tf is wrong with my keyboard @115858,"@115857 Fill us in on what is happening, then we can help out from there.",acknowledgement,other
719,717,716,This is what is happening...,@115857 We'd like to investigate further with you. Send us a DM and we can troubleshoot more from there. https://t.co/GDrqU22YpT,dm_escalation,generic_escalation
72150,72150,72148,"my phone is suuuper slow lately, wtf @115858 :-(","@132201 We can help with iPhone performance.  Do you know what version of the iOS is on the device?  

Also, are you seeing this issue with any specific apps or usage?  Do you do anything to restore function?",information_request,other
72150,72149,72151,"im using ios 11, it’s super laggy whenever i receive a notification or sometimes when im typing a message, after i hit send itll cut off the last few letters i typed",@132201 Thanks for that info. We'd like to take a further look into this. Let's meet in DM. https://t.co/GDrqU22YpT,dm_escalation,generic_escalation
723,723,722,hello are all the lines closed for tonight help,@115859 What's going on? We're hapy to help if we can. https://t.co/GDrqU22YpT,information_request,actionable
723,721,720,are the call centres closed for the night?,@115859 We've received your DM and will continue there.,dm_escalation,generic_escalation
72771,72771,72770,"lost my iPhone, not where iPad ""lost my"" says.. What should I do?",@132340 We understand the importance of being able to locate a lost device. Let us know if this helps: https://t.co/WgUadqPuWS,link_resource,actionable
72773,72773,72772,", please! What is going on? My iPhone’s home screen keeps going blank daily since I updated it to ios1112. Has anyone else reported this as a bug? When will it be fixed? Help.","@132341 We appreciate the update and the troubleshooting you've tried so far. In DM, please let us know if this happens when using a particular app. https://t.co/GDrqU22YpT",troubleshooting,guided_escalation
72776,72776,72775,Garage Band updated and I lost all the songs I was working nooooo @115858  WHY?!,@132342 Let's see if we can help. Meet up with us in DM and let us know which device you are using. https://t.co/GDrqU22YpT,dm_escalation,guided_escalation
730,730,729,"Hello, internet. Can someone explain why this symbol keeps appearing on my phone and when I try to type the letter I? Also","@115861 You're in the right place; we'll do all we can to help. To start, let us know what iOS version is installed via DM: https://t.co/GDrqU22YpT",troubleshooting,guided_escalation
730,725,724,I upgraded. It didn’t work.,"@115860 Reach out to us via DM, and we can take a look at this with you. https://t.co/GDrqU22YpT",dm_escalation,generic_escalation
733,733,732,I’ve got a screenshot saying my iPhoneX is reserved for the 3rd then an email saying it’s the 18th... what happened?,@115863 Go ahead and send us a DM please. Let us know the country you're in.,troubleshooting,guided_escalation
73400,73400,73399,". ios 11 update, phone started to hang.. apple going android way",@132417 We'd like to look into this with you. What is your exact iOS version? You can find it at Settings &gt; General &gt; About.,troubleshooting,actionable
73400,73398,73397,version - 11.1.1(15B150),"@132417 Since you're running an older version of iOS, we recommend updating to iOS 11.1.2 and seeing if the behavior persists. Prior to doing so, we encourage you to create a data backup. Here's an article to help you create one: https://t.co/4f8hwT5to6",troubleshooting,actionable
73400,73396,73394,"In duration of 1 month, i have update ios 3 times and all the time some or the other issue occurs. Better apple should upgrade its quality. I had phone heating issue which also apple store denied to accept on replacement",@132417 We'd like to look into this further with you. Send us a DM and we'll go from there. https://t.co/GDrqU22YpT,dm_escalation,generic_escalation
736,736,734,Thank you I updated my phone and now it is even slower and barely works. Thank you for ruining my phone.,"@115864 We'd like to help, but we'll need more details. What's happening on your device and which model is it? Do you have iOS 11.1?",information_request,other
736,735,737,I have the iPhone 6s Plus and just did the most recent update.,"@115864 To make sure, is iOS 11.1 installed on it currently? Also, any steps tried so far? DM us here: https://t.co/GDrqU22YpT",troubleshooting,guided_escalation
74553,74553,74552,So annoyed when my Apple Watch tells me to stand so I stand and move around for more than a minute but it still doesn’t want to count. Ahh what more do I need to do,@132698 We'd be happy to help you with this.  Let us know in DM the Apple Watch you're currently using and what version of watchOS is installed. https://t.co/GDrqU22YpT,troubleshooting,guided_escalation
74555,74555,74554,My iphone just randomly shut off & when I turned it back on it deleted all of my photos...,@132699 We'd love to help look into this and get you back in action. Can you send us a DM with some additional details? https://t.co/GDrqU22YpT,information_request,guided_escalation
747,747,746,Hola necesito urgente la actualización de software. La batería me dura literal medio día,@115865 We offer support via Twitter in English. Get help in Spanish here: https://t.co/IBIY3vMgPj or join https://t.co/OczyRx7IOs,link_resource,actionable
747,745,744,I need the software update urgently. The battery lasts literally half a day,@115865 Hi there! What type of device are we working with?,information_request,other
747,740,738,iPhone 7 Plus,@115865 Thanks! Which iOS version is currently showing in Settings &gt; General &gt; About?,troubleshooting,actionable
747,739,741,iOS 11.0.3,"@115865 Let's check Settings &gt; General &gt; Software Update. iOS 11.1 was released earlier today. If you see it, please backup &amp; update.",troubleshooting,actionable
747,742,743,Okey. Thank you!,"@115865 Our pleasure. If you're still having issues after a back up and update, contact us back. We're happy to help.",troubleshooting,actionable
749,749,748,Hi! What is going on? Has Youtube lost it? What can be done about it? Thanks for the support!,@115866 We want to help! DM us and let us know more about the issues you are having. https://t.co/GDrqU22YpT,dm_escalation,guided_escalation
752,751,750,? hello,@115867 We'd like to get you speaking to our experts here: https://t.co/IBIY3vMgPj,link_resource,actionable
75202,75202,75201,@115858 ios 11 on ipad sucks wtf,"@132838 We want your iPad running smoothly on the new iOS 11 software. What's going on with your iPad so that we can see how we are able to assist you today, and make your iPad better?",information_request,other
75206,75206,75203,@115858 why does my iPhone 7 ever since it updated constantly freeze and have issues with all my apps #intentionallyslowingmyiphone,@132839 We can help out with your iPhone 7 performance on iOS 11. Do you know what version of the iOS is on the device?,information_request,other
75206,75204,75207,I attached a image with the IOS version,@132839 Thanks for that. Let us know in DM any steps you’ve taken with your iPhone 7 to continue. https://t.co/GDrqU22YpT,dm_escalation,guided_escalation
75209,75209,75208,Why does Safari on my iPhone literally never work appleprobs,@132840 Thanks for bringing this to our attention. We'd love to assist you with Safari. Can you provide us with the details of what's happening? We'll take it from there.,information_request,other
756,756,755,MY HOME BUTTON DOESN’T WORK IOS11,@115868 Let us help with your Home button. Did this issue start right after iOS 11? Which version of iOS 11 are you running?,information_request,other
756,754,753,"Yes it did, 11.0.3","@115868 We've just released iOS 11.1. We suggest backing up &amp; updating. Then, test the issue again. Here's how: https://t.co/80YRnjDFDk",troubleshooting,actionable
758,758,757,Hey @115858! Last time I downloaded an update my freaking phone gave me hell. Any recommendations?,@115869 We're here to help. Meet us in DM and we can check on available options. https://t.co/GDrqU22YpT,troubleshooting,generic_escalation
765,765,764,After update ios1103 no spotify on my lock screen?,@115870 Thanks for reaching out to us. Are you experiencing the missing app after restating your device?,information_request,other
765,763,761,The app is still there. But no longer able to control it from the lockscreen.,"@115870 Just to confirm, this is only happening with Spotify, correct?",information_request,other
765,760,759,I can not find an option to get it there. It was just always there when playing.,@115870 DM us the specific iOS version you are running currently and we'll continue there. https://t.co/GDrqU22YpT,dm_escalation,guided_escalation
767,767,766,I just need @115858 to do something about the battery life because it sucks ass,@115871 We want to help you get your battery life back on track. Please DM and we'll look at it together. https://t.co/GDrqU22YpT,dm_escalation,generic_escalation
79997,79997,79996,Dear I’ve tried to enter my password a few times now and it keeps kicking back to my iPhone. This is really aggravating,"@133756 Hi there. Are you able to sign in to the iOS App Store from your device without issue? Please DM details, we'll meet you there to help. https://t.co/GDrqU22YpT",information_request,guided_escalation
79997,79995,79994,I talked to Apple support on the phone. Thank you tho,"@133756 OK, thanks for the update. Feel free to reach out again if you need any future assistance.",troubleshooting,actionable
79999,79999,79998,"Dear , *HUGE* issue at MacOS High Sierra. Ms Outlook is not working. Are you aware of it ? ??",@133757 Thanks for reaching out. We're happy to help. Feel free to send us a DM so we can look into this further with you. https://t.co/GDrqU22YpT,dm_escalation,guided_escalation
80002,80002,80001,Why is it @115858 can update improve the IPhone but not improve their charging cables to last more than 3 months? 🤔 https://t.co/Gmi7VwsfU8,@133758 We want to help. Let's move over to DM. Let us know what country you're located in. https://t.co/GDrqU22YpT,troubleshooting,guided_escalation
80004,80004,80003,@115858 what in the fuck is “I.T”???,@133759 We'd be happy to look into this with you more in detail. Please reach out to us via DM and we'll get started. https://t.co/GDrqU22YpT,dm_escalation,guided_escalation
80008,80006,80005,"got it. Was afraid to try that, wasn’t sure if I’d be able to unmute. Much better UI!","@133760 We're glad to hear you got it figured out. If you run into any issues in the future, reach back out and we'll be happy to help.",other,other
81766,81772,90224,Why are all my Apple gadgets slowing down all of the sudden,@135578 We want to help. What do you mean by gadgets?,information_request,other
81766,90225,90226,iPhone Mac laptop and iPad,@135578 We want to help. Let's continue in DM. https://t.co/GDrqU22YpT,dm_escalation,generic_escalation
81766,81765,81764,Please give me some info on Apple Pay on ios11 on iPhone 7 India support. Thanks in advance.,@134113 Apple Pay is not currently supported in India. We keep a current list of countries that support Apple Pay here: https://t.co/tKY0Mal39U,link_resource,actionable
81795,81795,81794,Does criminal case game or 8 ball pool drains battery? I am at ios 10.3.3 and my phone was 100% when i slept and now it 39%.,"@127204 We're happy to look into issues concerning your battery. Please DM us your model iPhone and if you've made any changes to it recently; adding new app, adjusting settings, etc. https://t.co/GDrqU2kzhr",troubleshooting,guided_escalation
81797,81797,81796,hi ! Can we have my battery health on my iPhone 6 checked ?,@134116 We are here to help. DM us your iOS version and we can take a look at this for you. https://t.co/GDrqU22YpT,dm_escalation,guided_escalation
81804,81804,81803,"I️ I️ I️ I️ I️ I️ I️ I️ I️ I️ 
Dear @115858 r y’all working on a fix for this??",@134117 We're more than happy to help you fix this. Can you tell us which iOS version you are currently using please?,information_request,other
81804,81800,81798,I just updated to 11.1.2,"@134117 OK, great. Thanks for letting us know. Are you still seeing the same results? If so, send us a DM and let us know. https://t.co/GDrqU22YpT",information_request,guided_escalation
81804,81801,81802,Nope looks normal again!,"@134117 Great! We're happy to see that. Feel free to reach out again if you need us. We're here for you. 
Enjoy your day!",other,other
81806,81806,81805,WHY THE FUCK AM I STILL SEEING QUESTION MARK BOXES IM UPDATED AF WHY????????,"@134118 Hi. We're here to help you. Are you seeing them when you type? If not, this is likely due to others not updating their devices yet. If the update hasn't fixed the issue on your end, let us know in DM and we can take a closer look. https://t.co/GDrqU22YpT",troubleshooting,guided_escalation
81808,81808,81807,"Yeah, so I can't open my text messages, or ANY other app on my phone for more then 1 second and it crashes. Hello ?","@134119 We want you to be able to enjoy your iPhone, and we'll do all we can to help. To get started, what iOS version is currently installed? Let us know in DM and we'll continue from there: https://t.co/GDrqU22YpT",troubleshooting,guided_escalation
81811,81810,81809,service centre manipulating to me .not expecting such poor service from apple.,@134120 Please send us a DM. We'd like to get some additional information on what you're encountering. https://t.co/GDrqU22YpT,dm_escalation,guided_escalation
81815,81815,81814,@113848 @115858 lmao i am on the 6 and my phone crashes from opening snapchat,"@134121 Let's take a closer look together. When you say your iPhone 'crashes' when opening the Snapchat app, please provide us more details about what exactly happens.

Also, which exact iOS version number is installed on it and have you tried any steps so far?",troubleshooting,actionable
81815,81813,81812,Since you asked. I open up Snapchat and then screen goes black. Then a buffering icon appears and my phone restarts. It’s not just snapchat either. I’m on 11.0.3,"@134121 The first step we'd like to have you do, is complete any updates for iOS and apps. Please, back up your iPhone, then update your iOS under Settings &gt; General &gt; Software Update. Once completed, make sure all apps are updated in the App Store. Let us know if that helps.",troubleshooting,actionable
81819,81819,81817,Hey why can’t I search on my music app for music without the whole app crashing??!!,@134122 Thanks for reaching out. We want to be sure you can search for your favorite music. We can definitely look into this with you. Do you have the same results after you restart your iPhone?,troubleshooting,actionable
81819,81818,81820,"Yes restarted twice. Even powered off totally. Still not working. My photo app also got all messed up somehow. I had my phone plugged into MacBook Pro, but was only using to charge.","@134122 OK, let's go ahead and delete the Music app, restart then reinstall the Music app from your App Store. 
What's happening with your Photos? Send us a DM and let us know. https://t.co/GDrqU2kzhr",troubleshooting,guided_escalation
81822,81822,81821,"Dear @115858, when are you guys going to address the situation involving the letter “I️”?  Meanwhile I️ see there’s already an update for issues with IPhone X 🙄. Don’t be a douche, get that shit together. I️ spend to much money on y’all for it not to be fixed still. Thanks. https://t.co/pfMPlRpoMo","@134123 We've got your back. An update has been released to assist with this issue. If you haven’t yet, please back up your device and update it to the latest version iOS 11.1.2. For more info, check out: https://t.co/xXaXeeSRt9",troubleshooting,actionable
81825,81825,81823,I am beginning to believe the rumor that the latest iPhone upgrade is faulty in part to force us to buy new phones...I’m on a fixed income now my phone should not be worn out...it’s certainly no fun to use now it’s so slow.. iPhoto slow and the phone drops calls..,@134124 We want to help. Which iOS version is your device currently running?,information_request,other
81825,81824,81826,11.1.2,@134124 Thank you for that information. DM us your country to continue. https://t.co/GDrqU22YpT,troubleshooting,guided_escalation
81828,81828,81827,"The new iOS is horrible. It’s made my iPhone 6 so slow, it’s beyond frustrating to even use. The battery life has been cut by a noticeable difference as well. Two thumbs down. I know I’m not the only person affected by this. When is the fix coming?","@134125 You're in the right place, and we'll do all we can to help. To get started, may we know what iOS 11 version is currently installed? Let us know in DM and we'll continue from there: https://t.co/GDrqU22YpT",troubleshooting,guided_escalation
81830,81830,81829,"what's wrong with you guys, I ordered 7 plus gold, and got 7 jet black. How can you beso irresponsible.",@134126 We can help out. Was this purchased through the Apple Online Store?,information_request,other
81832,81832,81831,"yo @115858 I just bought ya iPhone 7 just like 2 weeks ago and the battery already dies quicker than @4870 dog taking a fat shit, instead of not having a headphone jack, make a better battery, period",@134127 We understand how important a good battery life is. We can help you. Send us a DM and we'll look into this further. https://t.co/GDrqU22YpT,dm_escalation,guided_escalation
81834,81834,81833,". iPhone 6s. Got new battery as part of last year’s recall. Today shutdown after 15 minute walk in -4C and trying to take picture. When restarted initially 10%. After warming up, and reboot 51%",@134128 We want to help. Let's continue in DM. https://t.co/GDrqU22YpT,dm_escalation,generic_escalation
81837,81837,81836,@115858 This is outrageous! I live in China and I bought a Macbook this year IN China and they won't give me support because I don't speak Chinese. #rude #MacBookPro #alliwantissomesupport #idontspeakchinese https://t.co/Un1hltn9yX,@134129 Hey there! We can provide you support here. Let us know what's going on and we can take a look at helping out today.,other,other
81841,81839,81838,Mr Robot hasn’t loaded in my purchased in several days. Really getting on my nerves.,@134130 We know you want to access your purchases so you can watch them whenever you want to. Please reach out to our Apple TV support team using this link for more help: https://t.co/IBIY3vMgPj,link_resource,actionable
81961,81961,81960,"since the last IPhone upgrade my phone is slow, slow slow no fun to use..I called support and you had me up grade my computer then try to refresh my phone with iTunes, you were to call me back in an hour at your suggestion but you never did and I waited and waited",@134124 We want to help figure out what happened. Meet us in DM and we will go from there. https://t.co/GDrqU22YpT,dm_escalation,guided_escalation
81963,81963,81962,This shit don't work on my phone @115858 what tha fuck man? Tryna get a nigga got outchea? https://t.co/cLrtVFTnAY,@134132 We want to help. Take a look at this article: https://t.co/NOFjqtl0yV Let us know if you have more questions.,link_resource,actionable
81965,81965,81964,is Night Shift intentionally not a control center button on iPhone X?,@134133 Congratulations on your iPhone X. Night Shift is a great feature we all use. We'd recommend checking out this article to learn how to activate this feature with your new device: https://t.co/NBE76DOiEM,troubleshooting,actionable
81967,81967,81966,Garageband and Premier having different things that I can’t do on the other give me a headache @115858 you’re a top corporation in technology and your Garbageband can’t do a simple fill left with right and right with left I can’t balance the headphones what the hell,"@134134 Hey there! It's important to have balanced sound, so we'd love to help and recommend that you reach out to our Garage Band experts directly so they can guide you to find this option. Click here to get started: https://t.co/IBIY3vMgPj",link_resource,actionable
81970,81970,81968,Hey @115858 why do iPhones autopopulate old phone number for contacts after you have deleted the old number? Seems stupid.,@134135 This is not normal. We'd be happy to look into this with you. Can you provide us which device and iOS version you're using? This can be located in Settings &gt; General &gt; About &gt; Version.,troubleshooting,actionable
81970,81969,81971,6s + and version 11.1.2 but this ain’t the first time it’s happened.,"@134135 When you look in contacts, do you see any possible duplicates of a deleted number?",information_request,other
81970,81972,81973,Nope,"@134135 These will pop up in search as you start typing because the Spotlight database doesn't update immediately when you delete something. You can clear suggestions by tapping the ""i"" and  then remove them from suggestions, or turn search suggestions off.",troubleshooting,actionable
81980,81976,81974,cc:,"@134136 We want you to be able to enjoy your music, and we'll do all we can to help. To get started, what happens when you enable iCloud Music Library? And are you an Apple Music member?",information_request,other
81980,81975,81977,"Yup. Am a member. Normally make updates on iTunes on the comp, listen on-the-go on my phone. The iCloud Lib on/off button turns on and then back to off once I leave Settings. Since yest morning. Haven’t made any setting/other changes. Normal operation",@134136 Can you tell us which iOS version you are currently using please?,information_request,other
81980,81978,81979,"11.1.2 on an SE. Like i said, no deviations off daily usage. Everything’s as is. Realised it wasn’t updating when I added music last night (which I do almost every night)",@134136 Okay. Join us in DM so we can better assist you: https://t.co/GDrqU22YpT,dm_escalation,generic_escalation
81982,81982,81981,What is 'profile' and 'Secure' in iCloud?,@134137 Let's find out. Send us a DM with your software version to get started. https://t.co/GDrqU22YpT,dm_escalation,guided_escalation
81984,81984,81983,"I ain't playing no games with y'all my phone has been glitching terribly and has been deleting things, it deleted all my photos,it won't let me do anything to recover them,and my phone won't update","@134138 That is not the experience we want you to have. To get started, can you tell us which iOS version currently running on your device, and what happens when you try to update?",troubleshooting,actionable
81986,81986,81985,IOS 11.1.2 is killing my battery life. Sucks,@134139 Thank you for reaching out. We know how important your battery life is. Reach out to us in DM and let us know how long your battery normally lasts in a day and we’ll help. https://t.co/GDrqU22YpT,dm_escalation,guided_escalation
81988,81988,81987,Okay but why has my iPhone 6 battery been dying 500x faster since installing IOS11??,@134140 Thanks for reaching out to us. We are always happy to help. Send us a DM so we can look into your battery issue with you. https://t.co/GDrqU22YpT,dm_escalation,guided_escalation
81990,81990,81989,"@115858 macOS has root without password bug,even if I disable root.",@134141 We can understand your concern over this. Please send us a DM at the link below so we can work together further.,dm_escalation,generic_escalation
81992,81992,81991,Hey I updated my phone and now it won’t stop turning off and on for the last two hours so thanks for that,@134142 Thanks for reaching out to us. We are always happy to help. Send us a DM so we can look into this issue with you there. https://t.co/GDrqU22YpT,dm_escalation,guided_escalation
81994,81994,81993,Frustrated.  My MacBook Pro has security hole; My iPhone’s battery sucks since iOS 11 and my AppleTV keeps losing wifi signal.  @116333,"@134143 We can take a look into some of those things with you. To start, can you DM us more details about your iPhone? We can continue working with you there. https://t.co/GDrqU22YpT",information_request,guided_escalation
81997,81997,81996,fix my phone.,@134144 We're happy to help. Could you please provide a few details about what you're experiencing?,information_request,other
81999,81999,81998,"Easily worst purchase I’ve made is ‘s iPhone 8+. Either that or just their worst software ever. Spotify randomly stops, apps are slow to open, screen lags when waking. Good job apple.",@134145 We appreciate you reaching out to us and can't wait to get this resolved together. Which iOS version are we working with on your iPhone? You can find that in Settings &gt; General &gt; About. You can find us in DM at the link below. https://t.co/GDrqU2kzhr,troubleshooting,guided_escalation
82002,82002,82001,The case didn’t hold my AirPods when it fell down. And now one of them is broken. It was a gift. Please help. What should I do?,@134146 We'd be happy to look into your service options. Please DM us which country you're located in and we'll get started reviewing your available options to have this taken care of. https://t.co/GDrqU22YpT,troubleshooting,guided_escalation
82004,82004,82003,since I’ve updated to the IOS 11 my battery has been draining to quickly I’ve only been using it for 15 mins& it’s drained,"@134147 That's unexpected, but we'd be happy to help. Let's move over to DM. Let us know which iOS version you currently have installed. You can check in Settings &gt; General &gt; About. https://t.co/GDrqU22YpT",troubleshooting,guided_escalation
82006,82006,82005,Hey my friend had her iPhone battery explode and you don't seem to care. Poor form!,"@134148 Thank you for reaching out to us. Please send us a DM, so we can gather more information about this. https://t.co/GDrqU22YpT",dm_escalation,generic_escalation
82011,82011,82009,imma need y’all to fix this “I.T” thing . cause i’m about tired . keyboard shortcut trick doesn’t work,@134149 That is certainly not the experience we want you to have. Which iOS version is your device running? https://t.co/GDrqU22YpT,information_request,actionable
82011,82010,82012,ios 11,@134149 Let's continue in DM. You can use the following link to get in touch with us directly: https://t.co/GDrqU22YpT,dm_escalation,generic_escalation
82015,82015,82014,I need help with an encrypted backup on my computer!,"@134150 Thanks for reaching out to us. We are always happy to help. We have an article that may help. You can find it here: https://t.co/s6tdVStcb2

Let us know if you have any questions. https://t.co/GDrqU22YpT",link_resource,actionable
82017,82017,82016,since the update my iPhone 6s Plus is having issues with the camera .. already sent a dm!,@134151 We’ve received your DM and will continue working with you there.,dm_escalation,generic_escalation
82020,82019,82018,"@116333 hi, mr.cook ! Actually I just to complain your company of china !  Last time I was asked some questions to your staff of apple company ! But they cannot solve the problems and the  service attitude it's was terrible and  impatient ! Pls focusing Apple of China management as well",@134152 We'd like to hear more about your experience. DM us and we'll get started. https://t.co/GDrqU22YpT,dm_escalation,generic_escalation
82020,82021,112816,@116333 My iPhone keeps on going out of storage even though I've deleted 15 apps. Come on Tim.,@141074 We'd like to help. Please DM us which iPhone model and iOS version you have and we'll get started. https://t.co/GDrqU22YpT,dm_escalation,guided_escalation
82032,82032,82031,Thanks @115817 for loosing my iPhone X and for @115858 for not sending me a new one,@134153 We'd like to look into this with you. Let's hop in DM. Click here: https://t.co/GDrqU22YpT,dm_escalation,generic_escalation
82035,82035,82033,"@115858 please fix where whenever you open an app, besides music, or get a notification the music playback stops.","@134154 We're happy to look into this with you. Which iOS version are you using on your device? Also, are you listening to music through the Music app or a different app?",information_request,other
82035,82034,82036,I am using iOS 11.1.2 and I use both Apple Music and Spotify,"@134154 How long have you been experiencing this issue? Does it occur while using the speaker, headphones, or both?",information_request,other
82035,82037,82038,About a week and it’s only with a Bluetooth headset or car Bluetooth,"@134154 To prevent from repeating any previous troubleshooting, can you tell us what steps you've already taken so far? Click here to let us know in DM: https://t.co/GDrqU22YpT",information_request,guided_escalation
82040,82040,82039,"So : you have Facebook integration in MacOS 10, but have *removed* it from iOS11?? So, Facebook Events appear in my desktop iCal, but NOT on my iPhone without having to subscribe to them on my phone calendar separately, creating duplicates on my desktop? LAME.",@134155 We appreciate your input and encourage you to leave feedback here: https://t.co/oWzjJxkvlC,link_resource,actionable
82042,82042,82041,"Hi! When someone calls, the volume of the tone of my iPhone X goes down suddenly. Why? I’ve tried to restart, to change the tone... And nothing works. Thanks for your help","@134156 We appreciate you reaching out. Can you send us a DM and explain a little more in detail? When you say the volume of the tone, do you mean the ringtone? https://t.co/GDrqU22YpT",information_request,guided_escalation
82044,82044,82043,@115858 wtf?? I.T I.T I.T I.T!! Please fix I.T,"@134157 It's great you've reached out regarding the autocorrect issue you're having. Please DM us your model iPhone, the iOS version installed and any troubleshooting actions you've attempted so far. We're happy to help. https://t.co/GDrqU22YpT",troubleshooting,guided_escalation
82051,82051,82049,"What is this  “A [?] “  ?
@115858 
Phone keeps typing this and changing my words. It’s so annoying guys. https://t.co/1L2ELDE4fq","@134158 An update has been released to assist with this issue. If you haven’t yet, please back up your device and update it to the latest version iOS 11.1.2. For more info, check out: https://t.co/xXaXeeSRt9",troubleshooting,actionable
82051,82047,82045,I deleted texts by mistake. iPhone backed up automatically and erased last backups. Unable to restore backup cuz older backups don't appear on iTunes to select from although I see it in my computer. No iCloud backup. Can I do anything to retrieve the texts?,"@134158 Hi there and thanks for reaching out. To restore deleted text messages, we would need to use a backup that was created before the messages were deleted.",troubleshooting,actionable
82051,82046,82048,"It shows in computer folder, but is not in the iTunes list of backups. How can I select it if it’s not in the iTunes list?",@134158 Let's look in to this together. Please DM us about this issue and we'll continue there. https://t.co/GDrqU22YpT,dm_escalation,generic_escalation
82053,82053,82052,Ughhhhh why isn’t my @115858 music working?!,@134159 We are here to help. DM us the details of your issue and we can take a look at this for you. https://t.co/GDrqU22YpT,dm_escalation,guided_escalation
82055,82055,82054,why am I still seeing this for the I character. I’ve updated my phone to last iOS software. Fix it y’all.,@134160 Hi there. We can definitely look into this with you. Are you seeing this character when you're typing on your iPhone or are you seeing it in messages or social media posts?,information_request,other
82060,82058,82056,"to unlock my iPhone, it happened every time. Sorry I took so long to answer, had to buy a new one . The old one says Error 9 when trying to restore. Is there a solution?","@134161 We’ll want to be sure to follow the steps listed here for restore error 9: https://t.co/lMMVPdjGNN 

Let us know if you’re still having issues after completing the steps.",link_resource,actionable
82060,82057,82059,still having issues. I took it to an iShop and it won’t restore either,@134161 DM us your country and we'll look into all your options together. https://t.co/GDrqU22YpT,troubleshooting,guided_escalation
82060,82060,82061,"My Iphone is completely UNUSABLE after last iOS uptdate, it crashes after turning it on and inserting password HELP!!!!!!!!!!!!!!!!!!!!","@134161 We want to make sure your iPhone is ready to go when you are. When you are putting in a passcode, is that to unlock your iPhone, or something different? Does this happen every time? https://t.co/GDrqU22YpT",information_request,actionable
82063,82063,82062,"i.t really sucks that every time i go to type the word i.t, i.t autocorrects so there’s a stupid ass period in the middle of i.t. @115858 what is going on",@134162 We'd be happy to look into this with you more in detail. Please reach out to us via DM and we'll get started. https://t.co/GDrqU22YpT,dm_escalation,guided_escalation
8297,8297,8296,Hello there i need help with the use of an administartors name and password on my imac,@117454 Hi! We're happy to help. Join us in DM with the macOS version installed on your iMac and more details about what's going on. https://t.co/GDrqU22YpT,troubleshooting,guided_escalation
8299,8299,8298,DL the latest iOS today. Very laggy 6s. Phone is running like hammered dog shit since the DL.,@117455 Are you seeing issues across all apps or are you noticing lag when performing specific tasks? Let us know in DM. https://t.co/GDrqU22YpT,information_request,guided_escalation
8302,8302,8300,Every time I watch a live broadcast or video it skips or repeats a few seconds since updating,"@117456 We'd like to learn more about what's happening. What model &amp; iOS version are you working with? Tell us in DM, please. https://t.co/GDrqU2kzhr",information_request,guided_escalation
8304,8304,8303,@116333 @115858  can your team let me know why my new iPhone 6 always has hanging problem I do not know what the problem is by I know I feel I am cheated by apple for phone 📱 do I ?,@117457 We'd be concerned with an unresponsive device too. Let us know your iOS version in DM and we'll help: https://t.co/GDrqU22YpT,dm_escalation,guided_escalation
8313,8313,8311,i have 256 hd and timemachine/system is taking up 150gb of space. I only have 25gb free. Is it suppose to work like this?,@117459 Thanks for reaching out to us. We're happy to help out. We recommend checking out this link: https://t.co/03O2CionXW,troubleshooting,actionable
8313,8310,8309,Its slowing down my mac a lot,"@117459  Is 25 GBs what you have left after the snapshots were created on the drive though? Or, were you low on space prior to snapshots?",information_request,other
8313,8308,8307,I don’t know. I need the space though. How do I get rid of some snapshots,@117459 Finder and Get Info windows don't include snapshots in their calculations so that's not the root cause. Let's meet within DM: https://t.co/GDrqU22YpT,dm_escalation,generic_escalation
8321,8320,8319,iOS 11.1 should never been released. So many bugs. The statusbar randomly disappears in Facebook app,@117460 We'd like to look into the trouble you're having. Does this only occur in the Facebook app?,information_request,other
8321,8316,8314,@AppleSupport  https://t.co/Pk9RhMiLjh,@117460 Here’s what you can do to work around the issue until it’s fixed in a future software update: https://t.co/xXaXeeSRt9 https://t.co/GDrqU22YpT,troubleshooting,actionable
8321,8315,8317,Thank you,@117460 You're very welcome! Please feel free to reach out to us again if you need any more help. Have a great day!,other,other
8331,8331,8330,Oh my god i’m so embarrassing @115858 why do I always send voice recordings in iMessage by accident do you know how embarrassing that is?!,"@117463 Are you accidentally recording audio message or is this happening on its own? Let us know in a DM, we’ll communicate there: https://t.co/GDrqU22YpT",information_request,guided_escalation
8340,8340,8339,only 8 attempts to open the twitter app and complain about the iOS 11 messing up my iPhone 7 - this is slowing down my life :(,@117466 We'd like to look into this with you. Please DM us details and we'll be glad to work with you towards a resolution. https://t.co/GDrqU22YpT,dm_escalation,guided_escalation
84161,84161,84160,"I just took a shower and my Face ID stopped working, wtf @115858","@134505 We know how important it is to have Face ID working properly, and we want to help. Let's start by trying the steps here: https://t.co/V5aWSz5xXV",troubleshooting,actionable
84163,84163,84162,Will the Apple 4k TV support HDMI 2.1? You sell the cables but will the cables work with the 4k Apple TV.,"@134506 Thank you for reaching out to us. This article may help: https://t.co/3Y2HCovI6b For more questions about Apple TV, please contact our team here:  https://t.co/IBIY3vMgPj",link_resource,actionable
84165,84165,84164,The screen on my Iphone 8 just went black.. three days away from my sons 2nd B-day. GREAT.,@134507 This is not the normal. Let's look into this with you in DM here: https://t.co/GDrqU22YpT,dm_escalation,generic_escalation
84167,84167,84166,"@115858 muy descontento con iPhone 8 Plus y del Apple care no solucionan problemas. No puedo cargar los tonos de llamadas que tenia en el anterior iPhone, respuestas absurdas. La radio calienta muchísimo el terminal,",@134508 We offer support via Twitter in English. Get help in Spanish here: https://t.co/IBIY3vMgPj or join https://t.co/OczyRx7IOs,link_resource,actionable
84170,84170,84168,WHY IS MY AUTOCORRECT CORRECTING “it” to “I.T” all of a sudden😡😡 it’s just creepy and very annoying honestly. @115858,"@134509 We totally get that, but no worries, we can help! Let's start by having you tell us which iOS version is running under Settings &gt; General &gt; About. We'll get started there.",troubleshooting,actionable
84170,84169,84171,11.1.1 it randomly started doing that yesterday and hasn’t stopped.,"@134509 
Got it. There are a few different troubleshooting steps we can work through, and the first is getting your iPhone backed up and then updated to iOS 11.2.1. Let's meet in DM if this doesn't do the trick. 
Backup: https://t.co/4f8hwT5to6",troubleshooting,generic_escalation
84173,84173,84172,"not that anyone contacts me anyways but if you're thinking about it, don't bc my phone is broken!!! don't worry i only wasted my entire night talking to @115858 and when i did what they told me to do, my phone turned off and now it won't turn back on:)))",@134510 We'd be happy to look into this issue with your iPhone. Please meet us in DM and we'll get to work sorting things out. https://t.co/GDrqU22YpT,dm_escalation,guided_escalation
84175,84175,84174,My phones speaker just broke down on me thanks @115858 do better,@134511 We're here to help. Which iPhone and iOS version are you using? Are you having a sound quality issue or is there no sound at all?,information_request,other
84182,84182,84181,"Dear , imsg animation effects not working after upgradation from ios 10 to 11.02 in my iphone 7. Pls resolve this issue",@134512 We'd like to help. Let's have you back up and update to our latest release (11.0.3): https://t.co/80YRnjDFDk,troubleshooting,actionable
84182,84178,84176,Something wrong with phone. -slow charging(from the beginning) -mostly animation isn’t working in imsg -sometimes hangs stuck to a single sceen(rarely) -sometimes it doesnt vibrate(rarely) -whatsapp/imsg interface gets change when we do multitasking with 2-3 apps. Pls replace it,@134512 We want to help with your concerns. Reach out via DM using the link below and let us know if you've updated to the latest release of IOS 11. You can check by tapping Settings &gt; General &gt; About. https://t.co/GDrqU22YpT,troubleshooting,guided_escalation
84182,84177,84179,Now updated let me use it for few days then will come back to you. But how will you solve the issue of slow charging by using software update. It was there from the time of iOS 10 to now 11.2,"@134512 Sounds great, please let us know if the issue continues.",other,other
84186,84186,84185,Where i can send a bug report for iOS? (No beta),@134513 You can submit feedback here: https://t.co/eTPVYVFyd8 We'd be happy to look into any issues you're having to try and resolve them. Tell us more about what you're experiencing.,troubleshooting,actionable
84186,84184,84183,"My phone goes frozen if i got a very long message, when i wanna preview a message with 3D Touch. I try to turn off my phone but it doesnt work. I have to wait until my battery was empty",@134513 We're happy to look into this. DM us and tell us which version of iOS you're currently running. https://t.co/GDrqU22YpT,dm_escalation,guided_escalation
84188,84188,84187,when are y’all going to fix this whole I situation,@134514 Hi there. We’ve recently released an update which addresses this issue. Don’t forget to create a backup of your device before you update: https://t.co/xXaXeeSRt9,troubleshooting,actionable
84194,84194,84193,"Please help me @115858 
My iPhone constantly plays songs on random and I’ve no idea why!","@134515 That’s unexpected! Let’s take a closer look to see what we can find out about your songs playing randomly. To start, which version of iOS are you running on the iPhone currently? This can be found in Settings &gt; General &gt; About.",troubleshooting,actionable
84194,84192,84191,11.0.2,"@134515 This is a couple versions behind the latest iOS, but we'll try some additional steps first. When this happens, do you have the Music app open? Are you able to use the Music app without any issues otherwise?",troubleshooting,actionable
84194,84190,84189,"It’s seems to work fine but just plays all songs on shuffle, even if I press the first song on an album.",@134515 Check to see if shuffle is selected. Follow these steps and let us know the result: https://t.co/NhXCO1Hh4z,troubleshooting,actionable
84196,84196,84195,"I have this problem with iPad Pro But it does not do it all the time, so apple service does not recognize it. What can I do?",@134516 Hi. We'd like to help with this. Check out this article for issues with your display not responding to touch: https://t.co/kQXBriN504 Still need help? DM us and we can take a closer look there. https://t.co/GDrqU22YpT,troubleshooting,guided_escalation
84198,84198,84197,my phone turned off and now all my pictures are gone?? what the fuck????,"@134517 We know how important those memories are, so let's work together to figure out what's going on. Do you have Optimize iPhone Storage turned on in Settings &gt; Photos? DM us the answer and we'll get started. https://t.co/GDrqU22YpT",troubleshooting,guided_escalation
84205,84201,84199,any chance that you can look into this?,@134518 We want to help. Which version of iOS are you using? You can check in Settings &gt; General &gt; About.,troubleshooting,actionable
84205,84200,84202,I am using iPhone X. This is very easy to reproduce even on an iPhone X simulator in X Code.,@134518 Does this persist even when restarting your iPhone?,troubleshooting,actionable
84205,84203,84204,"No, it doesn’t persist after restarting my iPhone. Thanks!",@134518 Excellent! We're here if you have further questions. Have a great day!,other,other
84207,84207,84206,Man wtf my phone is so hot !? @115858,@134519 Let's check into this together and see what's going on here. DM us and let us know which iPhone &amp; iOS version you're using and we'll work from there: https://t.co/GDrqU22YpT,troubleshooting,guided_escalation
84209,84209,84208,"Is @115858 likely to fix this insane #batterydrain in #iOS11 anytime soon? My 7+ just dropped 5% in 1 minute 40 secs of screen on. 

This update has been an all time low for me and for #Apple its horrible","@134520 Hey, we can certainly take a look into the battery life together. DM us the country you're located in and we'll work on this from there. https://t.co/GDrqU22YpT",troubleshooting,guided_escalation
84213,84211,84210,"And this is what happens when I try to start the computer in recovery mode or, well, any other mode.","@134521 We're here to help. First, let's try an SMC reset: https://t.co/FYojVXHuwn If that doesn't help, DM us more info using the following link, including the model of computer and the version of the operating system, and we'll team up to get it running again. https://t.co/GDrqU22YpT",troubleshooting,guided_escalation
84215,84215,84214,Well guys ... i dropped my iPhone .. my iPhone w/ a case on it .. my iPhone that’s supposedly shatter proof .. my iPhone 8 Plus That now has a cracked screen .. any explanations @115858 🤦🏽‍♀️🤦🏽‍♀️,@134522 We can help look into options to get this repaired. Reach out to us in DM and we will help. https://t.co/GDrqU22YpT,dm_escalation,generic_escalation
84218,84217,84216,Also can please tell me why my one year old iPhone is crapping out and always freezes or dies?!?! This shit didn’t happen when I had an Android.....,@134523 We would love the opportunity to work with you today to get these issues corrected. Let's begin with finding out which iOS version you are running under Settings &gt; General &gt; About. DM us that version number here: https://t.co/GDrqU22YpT,troubleshooting,guided_escalation
8422,8422,8421,"Dear @115858, I have an online order which I never received - who can I talk to?",@117481 We want to help out. Look here to talk with our Online Support:  https://t.co/8yjRd1Xo0i,link_resource,actionable
8422,8420,8418,Chat doesn’t seem to work in Germany. On the order page I cannot leave comments ...,"@117481 If you are unable to access these resources, let's get you connected with our local AppleCare Support team to get you to our Online Support group: https://t.co/zDY8Np0kg6",link_resource,actionable
84220,84220,84219,"Battery life is jumping down in 4% steps while streaming music via Apple Music over LTE to Bluetooth headphones That can‘t ne normal, ?",@134524 Let's see what's going on. Which version of iOS is it happening on? Reply in DM to get started. https://t.co/GDrqU22YpT,information_request,guided_escalation
84223,84223,84222,"@115858 what’s happened to the battery life on my iPhone since the latest software update? Whatever it is, it needs sorting soon...",@134525 Having a dependable charge is expected and we'd be happy to look into your concerns. Please DM us your model iPhone and the iOS 11 version currently installed. We'll gladly get started sorting this out. https://t.co/GDrqU22YpT,troubleshooting,guided_escalation
84227,84227,84226,"I’m trying to type it not fuckin I.T, your product is absolute garbage. Figure it out.","@134527 Let's take a closer look at this to get your device working right. Which model do you have and what's the exact OS version number installed?

Have you tried any steps so far and when did this start happening?",troubleshooting,actionable
84227,84225,84224,Everyone’s fucking model is doing it. Even screenshotted It for you boys,"@134526 Thank you for that screenshot. In DM, please let us know the iOS version you're using. You can find that under Settings &gt; General &gt; About. https://t.co/GDrqU22YpT",troubleshooting,guided_escalation
84229,84229,84228,Is anyone else having a weird glitch on their iPhone ? When I type the word “I.T “ I.T auto corrects to I . T,@134528 We want to take a look with you. Could you Direct Message us and let us know what iOS version you're on? https://t.co/GDrqU22YpT,information_request,guided_escalation
84232,84232,84230,@115858 fix that bullshit when I type “I” I don’t wanna see no more question marks,"@134529 We've got your back. An update has been released to assist with this issue. If you haven’t yet, please back up your device and update it to the latest version iOS 11.1.2. For more info, check out: https://t.co/xXaXeeSRt9",troubleshooting,actionable
84232,84231,84233,Already did that,"@134529 Thanks. Are you seeing the question mark when you try to type the letter ""i"" or are you only seeing it on posts or messages from other users?",troubleshooting,actionable
84232,84234,84235,Both,@134529 Thanks. Let's look into this further. Send us a DM and we'll go from there. https://t.co/GDrqU22YpT,dm_escalation,generic_escalation
84238,84238,84236,Hey why did I play soccer and come back to every contact in my phone deleted? 2nd time that’s happened. whatgives,@134530 We’d be glad to help take a closer look at your contacts. We’d like to start by gathering some more information so we can determine where to get started. Are these contacts saved in iCloud or another account on your iPhone? Let us know in DM and we’ll start there. https://t.co/GDrqU22YpT,information_request,guided_escalation
84238,84237,84239,I had them saved on my Computer and all was restored but why do they all disappear?,@134530 We’re glad you’ve been able to restore your contacts. We’d need to investigate the situation more to be able to pinpoint the source of the issue. Have you made any recent changes to your iPhone? Let us know in DM. https://t.co/GDrqU22YpT,information_request,guided_escalation
84243,84243,84241,"Dear @115858 ... HOW IS YOUR BATTERY LIFE ON IPHONES SO SHIIIITE?!!! 50 minutes it’s lasted since full charge, what’s that all about?!!! Stop forgetting about customers who don’t have the iPhone X and remember those with older models #IOS11HasKilledMyPhone!! And good morning 😏",@134531 We'd like to check out this battery issue with you. Let us know which model of iPhone you're using and the exact version of iOS 11 installed via DM. We'll go from there. https://t.co/GDrqU22YpT,troubleshooting,guided_escalation
84245,84245,84244,"@115858 last night, my new MacBook could not detect the SSD after fail to install new OS. what should I do to back up data for new MacBook 12""?",@134532 Thanks for reaching out. We'd be happy to look into options available for you. Would you please join us in DM to continue? https://t.co/GDrqU22YpT,information_request,guided_escalation
84247,84247,84246,"Team, Photos app is acting weird. All pictures are jumbled in the Album folder & it’s not setting right. Also, Below screenshot is from Photos and this happened all a sudden & I haven’t done anything.","@134533 Hey there! We know how important photos are, so we're more than happy to help and recommend reaching out to our Photos team directly so they can help you figure out what's going on. Click here to get started: https://t.co/IBIY3vMgPj",link_resource,actionable
84249,84249,84248,"@115858, both my gf and I have MacBook pros, iPads, iPhones, sort out the Apple lighting headphones or I never buy Apple again!",@134534 We'd be happy to look into this with you more in detail.  Please reach out to us via DM and we'll get started. https://t.co/GDrqU22YpT,dm_escalation,guided_escalation
84251,84251,84250,"Yo My imessage just cut off, I can't facetime & now I got green messages. This happened OUT OF NO WHERE . Then my phone just deleted all my contacts. What is the issue",@134535 We’d be glad to help with all the issues you’ve noticed. We know how important getting those back and working is for your iPhone. Can you start by confirming your iOS version in DM?  You can find that under Settings &gt; General &gt; About. https://t.co/GDrqU22YpT,troubleshooting,guided_escalation
84255,84255,84254,"since iOS 11 apps like Yelp, Open Table and others aren‘t updating over the AppStore? You always have to delete it and reinstall",@134536 That's now how we'd expect those apps to behave. Let's look into this a bit further. Do you get an error message when you try to update? Do you have to delete them each time an app update is available? Are you able to redownload the updated version without issues?,troubleshooting,actionable
84255,84253,84252,No error message. I have to delete each time and then it can be redownloaded without problems. If you just update them the circle is spinning forever in App Store. Only this few apps.,@134536 OK. Send us a DM with the version of iOS you're currently running and we'll take a closer look. Find that under Settings &gt; General &gt; About. https://t.co/GDrqU22YpT,troubleshooting,guided_escalation
84257,84257,84256,is it normal for me to have to restart my Apple TV everyday to get it to work?,"@134537 The Apple TV should not have to go through a daily restart. To look into the Apple TV, let’s get you in touch with our Apple TV pros. You can reach them here:  https://t.co/IBIY3vMgPj",troubleshooting,actionable
84259,84259,84258,I’m hey @115858 do i have a problem here? So much for never getting hacked... https://t.co/rJl8T7y5Er,@134538 Thanks for reaching out and providing us this video. Let's look into this with you in DM here: https://t.co/GDrqU22YpT,dm_escalation,generic_escalation
84265,84265,84264,Mac air is having problem of liquid spill in motherboard due to which it stops charging Is apple selling defective Macs,"@134540 We'd like to look into this with you to see how we can help. Let us know in DM what country you're located in, and we'll get started: https://t.co/GDrqU22YpT",troubleshooting,guided_escalation
84268,84267,84266,It was working fine on IOS 10 but once I upgraded to IOS 11 problem started.its iPhone 6 plus.please give me solution as I am not able to use my device touch is unresponsive,@134541 Thanks for clarifying. Let's move into DM so we can look at our options. Use the button below to get started. https://t.co/GDrqU22YpT,dm_escalation,generic_escalation
84271,84271,84270,"@116333 Also, can you tell me where the CD I just imported went? Cause iTunes sure can’t.",@134542 We'd like to help. Please DM us and tell us what device you're using to import your CD and we'll get started. https://t.co/GDrqU22YpT,dm_escalation,guided_escalation
84273,84273,84272,"Hey @115858 ... your autocorrect, figure “I.t” out! #iosfail #applefail",@134543 We'd love to help you get the auto-correct on your iPhone working again like you expect. DM us which exact version of the operating system your iPhone is running and we'll get started. https://t.co/GDrqU22YpT,dm_escalation,guided_escalation
84275,84275,84274,- Few Messages (sent & received messages) doesn’t wrap in Message App on all iOS 11 versions and flows in one line. Pls look into this.,@134544 Thanks for reaching out. We want to help. Reach out to us in a DM and we will work from there. https://t.co/GDrqU22YpT,dm_escalation,generic_escalation
84277,84277,84276,My apps aren’t working smooth like old iphones. Very slow after updating latest ios 11.1 specially in contacts,"@134545 The performance of your device is important. We'd like to work with you on this issue. First, let's update to iOS 11.1.2 and test the performance. Let us know the results in DM here: https://t.co/GDrqU22YpT",troubleshooting,guided_escalation
84280,84279,84278,Et comme si ça ne suffisait pas tous les tram sont annulés jusque 8h sur la ligne T2,@134546 We offer support via Twitter in English. Contact us for help in your preferred language here: https://t.co/IBIY3vMgPj,link_resource,actionable
84283,84283,84282,@115858 this high Sierra update fucked up my computer thanks,"@134547 We're here to help! DM us more information about what's going on with your computer, including the model, and we'll get started. https://t.co/GDrqU22YpT",dm_escalation,guided_escalation
84286,84286,84284,"“I.T”

Wtf is this?  @115858","@134548 We'd like to help you with that autocorrect issue, no worries. Let's start by having you tell us which iOS version you are running under Settings &gt; General &gt; About.",troubleshooting,actionable
84286,84285,84287,11.1.1,"@134548 Thanks. Let's begin by creating a backup and updating to our latest software, iOS 11.1.2. This article can help if you're unfamiliar with the process: https://t.co/8xihd9VRBM Once updated, please DM us if the issue continues. https://t.co/GDrqU22YpT",troubleshooting,guided_escalation
84290,84290,84288,My apple music needs to start working 😩 @115858 FIX MY SHIT,@134549 We can help. Tell us a bit about what is happening with your Apple Music and we can work together to get a solution.,acknowledgement,other
84290,84289,84291,It won’t come up at all and My battery keeps draining,"@134549 Please send us a DM of what you see when you try to open it and we will go from there. Also, what version of iOS are you running? https://t.co/GDrqU22YpT",troubleshooting,guided_escalation
84293,84293,84292,"How did #Apple get this so wrong, 40K for an 27inch 5K retina iMac that does this on a 100mb photoshop file. @5057 @115858 my 8 year old 17inch iMac works better. https://t.co/a20G7k9x0I",@134550 We'd like to look into this with you. Please DM us the macOS version installed and details of when this issue occurs. Are only certain apps in use? https://t.co/GDrqU22YpT,troubleshooting,guided_escalation
84295,84295,84294,is this still safe to use? poorcollegestudentprobs,@134551 Thanks for reaching out. We want to do all we can to help. Send us a DM and let us know which country you're in. We'll look into your options with you. https://t.co/GDrqU22YpT,troubleshooting,guided_escalation
8437,8437,8434,@115858 suck! Upgrade phone &amp; I lose my Apple ID. Can’t get new id without old &amp; can’t book Genius bar help appointment without ID!!! #stupid,"@117484 We're happy you reached out so we can find you the info you need. If you forgot your Apple ID, go to the Apple ID account page: https://t.co/ggVDoc1mU7 From here, click ""Forgot Apple ID or password?"" then click ""look it up."" From here, follow the on screen prompts.",information_request,actionable
8437,8435,8438,I need an actual human to help me,"@117484 Understood. For further help with your Apple ID, connect with one of our Apple ID Advisors here: https://t.co/UJm15vmMM2",link_resource,actionable
8542,8542,8541,@115858 needs to figure it’s shit out. My phone won’t stop freezing &amp; closing apps 🙄😡,"@117500 Let us help. Does this happen while using any specific app? Also, which version of iOS are you currently running?",information_request,other
8545,8545,8543,what the fuck @115858? https://t.co/oHhvAW2pqh,"@117501 We're here for you. Let's work together to locate your photos. Did you just recently restore your device, by any chance?",information_request,other
8545,8544,8546,"no, my photos aren’t gone. why are there four (five actually, one isn’t pictured) albums in my photos all labeled twitter?",@117501 Got it. Please continue with us by reaching out to our Photos app experts: https://t.co/IBIY3vMgPj,link_resource,actionable
8548,8548,8547,lil help?,@117502 We'd love to help. DM us which iOS device you are experiencing this issue on to get started. https://t.co/GDrqU22YpT,dm_escalation,guided_escalation
8557,8557,8556,"is that safe if we disable passcode for unlock iphone? i mean,is the fingerprint still worked out? i think dat would be enough",@117503 We want to make sure we understand the issue. Are you wanting to disable the passcode and still use Touch ID?,information_request,other
8557,8551,8549,ya.lately my screen was disfunction for touch after its been restart. i couldnt enter passcode yet homebutton still figureout my fingerprint,"@117503 For security, the passcode is always required even if you have Touch ID turned on. Are you still having touch screen issues?",information_request,other
8557,8553,8554,ya.. i did that way like 3-4times for make my screen finally worked out. whats the causes anw? what tips to prevent it wont happen again?,"@117503 We wouldn't want to speculate into the cause, but please send us a DM so we can look into this further with you. https://t.co/GDrqU22YpT",dm_escalation,generic_escalation
8557,8550,8552,so it cant be disable? umm ya.. problem comes oftenly when my iphone just woke up. kindly please gimme some advices to heal that issue,"@117503 This link is a great place to start: https://t.co/kQXBriN504 If you still have issues after those steps, DM us. https://t.co/GDrqU22YpT",dm_escalation,generic_escalation
8561,8561,8558,hey what’s going on with the letter I . When i start to. Type this happens below,"@117504 Let's look at this together. To begin, are you completely updated to iOS 11.1?",troubleshooting,actionable
8561,8559,8562,Yes I just did that today.,"@117504 OK, please DM us, so we can work together on this. https://t.co/GDrqU22YpT",dm_escalation,generic_escalation
8568,8568,8566,@115858 wtf y’all got going on with my emojis 😐 I’m seeing boxes and shit,@117506 Hey there. 70 new Emoji have been released with iOS 11.1. Update to that and let us know how it goes.,troubleshooting,actionable
8570,8570,8569,"FYI, Folders no longer show Folder Names after update unless folder highlighted.",@117507 Thanks for reaching out. For help with AppleTV reach out to our experts here:  https://t.co/IBIY3vMgPj,link_resource,actionable
8574,8574,8572,this is the second Fishing email that I have gotten in 2 days,@117508 We are here to help. Please refer to the following article for steps to report these emails: https://t.co/yGvlh3cZ5Y,link_resource,actionable
8574,8573,8575,Thank you.,"@117508 You are most welcome. If there is anything we can do to assist you in the future, please don't hesitate to reach back out.",other,other
8577,8577,8576,since upgrade to High Sierra I see this screen each time my iMac reboots thus defeating automatic login I need. Help.,"@117509 Thanks for reaching out to let us know about this. So we can look into this with you, please DM us here: https://t.co/GDrqU22YpT",dm_escalation,guided_escalation
8579,8579,8578,"I bought 2 iPhones X on Friday, but I don’t see any charge on my credit card. Do I should worry or it’s normal?","@117510 Thanks for reaching out to us. Please send us a DM with your country, and we'll look into this. https://t.co/GDrqU22YpT",troubleshooting,guided_escalation
86970,86970,86969,Please confirm whether HighSierra installed from today onwards will have the security 'bug' pre-fixed. Thank you.,@135024 We can provide you more guidance on this today. Meet up with us in DM at the link below. https://t.co/GDrqU22YpT,dm_escalation,generic_escalation
86973,86972,86971,Pour les anciens wifi enregistrés il me signale que les mots de passe ne sont pas corrects.,@135025 We offer support via Twitter in English. Contact us for help in your preferred language here: https://t.co/IBIY3vMgPj,link_resource,actionable
86975,86975,86974,I hate how the album artwork is so tiny now 🙄 @115858 https://t.co/B3ltDckhQd,@135026 We appreciate you reaching out to us. Please use this link to provide us feedback: https://t.co/J46COPJzUo,link_resource,actionable
86977,86977,86976,this isn't legit is it ?,@135027 We want to help. Take a look at this for reference: https://t.co/LNMCdqt6fD Let us know if you have more questions.,link_resource,actionable
86980,86980,86978,"ok, I’ve been using my iPhone for 2 hours it’s gone from 100 to 47% background apps off etc .... why?!! Every day I charge it 3 times at least! iphone6splus",@135028 We're here to help. Which iOS version are you currently running? Tap Settings &gt; General &gt; About to find the version number.,troubleshooting,actionable
86980,86979,86981,11.1.2(I5B202) is that right?,@135028 Thanks. Let's look into that further. Send us a DM and we'll go from there. https://t.co/GDrqU22YpT,dm_escalation,generic_escalation
86983,86983,86982,"It’s unbelievable that , still haven’t sorted out the battery issues on iOS 11. I almost don’t want to use my phone because of how quickly it drains out. Unacceptable.",@135029 We're always happy to help. What iOS device are you currently using? Let us know in Direct Message and we'll take a look. https://t.co/GDrqU22YpT,information_request,guided_escalation
86985,86985,86984,Fotos app on Mac cant play back HVEC iPhone 8+ videos. Both iOS and MacOS are updated. Can you push a software fix?,@135030 Hi there! We know photos are important and want to make sure you get the best support for this issue. We have a specialty team that can best assist with this issue and can be contacted from here: https://t.co/IBIY3vMgPj,link_resource,actionable
86987,86987,86986,"And every time I’ve reached out, I’m told to reboot my phone. How many times???",@135031 We'd like to get this sorted for you. We know how important it is to have your phone working properly. Click here to connect with us in DM: https://t.co/GDrqU22YpT,dm_escalation,guided_escalation
86990,86990,86989,pls make a update for iphone 5s on ios 11 battery draining and phone hanging very steadily,"@135032 We want to make sure your iPhone is working great and would like to help. Please DM us the exact iOS 11 version you have installed and if you're using suggestions from https://t.co/bivpdfBNJ6, to help with your battery. https://t.co/GDrqU22YpT",troubleshooting,guided_escalation
86999,86999,86998,"In about 8 hours, I had restarted my iPad thrice because the dock keeps on disappearing. It’s getting annoying.","@135033 Let’s look into this together. Are you using the same app each time the dock disappears? Also, which iOS is on the iPad?",information_request,other
86999,86997,86996,"iOS 11.1.2 on iPad Pro. I’m using different apps. I think one was Procreate, another was Final Fantasy Record Keeper (I think), can’t remember the other one. It happens from time to time but today it happened thrice in such a short period of time.","@135033 Got it. This may be expected behavior. If you put your finger at the bottom of the screen and swipe up, does the dock come back?",information_request,other
86999,86995,86994,It doesn’t. The control center does show up when swiped twice but without the dock. The dock is missing from the homescreen too. If it happens again I’ll screen record.,"@135033 A screen recording would be great! Also, does this happen with any Apple installed apps such as messaging or Safari? If you would like to send the screen recording in DM, you can do that using the link below. https://t.co/GDrqU22YpT",troubleshooting,guided_escalation
86999,86992,86991,@AppleSupport  https://t.co/P6cpbIbsV7,"@135033 Thank you for the screenshots. Just to confirm, is the dock showing off center? Reach out to us in DM and let us know if this happens after restarting the iPad. https://t.co/GDrqU22YpT",troubleshooting,guided_escalation
87001,87001,87000,tell me when will you send your god damn confirmation message. ı cant use my blasted phone. would you like help me ?,"@135034 Hey, can you tell us some more details on what's going on? Which confirmation message you are referring to? Let us know in DM and we'll do our best to help you. https://t.co/GDrqU22YpT",information_request,guided_escalation
87003,87003,87002,This as replacement for the standard headphone jack has become a joke now. 5 (soon to be 6) pairs of headphones &amp; 2 adapters in under a year have failed now. Before the switch I could get a good year out of them. @115858 might have to rethink their design or change manufacturer. https://t.co/oQSNOtpqjo,@135035 We'd like to help if you're experiencing problems with your accessories. DM us which country you're located in. We'll go from there. https://t.co/GDrqU22YpT,troubleshooting,guided_escalation
87005,87005,87004,the app crashes when you are navigating on the ‘you’ tab. Happened several times today,@135036 Thanks for reaching out. We'd be happy to help. What device are you using Apple Music with?,information_request,other
87007,87007,87006,This morning has gone from zero security to my Mac being unable to do anything without asking for passwords over and over Apple Security,"@135037 We want to hear more about the issues you are running into on your Mac. Please, meet up with us in DM and let us know more specifically what's going on, to get started. https://t.co/GDrqU22YpT",dm_escalation,guided_escalation
87009,87009,87008,"Hi, guess you guys need to hire efficient iOS developers. My phone has been lagging ever since the ios11 got its new update.",@135038 We'd be happy to assist you with this issue.  Let us know in DM the iOS device you're using and when you notice your device lags the most. https://t.co/GDrqU22YpT,dm_escalation,guided_escalation
87013,87012,87010,FYI (It’s 1am currently),"@135039 Thank you for taking the time to reach out to us and for providing that screenshot. We know how important it is for your iPhone to display the correct time, and we'd love to help. Does restarting resolve the issue, or does it continue to show the wrong time?",troubleshooting,actionable
87015,87015,87014,"I urgently request an option (toggle) to force the ringtone to always additionally be played via internal speaker even when headsets or other devices are connected. I like to have my phone lying around with speakers connected, dont like to miss calls.",@135040 We care about the feedback you have for us. Feel free to share your feedback and suggestions here: https://t.co/eTPVYVFyd8,link_resource,actionable
87018,87018,87016,"I don’t know what it is, but I got the feeling that my iPhone 6 battery is running out much faster than before. Can it be the new software update or another reason?",@135041 we want to help. Which version of iOS 11 is running on your device?,information_request,other
87018,87017,87019,My iPhone is currently running on iOS 11.1.2,@135041 OK. Let's continue in DM. https://t.co/GDrqU22YpT,dm_escalation,generic_escalation
87022,87022,87021,just noticed i have photos on my phone from 1st Jan 1970! Whats that all about???,@135042 We'd be happy to look into this with you more in detail. Please reach out to us via DM and we'll get started. https://t.co/GDrqU22YpT,dm_escalation,guided_escalation
87024,87024,87023,why do my phone keep vibrating like I have notifications? But when I check there’s no new ones,@135043 Thanks for reaching out to us. We are always happy to help. Send us a DM so we can look into this issue with you there. https://t.co/GDrqU22YpT,dm_escalation,guided_escalation
87027,87027,87025,Left home 20 minutes ago with full battery. Now on 28%. What a pile of your latest IOS is. And in the rind I’ve typed this tweet I’ve lost another 3 %.,"@135044 We can help out with battery life!  What iOS version is the device on, and which device are you currently using?",information_request,other
87027,87026,87028,11.1.2 and 6s. Thanks.,@135044 We'd like to look into this further. Could you Direct Message us and let us know what country you're located in? https://t.co/GDrqU22YpT,troubleshooting,guided_escalation
87030,87030,87029,Unable to create user accounts of any level after the OSX fix that has been released to patch the root issue..... (Domain Joined machine) itonlygetsworse,@135045 We are here to help. Let's start the device into safe mode. Does the issue remain then? DM us the answer. Here are the steps for safe mode: https://t.co/PQ4LSYhUTY https://t.co/GDrqU22YpT,information_request,guided_escalation
87032,87032,87031,my iPhone won't let me delete any of my photos. I click delete and then they come back within seconds?!,@135046 Let's see how we can provide you the best guidance on this. Which iPhone and iOS version are you using? Have you tried restarting your iPhone after deleting the photos? Does the same issue happen after restarting?,troubleshooting,actionable
87034,87034,87033,"Hi, ever since I download the new iOS my home button isn't working!","@135047 The Home Button is very important, so we will do everything we can to get it working.  Which iOS version are you running?  You can check under Settings &gt; General &gt; About.  Have you restarted? https://t.co/OWRDHWSt4h",troubleshooting,actionable
87036,87036,87035,"@115858 Get it together with this phone freezing issue!! It’s annoying, and I know I wont get a free phone if I slam this one.","@135048 We know it's important for your iPhone to work smoothly, and we'd love to help. In DM, please let us know which iOS version you're using. https://t.co/GDrqU22YpT",dm_escalation,guided_escalation
87038,87038,87037,"Hi, there are problems with tvOS 11.2 betas. Apps don't connect to services that uses https. I tested it and For example: 1. Connection to doesn't work 2. works More Could you check it, please?",@135049  We'd want to get you connected with Apple TV support for help.  They can be reached here:   https://t.co/IBIY3vMgPj,link_resource,actionable
87041,87041,87039,I’m not the only one experiencing a bug where the camera settings in iOS 11 reset to default at random despite all Preserve Settings enabled. Running the latest iOS on iPhone X. Please tell me a fix is coming because this is extremely frustrating!,"@135050 We'd like to hear more about this so we can help determine the best way to get this addressed on your iPhone X. Can you provide us more details, perhaps an example of what you are experiencing with the camera settings. Also, let us know your iOS version in DM. https://t.co/GDrqU22YpT",troubleshooting,guided_escalation
87044,87044,87042,why did i just have to re-enter my passwords and why is my imessage noT WORking no matter how many times i switch it on @115858,@135051 We're here for you. Tell us what's happening with iMessage. We'll do everything that we can to getting this sorted for you.,other,other
87044,87043,87045,it's saying that activation is unsuccessful :////,@135051 Thanks. Let's work through the steps here to see if we can get it activated for you: https://t.co/jhvYu3nzpA Please DM us if the issue continues. https://t.co/GDrqU22YpT,dm_escalation,generic_escalation
87047,87047,87046,"habéis leído por ahí que en iPhoneX tengan problemas con que se baja el volumen solo,o no respondan los botones de bloquear,subir y bajar volumen? Es que lo tengo desde el lunes y me esta pasando eso ocasionalmente",@135052 We offer support via Twitter in English. Get help in Spanish here: https://t.co/IBIY3vMgPj or join https://t.co/OczyRx7IOs,link_resource,actionable
87050,87050,87049,"Dear , iOS have eaten more than half of my storage and I don't even know for what content (for ""other""/system). Can you please take a look? What should I delete?",@135054 We'd like to take a closer look. Could you Direct Message us and let us know what country you're located in? https://t.co/GDrqU22YpT,troubleshooting,guided_escalation
87052,87052,87051,euh par contre c’est une vie ça de mettre à charger son téléphone mais que la batterie continue à diminuer?? @115858 jvous parle là,@135055 We offer support via Twitter in English. Contact us for help in your preferred language here: https://t.co/IBIY3vMgPj,link_resource,actionable
87054,87054,87053,is there some issue with Stocks widget since last so many days? I am getting data like this...please help.,@135056 We'd be happy to look into this issue with your Stocks widget. Please DM us the iOS version installed and details of any troubleshooting steps you've attempted so far. https://t.co/GDrqU22YpT,troubleshooting,guided_escalation
87060,87060,87059,I purchased one iphone 5s last December but now battery lasts less than 12 hours even with very few calls! What to do,"@135057 Thanks for reaching out. So we can look into that battery life with you, let us know the specific iOS version you are using currently.",acknowledgement,other
87060,87058,87057,Thanks. I have iOS 11.1.2,@135057 DM the country or region where you are currently located to continue. https://t.co/GDrqU22YpT,troubleshooting,guided_escalation
87060,87056,87055,INDIA,@135057 DM us and we can take a look at this. https://t.co/GDrqU22YpT,dm_escalation,generic_escalation
87063,87063,87061,"Что-то statusbar уехал ( , is it a bug or feature?","@135058 Hey, we'd like to learn some more information on what's going on so that we can help. Send us a DM with the exact iOS version currently installed, and we'll go from there. https://t.co/GDrqU22YpT",troubleshooting,guided_escalation
87063,87062,87064,"Thanks for taking attention on this matter. I’m not sure if this is a bug actually, but UI looks strange. I mean when I swipe to Control Center then StatusBar moves down. Why so? It’d be better to stay in it’s new home...","@135058 That is expected behavior with the Control Center and the status bar. However, we can help get you to the right place to make your suggestion about that. Provide your feedback here:  https://t.co/eTPVYVFyd8",link_resource,actionable
87067,87067,87066,"9:45 AM 100%
10 AM 3%
10 AM- 12 AM 3%

Stop fuckin around on my iPhone 7 battery @115858","@135059 Battery life is essential, and we'll do all we can to help. To get started, let us know what iOS version is currently installed via DM: https://t.co/GDrqU22YpT",troubleshooting,guided_escalation
87076,87075,87074,please read the above.,"@135060 Let’s investigate this together. To start, can you tell us the software versions your iPhone and Apple Watch are running currently?",information_request,other
87076,87073,87072,"My iPhone is on 11.1.2, and my watch is on 4.1.",@135060 Thank you. Have you tried restarting both devices since this started happening?,troubleshooting,actionable
87076,87071,87070,"I’ve restarted both, also un-paired then re-paired the watch.",@135060 Got it. When did you first notice that the two devices were not talking to each other. Do the two devices communicate through other apps such as Messages?,information_request,other
87076,87069,87068,"Yes, everything seems fine, it’s just Health and activity.","@135060 Let’s move to DM and look into this a bit more. When reaching out in DM, let us know when this first started happening please. For example, did it start after an update or after installing a certain app? https://t.co/GDrqU22YpT",troubleshooting,guided_escalation
87079,87078,87077,I completed them but still declined them. All :)),@135061 We can understand wanting to be able to download free apps without a payment method. This article will explain what to do if you cannot choose None as a payment method: https://t.co/rnB74M0zio Let us know what questions you have after reviewing the article.,link_resource,actionable
87088,87083,87081,@AppleSupport,@135062 Thanks for reaching out to us. We'll be happy to see how we can help. Have you tried restarting your Mac to see if that screen continues to display that way?,troubleshooting,actionable
87088,87082,87084,Now this is popping up and my macintosh hd disk is no longer an option. This happened after I was downloading the new Mac OS Sierra.,"@135062 To make sure we're on the same page, where is Macintosh HD no longer showing? If you open up Disk Utility, do you see it listed on the left of that window?",information_request,other
87088,87085,87086,"It was there, but no longer there.",@135062 Let's go ahead and reset the SMC on the Mac and see if it boots up as expected after that. DM us the result and we'll continue there. You can see how to do the reset here: https://t.co/FYojVXHuwn https://t.co/GDrqU22YpT,troubleshooting,guided_escalation
87091,87093,90701,"Hello, I have iPhone 6+..the version on this device is 11.0.1(15A402) ...whenever I try to check for software update, it gives this ""An error occurred while checking for software update"" 3gb free space on device with a good wifi connection..",@135639 Hello. We'd love to assist you with getting the software update completed. Let us know if this helps: https://t.co/Ui1yTnOCUz,troubleshooting,actionable
87091,90702,90703,"Updating the phone using iTunes is the only option left. The network is fine, why can't i do it directly on the phone..It always used to do before..",@135639 Are you receiving any specific error messages when trying to download the update on your iPhone over Wi-Fi?,troubleshooting,actionable
87091,90707,90708,It’s still the same with other networks,@135639 And you aren't getting a specific error message? DM us and we'll do all we can to get you going. https://t.co/GDrqU22YpT,information_request,guided_escalation
87091,90705,90706,"Yes, it circles for around a minute and then it gives ""An error occurred while checking for software update""...","@135639 Thanks. Were you able to work through the steps in that article? If so, do you receive the same error message when you test with another network?",troubleshooting,actionable
87091,87090,87089,is phone x available in Dubai i will travel for buy the phone,"@135064 Great question. You can purchase the iPhone X through this link here: https://t.co/iFSsrnD6fk If you need assistance, there's a phone number to our Apple Online Store or a link to chat support on that same page.",link_resource,actionable
87134,87134,87132,"I took a picture and when I went to the camera roll, about 11,000 photos went missing. I had around 24k, now at 13k.","@135065 We know how important your photos are, and we'd love to help. Since the photos disappeared, have you had a chance to restart your iPhone?",troubleshooting,actionable
87134,87133,87135,"Yes, it just said restoring at the bottom and everything went back to normal, any idea why it does that?","@135065 If you're using iCloud Photo Library on your iPhone, sometimes your Wi-Fi connection can interfere with the communication with iCloud. This is why restarting your iPhone will sometimes help. We're glad to hear your photos are back. DM us with any other questions. https://t.co/GDrqU22YpT",troubleshooting,generic_escalation
87134,87136,87137,Got it! Thanks for your concern and reply.,@135065 You're very welcome. We're happy to do everything we can to make sure you enjoy every feature on your iPhone. Have a great night! https://t.co/GDrqU22YpT,link_resource,actionable
87139,87139,87138,battery awful since update IOS 11.1 why?? Can I go back and undo update??,@135066 That’s not the experience we’d like you to have with your battery. We don’t have a way to go to a previous iOS version. We’d like to start by confirming your iOS version in DM. Find it under Settings &gt; General &gt; About. https://t.co/GDrqU22YpT,troubleshooting,guided_escalation
87142,87142,87141,these battery issues are unacceptable! What’s going on ??,@135067 We'd like to help if you're experiencing issues with your battery. Which device is this happening with? Let us know in DM. https://t.co/GDrqU22YpT,information_request,guided_escalation
87144,87144,87143,"Help! Is there anyone who can tell me what the problem with my 2011 @115858 #MacBook Pro is? Can this be repaired, or is this really the end..? 
#feelingdesperate #apple #macbookpro @5165 https://t.co/tR9xqvJ2Y3",@135068 We are here to help. What country are you located in? Let us know in a DM &amp; we'll continue there. https://t.co/GDrqU22YpT,troubleshooting,guided_escalation
87146,87146,87145,". hi - I’ve been awake since 6.15am and in two hours my iPhone is down to 16% - I’ve only been looking at Twitter on and off, listening to music. What’s happened to battery life on your phones? It was never like this before the latest update","@125208 We know how important it is to be able to depend on your battery. Reach out to us in DM and let us know when you first noticed that the battery life was not lasting as long as expected, which iPhone you are using, and if it seems worse when using certain apps. https://t.co/GDrqU22YpT",dm_escalation,guided_escalation
87148,87148,87147,The fact that my iPhone gets hot as shit all the damn time. @115858 y’all really have to do better 🙄.,@135069 We’re glad you reached out! We’d like to take a closer look at this issue with you. Let us know which version of iOS you’re running in DM. We’ll continue working with you there. https://t.co/GDrqU22YpT,dm_escalation,guided_escalation
87151,87151,87149,"heb half jaar nieuwe MacBook en dan dit probleem met toetsenbord. Contact gehad met jullie supportchat. Zij kunnen niets doen, advies: MacBook opsturen, 4-6 weken kwijt, onduidelijk of t in garantie is. Ik kan MacBook niet zo lang kwijt. Weten jullie meer?",@135070  We offer support via Twitter in English. Contact us for help in your preferred language here: https://t.co/IBIY3vMgPj,link_resource,actionable
87151,87150,87152,"I had contact with chat support before, they could not help me. My letter e and s on the keyboard are almost gone, MacBook is just 8 months old. Unclear about guarantees and repair costs 4-6 weeks!",@135070 We can help. Reach out via DM using the link below and let us know what country you're located in. https://t.co/GDrqU22YpT,troubleshooting,guided_escalation
87154,87154,87153,your product keeps freezing on me when I switch apps. Thought you fixed this last update but I guess not.,@135071 We understand you need to rely on your device and we want to help. Are you double pressing the Home button to switch to a different app when this occurs? Please send us a DM. https://t.co/GDrqU22YpT,information_request,guided_escalation
87157,87157,87155,@115858 Will it affect my Iphones Battery if i use it while charging?,@135072 That's a great question. Using your device while it's charging wouldn't affect your battery's life.,other,other
87160,87160,87158,I’ve blocked a number but texts are still getting through. I thought blocking a number would stop calls AND texts?,@135073 We are here to help. This article can tell you more about blocking numbers in iOS. https://t.co/rYxZGDk3Lz,link_resource,actionable
87160,87159,87161,Thank you for that but I followed those steps but I’m still receiving texts.,@135073 Then the best bet would be to reach out to your carrier about this issue.,other,other
87172,87165,87163,Bruh I can’t even send out..... or call,"@135074 Thanks for reaching out. We'd be happy to help you with making calls and your messages. 
Do you see ""No service"" or ""Searching"" in the status bar?",information_request,other
87172,87164,87166,"Where I live I barely have service, so it says “no service” but I usually send texts through WiFi & it still doesn’t work. But now it’s working. Why is that?","@135074 Thanks for clarifying this. When you see ""No Service"" it means your iPhone can't connect to your cellular providers network. You should have the option to send and receive iMessages via Wi-Fi if you don't have access to the cellular network.",other,other
87172,87167,87168,"Yes I know, I’ve been able to do that then it stopped working & I’m not sure why","@135074 Without troubleshooting the issue, we're unable to determine why this has happend. If it does again, reach out to us and let us know. We'll take it from there.",other,other
87175,87175,87174,I'm. Pretty sure this is spam. Just thought I'd pass it on,"@135076 Thanks for bringing this to our attention. You are correct, this is a phishing email. If you'd like more information regarding these emails and how to report them, please check out https://t.co/LNMCdqt6fD.",troubleshooting,actionable
87178,87178,87176,Thanks @115858 for deciding the new update should include making the default sound for new alarms ‘none’. Found out the hard way this morning having set it for an early breakfast meeting. #fail 🚨😴,@135077 We'd be happy to look into this with you more in detail.  Please reach out to us via DM and we'll get started. https://t.co/GDrqU22YpT,dm_escalation,guided_escalation
87178,87177,87179,It’s ok I know how to change it. It was just an unexpected and slightly annoying change when you’re expecting an audible alarm to go off based on previous experience!,"@135077 Alright, let us know if there's anything else we can help you with. Have a great day.",acknowledgement,other
87183,87182,87180,find some more reports on that in this thread (not the thread starter though),@135078 Let's get your Podcast app reflecting what you expect. Which iOS version are we working with? You can find that in Settings &gt; General &gt; About. Please DM us. https://t.co/GDrqU22YpT,troubleshooting,guided_escalation
87187,87187,87186,"@115858 my iphone 8 went to a black screen after i snapped a photo, everything works fine just that the screen doesn’t turn on.. any ideas on what it might be and how i can fix it?",@135079 We want to help you get your iPhone 8 up and running again. Have you restarted your iPhone? Let us know if this helps: https://t.co/OWRDHWSt4h,troubleshooting,actionable
87190,87190,87189,iOS 11 hangslike hell. This was never happened in past with iOS 10 n it’s before updates ..everyday it hangs.,"@135080 Thanks for reaching out. We want to help look into this. Reach out to us in DM and let us know when you first noticed this, which iPhone you have, and if it only happens in the Phone app please. https://t.co/GDrqU22YpT",dm_escalation,guided_escalation
87192,87192,87191,"Bought a new macbook pro just 2 mounts ago and the ""n"" key isn't working properly. I'm coming..","@135081 We'd like to help. What happens when you press the ""n"" key currently? Does it not respond at all, or does it show the wrong letter? Let us know via DM. We'll go from there. https://t.co/GDrqU22YpT",information_request,guided_escalation
87194,87194,87193,Thanx for making imovie 1.10.8 unuseable! I cant even find a toolbar! Why ?,"@135082 Hey there! Thanks so much for reaching out to us about the newest version of iMovie! For help finding the toolbar, we'd recommend reaching out to our iMovie team direclty. Click here to get started: https://t.co/IBIY3vMgPj",link_resource,actionable
87196,87196,87195,ok why did my phone run out of battery at 45% ? smh,"@135083 We'd love to look into this with you. DM us more information, including the model of iPhone and the exact version of the operating system it's running, and we'll get started. https://t.co/GDrqU22YpT",dm_escalation,guided_escalation
87198,87198,87197,you new update is crap it just drains the battery. 100%full 5 mins late 88%,"@135084 That's certainly not how we want the battery to be working for you. Let's work together. To start, DM us the device you're using and how many times you charge the device on a daily basis. https://t.co/GDrqU22YpT",dm_escalation,guided_escalation
87200,87200,87199,your updates are slowing down my iphone 7 plus. ios 10 was better.,@135085 Thanks for reaching out! Let us help with your iPhone. Which iOS version are you running on it currently? Do you know if all the apps are currently up-to-date on the iPhone? We ask as this can affect the performance.,information_request,other
87202,87202,87201,"Hey @115858. You owe me a new phone because i bought a brand new one back in June and it’s the biggest piece of shit ever. &amp; don’t come @ me saying your support team will help, because I’m not waiting 2 hours to talk to someone. thanks 😋","@135086 We'd love to look into this with you. Join us in DM, Click here and we'll take it from there: https://t.co/GDrqU22YpT",dm_escalation,generic_escalation
87205,87205,87203,Please,@135087 We've received your DM. Please check there for our reply.,troubleshooting,generic_escalation
87208,87208,87206,"My alarm keeps switching its self off at night, air plane mode, blue tooth are all turned on. Videos are playing, photos being taken and Snapchat messages being sent all while I’m asleep. What is going on?","@135088 That certainly isn't expected behavior, and we'll want to figure out what's going on. Send us a DM with the exact iOS version currently installed on your device and we'll go from there. https://t.co/GDrqU22YpT",troubleshooting,guided_escalation
87210,87210,87209,"Hi, I’m in Cyprus where they have no actual Apple Store. I have an iPad Pro 10.5 inch and it’s bent, despite being in a good quality case since I bought it. What can I do? It also has a dead pixel and rotation issues. Thanks",@135089 We'd be happy to look into this with you more in detail. Please reach out to us via DM and we'll get started. https://t.co/GDrqU22YpT,dm_escalation,guided_escalation
87212,87212,87211,facing problem with google maps on my iPhone 6 after updation of iOS 11.1.2 as map not taking my location and showing driving directions please support,@135090 We'd be happy to see what's going on with your location. Are you seeing the same behavior in the Maps app?,information_request,other
87214,87214,87213,i signed out of my apple id on my phone & when i signed back in tons of my music wasnt in my library/no longer downloaded & my playlists were gone. i have an apple music membership. everything on my computer stayed the same however. how do i get it back to normal??,@135091 We received your DM and We'll respond there shortly. Talk to you soon!,dm_escalation,generic_escalation
87216,87216,87215,"I spent the evening at Grand Central due to a continued terrible and mysterious ""FaceID true depth camera disabled"" error and received no solution - help!",@135092 We'd be happy to look into this with you. Let us know via DM which version of iOS you're running on this iPhone X. We'll go from there. https://t.co/GDrqU22YpT,dm_escalation,guided_escalation
89012,89012,89011,Why doesn't @115858 work like they used to? I get a random charge and I'm trying to access my account but it won't accept my password...so i change it.. and it won't accept that password either.. No help from their call in number either..,@135260 We'd be happy to look into this with you more in detail. Please reach out to us via DM and we'll get started. https://t.co/GDrqU22YpT,dm_escalation,guided_escalation
90228,90228,90227,this is really starting to wind me up this iphone 8+ is not a few months old and has been doing this since i got it,@135579 An unresponsive iPhone is never fun. Let us know which version of iOS you’re currently running in DM. We’ll continue working on this issue with you there. https://t.co/GDrqU22YpT,dm_escalation,guided_escalation
90230,90230,90229,"@115858 all I want for Christmas is you to fix this glitchy OS on the iPhone. DO SOMETHING about it instead of fixing little things. It is slow, can’t delete emails until 3 try and forward texts are hit and miss.  And yes I’m running 11.1.2.","@135580 Hey, we can work together towards a solution. Please DM us the country you're located in and we'll work with you. https://t.co/GDrqU22YpT",troubleshooting,guided_escalation
90233,90233,90231,podcast issue on ios11,@135581 We'd be happy to look into this with you. Can you tell us what the message says in the screenshot and which version of iOS 11 you're using?,information_request,other
90233,90232,90234,I‘m using ios 11.1.2 was the same since the ios11 update. Message says „no connection available at the moment“... repeat? Same error on my ipad with ios 11.1.2,@135581 Thank you for those details. Does this happen when you use Wi-Fi and cellular data?,information_request,other
90233,90235,90236,Yes. No difference.,"@135581 Got it. Let's Reset Network Settings. This may require you to reconnect to previously joined Wi-Fi connections, so be sure to have you passwords handy. Check Step 7 in this article: https://t.co/sXbhzfS2lM

Let us know if that does the trick.",troubleshooting,actionable
90233,90237,90238,"Just made rhe reset. No change, still no connection","@135581 Thanks for completing that step. We see you're connected to a Hotspot rather than a Wi-Fi network. Please test this on a different Wi-Fi network, and let us know the results here: https://t.co/GDrqU22YpT",troubleshooting,actionable
90233,90239,90240,Not working on 4g and not working with another wifi,@135581 Thanks for checking that. Let's continue in a DM. Please tap here: https://t.co/GDrqU22YpT,troubleshooting,generic_escalation
90242,90242,90241,"+++ Siz de benzer şekilde sorun yaşıyorsanız lütfen ""High Sierra random display sleep"" başlığına şikayet yazın.",@135582 We offer support via Twitter in English. Contact us for help in your preferred language here: https://t.co/IBIY3vMgPj,link_resource,actionable
90244,90244,90243,all most 22 days has passed & no outcome in my case (100346494946).,@135583 Please send us a Direct Message at the link below so we can review this more with you today. Thank you! https://t.co/GDrqU22YpT,dm_escalation,generic_escalation
90246,90246,90245,Só nessa manhã meu app do Twitter já encerrou sozinho 3x. Tá ficando complicado. pelo amor de Deus,"@135584 Since our Twitter support is available in English, get help at https://t.co/IBIY3vMgPj or join https://t.co/pvaOFfPbjt",link_resource,actionable
90251,90251,90250,I’m still having major battery issues since downloading 11.0.3 despite 3 trips to an Apple store and a complete reset done by the store. When is this software issue going to be resolved?,"@135585 Let us help you sort this out. To begin, please update your device to iOS 11.1.2. However, make sure your device is backed up first. Once backed up, go ahead and get your iPhone updated: https://t.co/80YRnjDFDk  DM us if the issue persists. https://t.co/GDrqU22YpT",troubleshooting,guided_escalation
90254,90254,90252,ever since iOS 11 update my brightness has been absolutely screwed. Any suggestions??,@135586 Hi. We're here to help you. Tell us more about what's happening with your display brightness and we'll do what we can to help.,acknowledgement,other
90254,90253,90255,"Whenever I turn my brightness up or down, a few minutes later it randomly changes (generally to highest or lowest, but sometimes random too)",@135586 OK. It sounds like you may have auto-brightness enabled. When this is enabled you'll notice that your device's brightness slider moves according to changing light conditions. Check out this article to disable that: https://t.co/bkqEVCrK2l,troubleshooting,actionable
90259,90259,90258,Where’s the fix for battery killing iOS 11.1.2? 15 minute battery life is not acceptable.,@135587 We know how important battery life is. We'll do everything that we can to ensure you're getting the most out of your. Click here to join us in DM: https://t.co/GDrqU22YpT,dm_escalation,guided_escalation
90259,90257,90256,"No, I think this needs to be public so it can help other people. So the phone is now dead and won’t charge, regardless of what charging cable I use or what I plug it into. What are you going to do about that? iPhonebattery iOS11","@135587 Let us gather information in order to help look into some options for you. We'd like to continue in DM in order to keep your information private. Whenever you're ready, we'll continue the conversation there. https://t.co/GDrqU22YpT",dm_escalation,guided_escalation
90262,90261,90260,it's even worse after the latest security update. the system login as administrator automatically after restart or shutdown. without asking for password.???????????,"@135588 Reach out to us via DM and let us know the type of Mac that you have, then we can work with you to get this resolved from there. https://t.co/GDrqU22YpT",dm_escalation,guided_escalation
90535,90533,90531,"It’s been 3 days, I can’t get hold of anyone at your company and my parcel is lost in the abyss of your system... what’s going on?",@135590 Are you using the link from the previous message?,information_request,other
90535,90532,90534,"That last message was directed at , I’ve spoken to Apple Support who were great and are investigating for me.","@135590 OK perfect, happy to see! We just wanted to ensure you had a resolution! Feel free to reach out if we can be any further assistance. Our office hours are 7 days a week, from 5AM - 8PM PDT. If you contact us after business hours, we'll respond the following day.",other,other
90538,90538,90537,Just received new unit of iPhone X. First had horrible yellow screen and this is even worse. Is gonna finally admit that the some screens are not as good as they claim to be? Apple iPhoneX,@135591 Congratulations on your new iPhone! Let's get to the bottom of what's going on. Please send us a DM with your country and we can get started there. https://t.co/GDrqU22YpT,troubleshooting,guided_escalation
90540,90540,90539,"I got message notifications but doesn’t show messages in the actual app, been happening since I updated",@135592 We'd be happy to help. What is the actual version you have installed? You can check in Settings &gt; General &gt; About. Tell us more about what's happening in DM. https://t.co/GDrqU22YpT,troubleshooting,guided_escalation
90549,90542,90541,"tengo el iPhone 7 plus, no me permiten ni descargar el archivo iPSW",@135593  We offer support via Twitter in English. Get help in Spanish here: https://t.co/IBIY3vMgPj or join https://t.co/OczyRx7IOs,link_resource,actionable
90554,90554,90550,Sort it out ... e-mail app not working iPhone8,"@135596 Hey, can you tell us what's going on with the Mail app, specifically? Also, to clarify, are you referring to the native Mail app or a third-party mail app? Let us know some details and we'll work towards a solution.",information_request,other
90554,90551,90555,"This ‘unread’ message will not go away. Can’t send to junk, can’t delete...",@135596 We totally understand and would like to help. Please join us in Direct Message to start troubleshooting: https://t.co/GDrqU22YpT,dm_escalation,generic_escalation
90554,90552,90556,@AppleSupport  https://t.co/h5QGlm6Vl3,@135596 We can help get your mail deleted! Please join us in DM to start troubleshooting: https://t.co/GDrqU22YpT,dm_escalation,generic_escalation
90554,90557,90558,Help ...just updated to iOS 11.2 and STILL this scam e-mail will not move to junk or delete or go away! It’s driving me crazy! HELP!,@135596 We're happy to look into this with you. What kind of email account are you having this issue with?,information_request,other
90560,90560,90559,"So every time I go on YouTube and I watch any kind of video, the video stops like it pauses on its own. Idk if it’s a glitch or something. apple I’m guessing it’s from the newest beta.","@135597 Hey, we'd like to learn some more details on what's going on so that we can help. Send us a DM and we'll go from there. https://t.co/GDrqU22YpT",dm_escalation,guided_escalation
90562,90562,90561,All of my photos have disappeared off my phone! Just out of nowhere..they’re gone,@135598 Hello. We definitely know that your photos are important and we are here to help. Have there been any recent changes to your device? Do you use iCloud Photo Library.,information_request,other
90571,90571,90570,I cannot download and update apps on my iPhone 7 and it’s not the first time.. really annoying and frustrating,"@135599 That's not the experience we want for you, but we're glad you reached out. So that we can get you back to enjoying your apps, what specific iOS is running under Settings &gt; General &gt; About?",troubleshooting,actionable
90571,90566,90564,Thanks for replying! The newest one I suppose - 11.1.2,"@135599 Perfect thanks. When you try to update, what happens? Do you receive any error messages?",troubleshooting,actionable
90571,90565,90567,"IT Just keeps asking me for my password multiple times, to log in to my account and just keeps loading for a long time without downloading","@135599 Thanks. Since this started have you restarted your iPhone at all? If not, let's do that now. Does the issue continue?",troubleshooting,actionable
90573,90573,90572,I am trying to update my apps in App Store but it says that I need to pay.,@135600 Hello. There appears to be a billing issue with a previous purchase. Check this out and let us know if it helps: https://t.co/U96y4MTG7k,troubleshooting,actionable
90575,90575,90574,why does my phone jump from 60% to 30% phone battery and then die before it reaches 20%? So annoying,@135601 We definitely know you need to rely on your iPhone battery. Let's get this figured out. Which iPhone model do you have? Please DM us. https://t.co/GDrqU22YpT,information_request,guided_escalation
90578,90578,90576,hello I do not find on your website an iphone x as big as an iPhone SE? littlehands,@135602 We'll get you pointed in the right direction. You can view the iPhone X technical specifications here: https://t.co/ngwnmNILIr,link_resource,actionable
90580,90580,90579,"Dear , why does my keyboard capitalise words which have diacritics in romanian? Example in photo.",@135603 We'd like to look into this for you. DM us and tell us which version of iOS you're running. Find that under Settings &gt; General &gt; About. https://t.co/GDrqU22YpT,troubleshooting,guided_escalation
90583,90583,90581,@115858 really hate the way you badically bricked my iPhone 6 when the new phones came out so I would have to upgrade. Phone works like shit now and I’m starting to hate Apple.,@128527 We want to help you get back to enjoying your iPhone 6. Reach out via DM using the link below and let us know what version of iOS you have installed. You can check by tapping Settings &gt; General &gt; About. https://t.co/GDrqU22YpT,troubleshooting,guided_escalation
90583,90582,90584,Sorry Twitter won't let me DM you because I refuse to give my phone number to a company that cannot safe guard data. I'm on 11.1.1 and refuse to upgrade to 11.1.2 because of the huge security flaw.,"@128527 We'd like to help you out. If you can't DM, there are other support options here:

 https://t.co/IBIY3vMgPj https://t.co/GDrqU22YpT",dm_escalation,generic_escalation
90588,90588,90587,Do I really need to update my OS to login to FaceTime on my mac? Seems extreme? Used to work fine now get ‘activation error’.,"@135604 That's a great question!  While we do recommend keeping your macOS up-to-date, here are a few more steps that you can try: https://t.co/a3pjcxysN2",troubleshooting,actionable
90588,90586,90585,"Thanks for the lead, but still got activation issues. What's the best way to get more help?",@135604 Let's look into this a bit deeper. Let us know in DM which country you're located in. https://t.co/GDrqU22YpT,troubleshooting,guided_escalation
90591,90591,90589,The last upgrade really messed up my macbook. It works way too slower and spends 10%~/h charge. Is it normal?,"@135605 We're here to help! For the battery, we'd first recommend checking out this article: https://t.co/IS1pJIaZuf For the performance, how much RAM is in your computer? Which apps are open? Let us know in DM using the following link and we'll get started. https://t.co/GDrqU22YpT",troubleshooting,guided_escalation
90591,90590,90592,"I think -for some reason- it works as it would right now. If the problem keeps occuring, I will contact you via DM. Thank you for the attention.",@135605 That sounds like a plan! We hope you have a great day.,other,other
90594,90594,90593,"I've lost my I phone 6 on Wednesday night in Kolkata, India please help me to find the phone or track the phone.","@135606 This is never a fun experience. Did you have iCloud with Find My iPhone enabled on the device? If so, you can go to https://t.co/tmRhWEkIq4 to track the device.",information_request,actionable
90596,90596,90595,why does this keep happening,"@135607 An update has been released to assist with this issue. If you haven’t yet, please back up your device and update it to iOS 11.1.2. For more info, check out: https://t.co/4f8hwT5to6",troubleshooting,actionable
90600,90600,90601,Anyone else’s iPhone been nothing but dead since iOS 11 update? Sort it out,"@135609 Thanks for reaching out! It’s important that your iPhone is reliable so you can stay in touch with friends and family. Let’s get to the bottom of the issues you’re having. To start, which version of iOS 11 are you running on the iPhone currently?",information_request,other
90600,90693,90694,"11.1.2 and I’d say 50% of the time I open any App it crashes, battery life has significantly dropped and phone randomly resets. None of which were issues before update.","@135609 We appreciate you sharing these details with us. Do you know if all the apps are currently up-to-date on the iPhone? We ask as this can affect the performance. Also, when you say the iPhone resets, does it just restart or is it resetting your data?",troubleshooting,actionable
90600,90695,90696,"All of the apps are up to date, so that isn’t the reason. It restarts, not resets data.",@135609 Does the iPhone show an Apple logo when it restarts or does it show a spinning gear icon? Let us know in DM. We’ll continue working with you there. https://t.co/GDrqU22YpT,troubleshooting,guided_escalation
90600,90697,90698,I have a similar issue to this.,@135637 We'd like to help out with that. When did you first notice this? Did you notice it before the upgrade to iOS 11? Let us know in DM. https://t.co/GDrqU22YpT,information_request,guided_escalation
90600,90598,90597,"Yep, a lot slower. Try restarting a few times","@135608 If you're noticing your iPhone running more slowly that expected, we'd love to look into what's going on with you. Please shoot us a DM and we can get started there. https://t.co/GDrqU22YpT",dm_escalation,guided_escalation
90606,90606,90603,iOS 11 has some issues the phone hits and runs up battery very fast when ever music is on for some time yet it was not with iOS 10,"@135610 To clarify, are you noticing an increase in battery usage when listening to music? Which app are you using for music? Also, what's the exact iOS version currently installed? Let us know the details and we'll work towards a resolution.",troubleshooting,actionable
90606,90605,90607,Am using 11.0.3 version but when ever listening to music the phone hits while consuming power at Avery fast rate and am using the usual music player,"@135610 Can you clarify for us what you mean when you say that the iPhone hits? Also, let's go ahead and back up your device and update the iOS to the latest version. Afterwards, let's see if you notice an improvement with the battery life.",troubleshooting,actionable
90606,90608,90609,Thanks Apple the issue is sorted after updating to iOS 11.1.2,@135610 We're glad to hear that! Feel free to reach out to us again in the future.,other,other
90614,90614,90612,"@115858 yet again after another update, my ipod touch will not sync with my laptop and half my artwork is gone. Where can I get help with, and please, don't suggest a genius bar as they were hopeless!","@135612 Hello. You've reached the right place for help. Based on what you've described this issue is software-related. So let's tackle it together. First, which OS version are you running on your iPod Touch and your laptop? Is iTunes up-to-date?",information_request,other
90614,90611,90610,"iTunes - when syncing - backs up, determines which tracks to sync then goes straight to applying changes which goes on forever and syncs nothing. I have imported 4 CD's in the past week and only 1 is on my ipod.","@135612 Follow up with us in DM. Tell us if the issue persist after rebooting your devices, and tell us if you're using a Windows or Mac computer there. https://t.co/GDrqU22YpT",troubleshooting,guided_escalation
90616,90616,90615,I'm developing a new app. This app can access the photo library but doesn't have any photo library usage permission. Is it a bug? Apple appleBug iosbug swiftlang iosapp iOS11,@135613 Let's get you in the right place for help. You'll want to reach out for Developer Support here: https://t.co/MN29maiV1D,link_resource,actionable
90620,90620,90618,Four videos are suddenly gone from my phone...would the automatic iCloud backing-up do that? Clear space by transferring them there?? That's the only thing that could make any sense.,@135614 Let's check some settings on your device. Tap Settings &gt; Photos. Is iCloud Photo Library on? Have you signed out of your Apple ID?,troubleshooting,actionable
90620,90619,90621,"Yes, it's on. No, I'm signed in.",@135614 Let's move over to DM to work on resolving the issue further. https://t.co/GDrqU22YpT,dm_escalation,generic_escalation
90627,90627,90626,Having loads of issues with bluetooth audio streaming since iOS11 in combination with updated apps,@135615 We'll do everything we can to help out. What version of iOS 11 is running and on what device? Are you having issues connecting to a specific Bluetooth device?,information_request,other
90627,90625,90624,"iPhone6s running 11.1.2, I reproduced issue, caused by v.4.32.0.2 running in the back preventing or streaming audio via BT","@135615 If we force close the Waze app, are you able to successfully stream to Bluetooth and remain connected?",information_request,other
90627,90623,90622,"The connection is always correct, song info is displayed. 9 out of 10 times closing Waze is solving the issue and the audio is streaming again.",@135615 Let's continue in DM together: https://t.co/GDrqU22YpT,dm_escalation,generic_escalation
90630,90630,90629,is there any way I can check if someone had an access to my laptop due iamroot security issue?,"@135617 Hey, thanks for reaching out. Let's meet in DM and we can continue from there. https://t.co/GDrqU22YpT",dm_escalation,generic_escalation
90632,90632,90631,"I purchased a Macbook Pro 13"" Touchbar and within 4 days discovered keys were going hard, not inputting properly - should this machine be immediately replaced. If it has to go into a repair centre first, can you say why?",@135618 Thanks for reaching out. We can definitely look into your optoins with you. Send us a DM and we'll go from there. https://t.co/GDrqU22YpT,dm_escalation,generic_escalation
90637,90637,90636,iOS1112 notifications on the lock screen are buggy yet.,@135619 We can help out with that. Would you be able to provide more details on what's happening?,information_request,other
90637,90634,90633,Again,"@135619 We'll do all we can to help. To get started, let us know what iOS 11 version is currently installed via DM: https://t.co/GDrqU22YpT",troubleshooting,guided_escalation
90639,90639,90638,"@115858 ya latest update bummed my phone aye, update 11.1.2 is pure poo it’s never ran as slow and notifications stay on the screen and don’t go away.",@135620 Hi. We'd like to look into this. Let us know in DM what apps and functions you notice this happening with. https://t.co/GDrqU22YpT,dm_escalation,guided_escalation
90641,90641,90640,So my IPhone 6s was on 100% at 10:00am. It’s 10:37am. I’ve been listening Spotify. It’s gone from 100% to 15% in 37 minutes. Surely that’s not normal,"@135621 We can help out with battery life. Do you know what version of the iOS is on the device?  If not, you can check under Settings &gt; General &gt; About &gt; Version.",troubleshooting,actionable
90645,90645,90644,"I can't seem to use the payment option ""none"" on my account. Any suggestions as to how I can resolve this without entering payment details?","@135622 We can get to the bottom of this together. To begin, do you have any active subscriptions or memberships?",information_request,other
90645,90643,90642,My account is associated with a corporate iOS developer account.,"@135622 OK! Take a look here for a few reasons you may not be able to choose ""None:"" https://t.co/rnB74M0zio For more help with this, please contact our iTunes Store team:  https://t.co/SDIe7UiyJN",link_resource,actionable
90647,90647,90646,Hello! Do you guys know if it is possible to store the Photos app library in a NAS? I don’t need to sync iCloud. Thank you!,"@135623 Hey, we can get you pointed in the right direction for questions regarding Photos. Please reach out to our Photos experts using this link: https://t.co/IBIY3vMgPj They'll help you out.",link_resource,actionable
90649,90649,90648,"Hey can you let me know why my iPhone 6 (normally fit&well, no previous issues) suddenly has battery issues, mic doesn't work, so can't make calls...I won't be upgrading if that's what you want but I've paid for the phone now so... solve this pls?","@135624 We can certainly work with you to sort this out. First, let's take a look into the battery life. So that we can gather some details, can you tell us the exact iOS version currently installed? Also, what sort of battery issues are you experiencing?",troubleshooting,actionable
90651,90651,90650,"I️ updated my phone recently. The I️ thing never happened to me when it apparently happened to literally everyone else. And NOW it happens? 

Hurry with the next update @115858",@135625 We'd love to help with this. DM us the exact version of the operating system you're using and which model of iPhone and we'll get started. https://t.co/GDrqU22YpT,dm_escalation,guided_escalation
90654,90654,90652,"excuse me, I'm got a refund confirmation email but nothing happened. Do I have to do anythings?","@135626 Thanks for reaching out to us about your refund! To clarify, was this a refund for a purchase in the iTunes Store? Or was this a product purchase?",information_request,other
90654,90653,90655,Thanks for reply. I'm purchased music in iTunes Store.,@135626 Thanks. Our iTunes Store Support team would have the best information for you on that. You can contact them here: https://t.co/SDIe7UiyJN,link_resource,actionable
90657,90657,90656,@115858 my iPhone after last update is dying sooo quick is on the edge of ridiculousness.. 🤬,"@135627 Battery life is everything! Let's see how we can get yours back to being great. Is it iOS 11.1.2 that you have installed now? When you navigate to Settings &gt; Battery, do you see any alert at the top of this page regarding your battery?",troubleshooting,actionable
90659,90659,90658,"Can you sort an update to put back the option to turn off auto-brightness, . Burning my battery and my retina.","@135628 That setting hasn't been removed. If you're using iOS 11, you can turn it off in Settings &gt; General &gt; Accessibility &gt; Display Accommodations.",troubleshooting,actionable
90661,90661,90660,new iOS turns bluetooth back on each time I power down and reboot my iPhone 6plus. Pretty annoying since turning it off helps battery life.,@135629 We're happy to help with your Bluetooth and Wi-Fi. With iOS 11 there were a few changes to how you can control your connections. Please check out https://t.co/G7BHuQnDS6 for details.,troubleshooting,actionable
90664,90664,90662,hello my iPhone is a couple of months old and has started randomly switching itself off. I’ve managed to turn it on using a power source but there’s 40% battery. Any advice?,@135630 Thanks for reaching out to us. We are always happy to help. Send us a DM so we can look into this issue with you together. https://t.co/GDrqU22YpT,dm_escalation,guided_escalation
90666,90666,90665,"I'm trying to recover my Apple ID and when I do it says ""cannot verify account we apologise but we are unable to verify your account information online""",@135631 Being able to access your Apple ID is important. Reach out to the Apple ID team to help take a closer look here: https://t.co/UJm15vmMM2,link_resource,actionable
90668,90668,90667,why can’t I see notifications in my lock screen? Eg a text comes up as ‘text notification’ can’t see who it’s from and it’s starting to seriously annoy me,@135632 We want you to be able to see your notifications properly.  When did this start?  Which iOS version are you running?  Please reply in DM. https://t.co/GDrqU22YpT,information_request,guided_escalation
90671,90671,90669,"kernel panic last night, today all my application icons are missing... Whats happened?",@135633 We'd be happy to look into this with you. Could you tell us which version of macOS you're running? Do the icons for those apps look normal in the Applications folder?,information_request,other
90671,90673,90674,Here we go! Any ideas?,@135633 We're glad you were able to partially resolve your issue. Let's continue via DM. Reach out using the link below and let us know if you've restared your Mac since making these changes. https://t.co/GDrqU22YpT,dm_escalation,guided_escalation
90677,90677,90675,"Hey, is there a way, to Name a specific automation in the iPhone Like „Christmas-Lights“.",@123858 Thank you for reaching out to us. We're happy to help. Take a look here for more information: https://t.co/ept6Vf2rqU,link_resource,actionable
90677,90676,90678,"Ok thats helpful, but my questions was, if there is a way to rename this automations.","@123858 OK! Let's take a closer look at this. Please send us a DM, so we can gather a few more details. https://t.co/GDrqU22YpT",dm_escalation,guided_escalation
90680,90680,90679,"Apple macOS users/geniuses HALP! My computer won't work! I get the first screen of writing, then it tries to load, then the tiny writing in the top left hand corner, it repeats all this about 10 times, then the symbol, then it shuts down",@135634 We'd like to help you with your Mac. Take a look at the steps and information here: https://t.co/rO42NAGDmI Let us know if you still need help.,dm_escalation,guided_escalation
90683,90683,90682,"Beste , hoe zorg ik ervoor dat foto’s en filmpjes niet DIRECT in iCloud worden opgeslagen? Echt totaal idioot dat ik ze, twee minuten na het nemen, weer moet downloaden om ze aan iemand te versturen. Help, bitte!",@135635 We offer support via Twitter in English. Contact us for help in your preferred language here: https://t.co/IBIY3vMgPj,link_resource,actionable
90690,90690,90687,HELP.Why does my iPhone 5 se not record long videos?I have 34mb free on my phone everything else is in the cloud except for running apps.34mb and it will only take 50sec video?RAGING!!! iPhone Help iphoneproblems,"@135636 We'd be happy to look into what's causing you to not be able to take videos longer than 50 seconds. Are you able to take multiple videos that cut off at 50 seconds, or do you have to delete one to record another?",information_request,other
90690,90688,90691,This is what I currently have.The free storage amount keeps changing?I have added no other apps or photos or videos.,@135636 We always want to help you get things working as they should. DM us and we'll continue there. https://t.co/GDrqU22YpT,dm_escalation,generic_escalation
90700,90700,90699,"So I accidentally did the new @115858 update,cause it kept popping up on my screen,n now battery is at 39% after charging all night n went down to 30% in literally 15seconds of use..... WTF?!","@135638 We certainly understand how important a good battery life is. We'd be happy to look into this further with you. 
Which device are we working with? Shoot us a DM and let us know. https://t.co/GDrqU22YpT",information_request,guided_escalation
90710,90710,90709,"@115858 I am having big time issues with Safari, using latest Mac OS High Sierra, automatically some new window keep popping up Mac Safekeeper and other ads I have tried various ad blocker but it doesn't work. please solve this issue. using MBP 2016 touchpad version.",@135640 Thanks for reaching out. We know how that could become bothersome while you are trying to research. You will find great guidance and assistance in this support article here: https://t.co/qr0pQfKgYD DM us if the issue remains. https://t.co/GDrqU22YpT,troubleshooting,guided_escalation
90712,90712,90711,"@115858 can’t you just make good phones with good updates please, that google phone is starting to look good, as my 7 won’t turn on",@135641 That is not a good feeling when your phone won’t power on.  Let’s see what we can do to get it working.  Meet us in DM and we will take it from there. https://t.co/GDrqU22YpT,dm_escalation,guided_escalation
90715,90714,90713,82% dropped to 37% in just fifteen minutes.,@135642 Having reliable battery life is important! Let us help you with your iPhone. You’ll want to start by making the recommended changes listed here: https://t.co/bivpdfBNJ6 DM us if you’re still having issues after testing out the changes. https://t.co/GDrqU22YpT,troubleshooting,generic_escalation
90719,90719,90718,and the fix has been locking my screen when idle for just 3/4 minutes. annoying to put password repetitively.,"@135643 Let's take a look at what's going on with your password together. First, we need to check some of your settings. When you go to System Preferences &gt; Security &amp; Privacy &gt; General, when is the password required? Let us know in DM and we'll get started. https://t.co/GDrqU22YpT",troubleshooting,guided_escalation
90723,90723,90722,hello please help my messages app won't work it hasn't for a while when i click to open a message the app closes,@135644 We can help. Are you able to force close all of your apps?  This might help: https://t.co/RqqIctrDWV. Once that is done please try the Messages app again.,troubleshooting,actionable
90723,90721,90720,yep i've done that loads of time but it won't work,@135644 Got it. DM us and tell us when you first noticed this issue and we'll continue there. https://t.co/GDrqU22YpT,dm_escalation,guided_escalation
90725,90725,90724,"Yo,@115858, on my 45 minute commute, I’ve checked my emails (maybe twice), read an article and listened to some Spotify. My battery has dropped from 100% to 65%, what gives? Is it because my phone’s just out of warranty and you want me to spend my hard earned cash on a new one?",@135645 This definitely isn't the experience we want you to have with your iPhone. Let's see what we can do to get it resolved. Which version of iOS are you using? You can find that in Settings &gt; General &gt; About.,troubleshooting,actionable
90727,90727,90726,how do I cancel my Apple music trial there is no option to?,"@135646 Check out this article, it will provide the steps to cancel a subscription: https://t.co/YKDbvueXrq",troubleshooting,actionable
90756,90756,90755,My phone’s rebooting every 2 mins,"@135655 Thanks for reaching out to us for support! Let's give the steps in this article a shot, they should resolve it for you: https://t.co/osZOKKTalm https://t.co/GDrqU22YpT",link_resource,actionable
90872,90871,90869,@135689 @115858 I stupidly upgraded my Mac to High Sierra this week. Ever since it's been slow and unresponsive! It's rubbish. Never had a problem with it before. Last time I upgrade early.,"@135688 We're here for you, and want assist with the unresponsiveness issues on the Mac. Can you see if the steps in this article help? https://t.co/IrKeo4E8fX",information_request,actionable
90872,90868,90867,OK. So why whenever I close my Macbook or let my screen sleep I have to power it off and on to make it work? Shouldn't have upgraded.,"@135688 We would like to try a couple of different troubleshooting steps regarding your Mac. There’s a few settings that we can help reset that may clear up your issue.

First would be an SMC reset: https://t.co/FYojVXHuwn

Second would be a NVRAM reset: https://t.co/sf0JEbUJVS",troubleshooting,actionable
90934,90934,90932,"Hey @115858, very concerning  that both my iPhone 5s iPhones started a restart cycle every minute with spinning gear at midnight Dec 2, 2017 after no changes in software for several days. Is this a poison pill to get me to upgrade for Christmas? #FixIOS11","@135703 We understand your concern and we want to help you. Let's back up your device and follow the steps that we offer on our article here: https://t.co/osZOKKTalm

This article will walk you through backing up your device: 
https://t.co/4f8hwT5to6",link_resource,actionable
90934,90933,90935,Thanks for the reply. Followed these steps earlier today based on a users post on internet. Glad to see an official Apple support page response too. Thanks.,@135703 We’re happy to hear the situation was resolved. Please message us back if you’ve got any other questions in the future. We're online every day from 5am-8pm PST.,dm_escalation,guided_escalation
90990,90990,90989,"hello, my iPhone 7 keeps crashing? Help",@135716 We're here to help you. Let's follow the steps in this article: https://t.co/osZOKKByWM Before updating we recommend creating a backup of your device. If you continue to have issues DM us and we'll look into things a bit closer there. https://t.co/GDrqU2kzhr,troubleshooting,guided_escalation
9152,9152,9150,"Hey , what’s up with this new autocorrect? Happening on iPhone 7 Plus and iPhone 7.",@117639 Let's take a look at this issue together. Which iOS version is your device currently running?,information_request,other
9152,9151,9153,"Well, I was running 11.0.3, and now 11.1. Issue persists.",@117639 Thanks. Please DM us and we'll continue this conversation there. https://t.co/GDrqU22YpT,dm_escalation,generic_escalation
9152,9154,9155,I’m having the same issue!!! Just started today!,@117640 Lets help get this sorted. Please DM us the version of iOS you're using and we can go from there. https://t.co/GDrqU22YpT,dm_escalation,guided_escalation
9160,9160,9159,I got my phone yesterday and it’s already not charging thanks @115858 🙃,@117641 We want to make sure you can charge and enjoy your new phone. Is it not showing as connected to power when plugged in?,information_request,other
9160,9158,9157,It’s showing it’s connected and the battery is decreasing.,@117641 We are here for you. Let's take a look at this further for you. Reach out to us in DM. https://t.co/GDrqU22YpT,dm_escalation,generic_escalation
9162,9162,9161,"My iPhone is so damn glitchy, not sure this upgrade to the 8 was worth it. I can’t even send pictures",@117642 Let's see how we can help over Twitter. Is iOS 11.1 the version installed and have you tried any steps? Which app is it?,troubleshooting,actionable
9165,9165,9164,Can I undo this iOS update? This is horrendous and dealing with phone frustration during 75% of my 150 mobile uses each day is not acceptable @115858,@117643 We'd be happy to help. Send us a DM with a few details. https://t.co/GDrqU22YpT,dm_escalation,guided_escalation
9170,9170,9168,11.1にあげたらTwitter少し見てるだけだし低電力モードなのに20パーへったぞ。デバイス本体ごと取り換えて数ヶ月だし今回のアプデはミスだな。バッテリー消費悪化してる。,@117645 We offer support via Twitter in English. Contact us for help in your preferred language here: https://t.co/IBIY3vMgPj,link_resource,actionable
9170,9169,9171,iOS11.1 consumes battery pretty fast....,"@117645 Let's see how you're using your battery so we can provide the best solution. To start, DM us with the country where you're located. https://t.co/GDrqU22YpT",troubleshooting,guided_escalation
9174,9174,9172,"Bienvenida sea la multi tarea al 3D touch en iphone, gracias newupdate",@117646 We offer support via Twitter in English. Get help in Spanish here: https://t.co/IBIY3vMgPj or join https://t.co/OczyRx7IOs,link_resource,actionable
9176,9176,9175,the new update is making my phone so funky. Check out the emoji and the letter I. Is there a fix?,@117647 We'd like to help. Send us a DM and we can start there. https://t.co/GDrqU22YpT,dm_escalation,generic_escalation
9178,9178,9177,what’s up with typing the letter I ... it wants to be an A and a box with a question mark,@117648 We'd like to help. We received your DM and will continue there. https://t.co/GDrqU22YpT,dm_escalation,generic_escalation
9180,9180,9179,"I bought an iTunes gift card worth £15 a week ago, and the email still hasn’t come into my inbox to tell me the code. Helpppp",@117649 We're here for you. You'll need to contact our iTunes Store group for help with iTunes codes: https://t.co/SDIe7UiyJN,link_resource,actionable
9187,9187,9185,hey apple ! What is going on with the iPhones ?? Every time I type the letter “I” I get a symbol. Which you see right now!,@117650 Let's team up and get the exclamation point working right. Which model do you have? Is iOS 11.1 installed?,troubleshooting,actionable
9187,9184,9183,I have 11.0.3,"@117650 The first step we want to take is to back it up, then update it to iOS 11.1 to rule that out: https://t.co/80YRnjDFDk",troubleshooting,actionable
9187,9182,9181,"Okay, I updated my phone the newest version",@117650 Thank you for the update. DM us here to continue: https://t.co/GDrqU22YpT,troubleshooting,generic_escalation
9190,9190,9188,Hey @115858 just wondering why this new update has had my phone going bananas all day so far?? Please enlighten me.,@117651 You've come to the right place. What seems to be going on with your phone?,information_request,other
9190,9189,9191,"My screen is lagging, my apps are all glitching, your new screen updates are slowing my processsing speed down. Y’all are killin me fr yo","@117651 Is this happening only with certain applications? Meet up with us in a DM, we'll continue there. https://t.co/GDrqU22YpT",information_request,guided_escalation
91912,91912,91911,@115858 hi first iOS 11 has been updated after the phone started to shake it up even though my phone is 3 months old I am starting to feel uncomfortable in this situation all the problems started to happen after updating.,"@135923 Thanks for reaching us here. We'd like to get some details about what's happening with your iPhone. Have you had a chance to install the latest iOS 11 version, 11.1.2? You can check in Settings &gt; General &gt; About. Please DM us. https://t.co/GDrqU22YpT",troubleshooting,guided_escalation
91914,91914,91913,@115858 fix your shit. The iOS11 update has more bugs than a roach motel 😒,@135924 Thanks for reaching out. We can definitely look into any issues you're experiencing. Send us a DM and let us know which device and specific iOS version you're running currently. We'll go from there. https://t.co/GDrqU22YpT,dm_escalation,guided_escalation
9193,9193,9192,Ayo fix this whole question mark box ting dem shits annoying.,"@117652 Hi, can you tell us more about this in a DM? We'll look into this together from there. https://t.co/GDrqU22YpT",information_request,guided_escalation
9195,9195,9194,I bought an iPhone 8 with AppleCare+. Wanting to return the iPhone 8. What happens with the AppleCare+?,@117653 Thanks for contacting us. We'd like to gather some info to help out. Let's meet in DM. https://t.co/GDrqU22YpT,dm_escalation,generic_escalation
9200,9239,59602,Have bug... if send to people that have old ios... LCD freze. Need to close. To go back,"@129597 Thanks for reaching out to us. To clarify, when using the Echo effect, does your Messages app become unresponsive?",information_request,other
9200,59603,59604,"Yes unresponsive, i have blank screan, need to force close, and open again messages. Thanks","@129597 Thanks for those details. To help isolate the issue, can you tell us which version of iOS 11 your device is on?",information_request,other
9200,9233,44617,I am using iOS 11.0.3 but I was unable to get that option,@125903 Are you referring to the echo effect in Messages? Let us know via DM and we'll look into it. https://t.co/GDrqU22YpT,information_request,guided_escalation
9200,44618,44619,Ya I was asking about it,@125903 Be sure you don't have Reduce Motion turned on: https://t.co/P2Obw7hkfD Send us a DM if you still can't find it. https://t.co/GDrqU22YpT,dm_escalation,generic_escalation
9200,9229,36075,Where’s the update for this I. Why does the letter l do that. Why do I have to use a lowercase L for a capital l?!,@123846 We'd be happy to look into this with you.  Please reach out to us via DM and we'll get started. https://t.co/GDrqU22YpT,dm_escalation,guided_escalation
9200,38209,38208,And when is the summer free is going to be released?,@124299 We’re also excited for the iPhone X! You can find out more information about available models here: https://t.co/yl9mQrnFWP,link_resource,actionable
9200,9221,34691,When will fix the problem with activation (error 0xE8000013)? Or your phones are now disposable?,@123523 Let's explore this in more details. Which device is exact iOS version are you using? When are you receiving this error?,information_request,other
9200,9275,33327,I updated to iOS 11.1 and the phone get really warm and the battery dropped by 10% in 10 minuets when I watched videos in YouTube. iPhone 7+,@123366 That should not be happening. Let us help. Tell us more about this in DM. https://t.co/GDrqU22YpT,dm_escalation,guided_escalation
9200,9217,34658,"I thought this update would fix the problem with appstore/itunes payments. I cant open some apps , i cant update any and i cant download any",@123515 We'd be happy to look into what's going on. Which device and iOS version are you using?,information_request,other
9200,34659,34660,I am using Iphone 7 and iOS 11.1,"@123515 DM us your country, and we'll continue working there. https://t.co/GDrqU22YpT",troubleshooting,guided_escalation
9200,9214,32370,I have the iPhone 7 Plus but i can’t do that,"@123171 Thanks for reaching out. We are always happy to help. Are you running iOS 11.1? If not, learn how here: https://t.co/80YRnjDFDk",information_request,actionable
9200,32371,32372,Thanks! I have iOS 11.1 but i dont see the new emojis,@123171 Thanks for following up. Send us a DM so we can look into this with you there. https://t.co/GDrqU22YpT,dm_escalation,generic_escalation
9200,9212,32356,Fix our iOS 11.03 battery issue. I’m on a 7 plus.,@123167 Send us a DM and let us know how long your battery is lasting. We'll help. https://t.co/GDrqU22YpT,dm_escalation,guided_escalation
9200,9272,13192,"Im using iPhone6s,it is installed with iOS 11.0.3 n battery drain problem is not resolved in it.When they resolve this issue in wht update?",@118712 We've received your DM and will be responding there shortly. Thank you.,dm_escalation,generic_escalation
9200,9198,9196,Does the person you send it too also have to have a iPhone to see this?I see it on my phone.,@117654 Great question. They must have a device with iOS 10 or later. Here's some more information: https://t.co/GCtGkHihKu,link_resource,actionable
9200,9197,9199,But would it work with another phone brand?Like LG galaxy phones?,"@117654 Currently, only iPhones with iOS 10 or later are supported.",other,other
92524,92524,92522,@115858 location services are glitching on Apple maps and google maps. Restarted iPhone and still can’t find me. Anybody else having these issues?,@136033 We're glad to help. What version of iOS are you running? Find that in Settings &gt; General &gt; About. Once we have that we'll move forward from there.,troubleshooting,actionable
92524,92523,92525,11.1.2. iPhone 6 (upgrade is coming),@136033 Thanks. Let's look into that further. Send us a DM and we'll go from there. https://t.co/GDrqU22YpT,dm_escalation,generic_escalation
92527,92527,92526,been trying to get help on the website for hours. No response and nobody free to chat to. I can't update my phone and I think it has a virus. Any help?,@136034 We received your DM and we're happy to follow up with you there shortly. We look forward to helping you get that iPhone updated and addressing any other concerns you may have. https://t.co/GDrqU22YpT,troubleshooting,guided_escalation
92529,92529,92528,this is what the new iOS 11 update does. You’ve ruined my phone with the new update. I am certain I am not the only one who feels this way.,@136035 We'd be happy to look into this with you more in detail.  Let us know in DM the issue's you're experiencing and the iOS device you're using and we'll continue from there. https://t.co/GDrqU22YpT,dm_escalation,guided_escalation
92531,92531,92530,Why are you not warning customers about the elaborate scam I just experienced yesterday?!?,@136036 Did you receive a phishing email? We can help with that! Tell us more about what you experienced please.,information_request,other
92533,92533,92532,Absolute shock the iPhone 8 &amp; X come out and my 7 starts shutting down on 30% battery @115858 you are dirty eyed boys,@136037 We certainly understand wanting to have your battery life last as long as expected and we'll be happy to help. Reach out to us in DM &amp; let us know which iOS version is installed as well as some more info about the iPhone unexpectedly shutting down. We're happy to help!,troubleshooting,guided_escalation
92536,92535,92534,Apple Music?? That way I've lost a lot of unnecessary money and I still can't listen to albums and single offline or most of the time even with WIFI because it keeps telling me I need an Apple Music plan for my ITUNES music?? please help,@136038 We'd like to see what's going on with your music you purchase. DM us and let us know which device you are purchasing the music on and if you have iCloud Music Library enabled. We'll get started there. https://t.co/GDrqU2kzhr,dm_escalation,guided_escalation
92538,92538,92537,"@115858 Does this charger come with a warranty? Thank you and have a terrific day.

https://t.co/ikNhJkGb5e",@136039 We would like to help you look into all of your service options.  Please meet us in DM and we can take a closer look. https://t.co/GDrqU22YpT,dm_escalation,generic_escalation
92540,92540,92539,I just came back from Apple Reseller for a dying iPhone speaker. They asked for my password in front of every other customers (the phone was as the back of the store). Is it the normal procedure??? I refused.,"@136040 We'd like to take a look at this with you. Reach out to us via DM and let us know which country you're in, and the location that you visited. Then we can go from there. https://t.co/GDrqU22YpT",troubleshooting,guided_escalation
92543,92543,92542,"Since downloading the latest iOS update, watching the battery life on my iPhone 6s Plus go from 100% to 88% in under 1 minute is not a joyous moment",@136041 We know how vital the battery is. We want to look into this further with you. Were you using a specific app when this occurred? Please DM us. https://t.co/GDrqU22YpT,information_request,guided_escalation
92545,92545,92544,Dear @115858 fix this Fucking auto correct 😐 I’m tired I’m typing “it” and “it” changes to “I.T” 😤‼️please rt ‼️,@136042 We'd like to dig into this further with you. DM us the version of iOS you're running and we'll continue from there. https://t.co/GDrqU22YpT,dm_escalation,guided_escalation
92547,92547,92546,"Is it just me or do others experience problems with people hearing you when calling on your iPhone?! Or maybe we’re not supposed to speak on phones anymore!! Mine’s a new 7, so not impressed",@136043 We know how important it is for you to be heard when you’re making calls. Let’s look into what’s happening on your new iPhone 7 together. Send us a DM with the results after following these steps: https://t.co/uQ2iN69dmS https://t.co/GDrqU22YpT,dm_escalation,guided_escalation
92549,92549,92548,"Señores el nuevo iOS me tiene el celular completamente lento: no puedo tener dos apps abiertas porque inmediatamente la pantalla se congela, para cuando actualización?",@136044 We offer support via Twitter in English. Get help in Spanish here: https://t.co/IBIY3vMgPj or join https://t.co/OczyRx7IOs,link_resource,actionable
92552,92552,92551,@115858 when will the A ? Box crap go away so that id use the I’d honestly,@136045 We’d like to help you get your keyboard working properly.  Which iOS version are you running?  You can check under Settings &gt; General &gt; About.  Please respond in DM. https://t.co/GDrqU22YpT,troubleshooting,guided_escalation
92559,92555,92553,why is my battery dying twice as fast on my brand new iphone x than it did on my year old iphone 7+ ?? like seriously the battery is draining super quick,@136046 We'd love to help you improve battery life. Do you know what version of the iOS is on the device?,information_request,other
92559,92554,92556,11.1,"@136046 Do you have a recent backup in iCloud or iTunes of the device?  If not, we'll want to do a backup now with these steps:  https://t.co/4f8hwT5to6

Then let's update the latest iOS version and see if the issue persists. If it does, let us know in Direct Message. https://t.co/GDrqU22YpT",troubleshooting,guided_escalation
92559,92557,92558,"I did an icloud backup two days ago, i’ll update my software","@136046 Let us know when that's done, and if the issue persists Direct Message us. https://t.co/GDrqU22YpT",dm_escalation,guided_escalation
92621,92621,92619,"My iPad says the software up to date, but I can't find the new emojis. Can you help please?","@136047 We want you to enjoy those emojis, so let us help you sort this out. Follow the steps here to get those working: https://t.co/al34j7NnHh  DM us if you run into any trouble: https://t.co/GDrqU22YpT",dm_escalation,generic_escalation
92625,92625,92624,my battery life when i first got my 7+ lasted two days without charging it. now this shit barely makes it past 3pm. this is not okay!!!,@136048 We're happy to assist. Which iOS version are you currently running? Go to Settings &gt; General &gt; About for the version.,troubleshooting,actionable
92625,92623,92622,iOS 11.1.2,@136048 Let us know what country you're in via DM and we'll continue from there: https://t.co/GDrqU22YpT,troubleshooting,guided_escalation
92627,92627,92626,1 dia e meio no chat com o com chuva de textão A TOA,"@136049 Since our Twitter support is available in English, get help at https://t.co/IBIY3vMgPj or join https://t.co/pvaOFfPbjt",link_resource,actionable
92630,92630,92628,the fix isn't available for my machine !,@136050 We understand the importance of your Mac's security. Let's look into this together in DM. Send us a message and we will follow up there. https://t.co/GDrqU22YpT,dm_escalation,generic_escalation
92635,92639,105318,Dude I’m having issues with my alarms not going off either. They’re all “alerting” me but no sound or vibrate,"@139256 We’d love to help with your alarms. To start, which device and iOS version are you using? You can tap Settings &gt; General &gt; About to locate the iOS version.",troubleshooting,actionable
92635,105319,105320,"Just switched some settings, turning on “Change volume with buttons” seemed to trigger it to work",@139256 Great to hear you resolved the issue. Let us know if we can help in the future. Have a wonderful day!,acknowledgement,other
92635,92633,92631,My alarms have been going off silently the last few days. Have yet to figure out why.,"@136051 We'd be happy to help you with this. Can you tell us which model iPhone, and iOS version you are currently using please?",information_request,other
92635,92632,92634,"iPhone X, 11.1.2","@136051 Thanks for sharing that with us, can you confirm in a Direct Message if you delete all the previous alarms and create a new one if it works 5 minutes into the future. https://t.co/GDrqU22YpT",dm_escalation,generic_escalation
92642,92642,92641,when’s the next update ? Since the last one my phones slower than a slug !!!,"@136053 Hey. We're here to help you. Just to confirm, you're running iOS 11.1.2, is that correct? Let us know in DM and we'll look into your issue. https://t.co/GDrqU22YpT",information_request,guided_escalation
92644,92644,92643,Does Apple Pay work via text as yet?,@136054 Thanks for reaching out. This feature is coming this fall. More information about this here: https://t.co/LVMJqqcDhs,link_resource,actionable
92646,92646,92645,anything I can do about this?,@130471 Always happy to help. This might be helpful in getting that case in order there: https://t.co/95FB0vc1dM,dm_escalation,guided_escalation
92648,92648,92647,@115858 I thought y’all were the best? Why my phone tripping?,@136055 We're here to assist.  Let us know in DM the device you're using and the issues you're experiencing. https://t.co/GDrqU22YpT,dm_escalation,guided_escalation
92650,92650,92649,"Since the last 2 updates my 128GBiPhone7 has slowed to a crawl (15 seconds) unlocking & opening apps, mail etc. Something, somewhere has changed. And I don’t like it one bit.",@136056 We'd like to take a closer look at what's happening. Please DM us your current iOS version and country. https://t.co/GDrqU22YpT,troubleshooting,guided_escalation
92652,92652,92651,"disappointed with what’s happening to my iPhone 6. It’s freezing, can’t type, doing things on its own, having to restart every damn minute. I’m over it, please fix this issue! It must be that update bc my phone was fine a few weeks ago!",@136057 We'd be happy to assist with your iPhone today. Send us a DM to get started. https://t.co/GDrqU22YpT,dm_escalation,guided_escalation
92654,92654,92653,@115858 let’s go back to iOS 10. One more battery drain from iOS 11 for no reason will push me to competitors. I’m tired of this garbage. You’re losing your luster.,@136058 We'd be happy to look into this issue with you more in detail.  Let us know in DM the iOS device you're using and the exact version of iOS. https://t.co/GDrqU22YpT,dm_escalation,guided_escalation
92656,92656,92655,Always wait. I stupidly didn't. Same problem. @115858 https://t.co/HyqLZTzDbr,@136059 We're here to help. Click here to meet us in DM and we'll do everything that we can to get this sorted with your battery life. https://t.co/GDrqU22YpT,dm_escalation,generic_escalation
92658,92658,92657,"can you please tell me how you transfer for example, videos from PC to my iPhone. I have tried various ways but none have worked. Movies/ Videos bar appears blank in iTunes..",@136060 We'd be happy to help. Which version of iTunes are you running? What is happening when you try to sync them to your iPhone?,troubleshooting,actionable
92661,92661,92660,My 6-year-old 6th gen iPod nano is at riskkkkkkk Can I trade in?,"@136061 That’s a great question. We do offer a recycling program. Here is a link that will tell you more about that: https://t.co/ev5QiiHXHb

Also, we can go through a few steps to see if we can help get your current iPod working again if you would like.",link_resource,actionable
92664,92664,92662,Hi Pls can you explain the 8-10% discrepancy with the steps recorded daily on my AppleWatch and those logged on AppleHealth app? (See pic for just 1 example) This error is affecting my member benefits. Thanks,@136062 We're here for you. Try the steps in this article and let us know if the issue continues: https://t.co/6mOJlRrZ8K,troubleshooting,actionable
92664,92663,92665,thanks. I read the document & as it is a 3-series watch I’ve checked the settings as instructed - they were set correctly Do I need to go through the recalibration process as per a 1-series watch? Why doesn’t Health app just point to same XML field as Activity app?,@136062 Thank you for those details. Have you restarted both your iPhone and your Apple Watch since noticing this? DM us and let us know. https://t.co/GDrqU22YpT,troubleshooting,guided_escalation
92669,92669,92667,"Mac wouldn’t wake from sleep today, had to force reboot, now it’s doing this. If this is how emergency security patches are installed, it’s not very friendly.",@136063 We understand how this would be disruptive when you need to use your Mac. Has the update completed? Are you able to use your Mac? https://t.co/GDrqU22YpT,troubleshooting,actionable
92669,92668,92670,Yeah it was actually a normal software update that’s done now. Just frustrating as it was at midday!,"@136063 Thank you for letting us know. If you'd like to leave feedback about this, please do so here:  https://t.co/eTPVYVFyd8",link_resource,actionable
92674,92674,92672,"my iphone6 spent about 2 hours in close proximity with an iphoneX and now its almost completely broken... cant open snapchat, microphone and camera dont work, keeps closing out of apps..... @115858 ....... i see u, ur not fooling me",@136064 We'd be happy to look into this with you. Can you tell us which version of software you're using?,information_request,other
92676,92676,92675,"Huh, iPhone X, a phone that doesn’t support landscape home screen, attempting a landscape home screen! uxdesign apple iphoneX ux iphone",@136065 We'd like to look into this. DM us and tell us which version of iOS you're running. Find that under Settings &gt; General &gt; About. https://t.co/GDrqU22YpT,troubleshooting,guided_escalation
92679,92679,92677,I’ve been locked outta my phone for a while due to a glitch on my screen that enabled me from removing a notification alert at the top of my screen further enabling me from powering off because the power off feature was beneath the notification I couldn’t remove. 🙄 @115858,"@136066 We're here to help out and make sure that you're able to access your iPhone! Which type of iPhone do you have and, if you know, which version of the iOS is currently installed?",troubleshooting,actionable
92679,92678,92680,Thanks a lot. I have a 7 and OS 11.1.2. I managed to shut it off by holding the sleep and both volume buttons and it restarted that way. I wasn’t aware of that method before then. Still confused about the glitch though.,"@136066 Perfect. That's what our next suggestion was going to be. Glad you figured that out, and got back into your iPhone 7. Do you recall which app the notification belonged to? We'd like to see if we can prevent this from happening again.",information_request,other
92679,92681,92682,I’m glad I figured it out too. There’s only so many buttons on an iPhone. It was my Message app.,"@136066 For sure. Do you recall if there were several notifications crowding the lock screen, or just a few message notifications? Meet us in DM so we can provide guidance on trying to prevent this from recurring. https://t.co/GDrqU22YpT",troubleshooting,guided_escalation
92685,92685,92683,Good morning! My iPhone has been unable to join a “captive Wi-Fi network” like you find in many public coffee shops. Can you help?,@136067 We're happy to help get this Wi-Fi issue taken care of. Can you tell us which iOS version you are currently using please?,information_request,other
92685,92684,92686,iOS 11.1.2 but it’s been an issue for quite a while now...maybe since the last version of iOS 10.x. All of other Apple products work as expected. I can manually open Safari and navigate to and that will work most of the time.,@136067 Okay. Join us in DM so we may better assist you: https://t.co/GDrqU22YpT,dm_escalation,generic_escalation
92694,92688,92687,"Is this incomplete display rendering related? Bogus Guest user won’t accept any password I use on this box. Even after ‘sudo passwd Guest’. Who is this fake “Guest” and why can’t I make it go away, @115858 ? https://t.co/k8Nd4maJbT","@136068 Thanks for reaching out. We'd like to look into this with you. If you restart the machine, does the account remain? What is your macOS version? Please join us in DM. https://t.co/GDrqU22YpT",troubleshooting,guided_escalation
92697,92697,92695,"Every time I look away from my phone and look back it drops like 8 percent, figure this battery thing the fuck out @115858","@136069 Thanks for reaching out about this behavior. Let’s team up to get this addressed. To clarify, approximately how long have you been facing this behavior? Which iPhone are you using? Does this happen while using any particular app or feature?",information_request,other
92699,92699,92698,": when a purchase to gift at a later day is made , will the charges take place at the moment of the purchase or on the delivery date ?","@136070 Great question. On any purchase, you are charged at the time of the transaction. Get in touch with our Sales team if you have any further questions:  https://t.co/8yjRd1Xo0i",link_resource,actionable
92702,92702,92700,my keyboard for my new iPad pro isn’t working. I often have to take these two apart to re-engage. Assuming that’s not how it is supposed to work!? Please help thanks,@136071 Let's help get your Smart Keyboard functioning as expected. What's the version of iOS installed on the iPad Pro? Does the issue persist after rebooting the iPad Pro as well?,troubleshooting,actionable
92702,92701,92703,Thanks for getting back to me. Confirmed IOS up to date (11.1.2). This does persist after rebooting.,@136071 Have you tried disconnecting and reconnecting?  This article explains further:  https://t.co/eqRjET05nq,information_request,actionable
92702,92704,92705,"Yes. I think the problem rests with the keyboard. I believe this one is slightly defective as the ‘pins’ do not line up exactly, which leads to disconnection.",@136071 OK.  Let's continue the conversation in DM.  Which country are you located in? https://t.co/GDrqU22YpT,troubleshooting,guided_escalation
92707,92708,105424,Completely blank (white) page.,"@136072 We'd like to make sure your iPhone's iOS is up-to-date, as well as Pages. Can you tell us the exact iOS version you're using? You can find this by going to Settings &gt; General &gt; About. If you're already using iOS 11.1.2, can you check the App Store for updates?",troubleshooting,actionable
92707,105425,105426,Using 11.1.2. Pages 3.3.1,@136072 Thank you. Our team that best helps with Pages would love to assist you from the following link: https://t.co/IBIY3vMgPj Make sure to select Apps &amp; Software &gt; iOS apps &gt; Pages for iOS to reach their team.,link_resource,actionable
92707,92707,92706,"Since installing iOS11, Pages will not open on iPhone - any suggestions please.","@136072 Thank you for reaching out to us. That is not at all expected behavior. Let's work together to get this resolved. Just so we're clear, can you describe what happens when you try to open Pages? Any errors or specific behavior?",troubleshooting,actionable
92711,92711,92709,I tried everything and my phone alarms won’t go off no matter what I do help me I’m a tired College student,"@136073 Hi. Getting your notifications is very important and we'll do everything can to help. To start, how long has this been occurring? Have their been any recent changes to your device?",information_request,other
92711,92710,92712,It’s been occurring for about a week and I just updated my to IOS 11 today to try to fix it and tried resetting my settings but nothing worked,"@136073 Thanks for the information. We'd like to confirm we have all the specific details we need. Please meet us in DM, so we can further assist: https://t.co/GDrqU22YpT",dm_escalation,guided_escalation
92715,92715,92713,Why does my iPhone randomly capitalise letters? iOS,"@136074 We'd love the chance to look into this with you. Which iOS version are you using on your iPhone? Also, could you give us an example of when you're seeing letters being capitalized?",information_request,other
92718,92718,92716,I just bought a new iPhone 8 Plus and the charging seems to be really slow,@136075 Congratulations on your new iPhone 8 Plus! We want to be sure everything is working as expected for you. How long does it take to charge your new iPhone? Are you using the charger that came with it? Which iOS version are you running in Settings &gt; General &gt; About?,troubleshooting,actionable
92718,92717,92719,The latest iOS update and its plug in with the official cable and plug but it doesn’t show the percentage go up until I reboot my phone and it changes,"@136075 Got it. Check out the steps in this link https://t.co/uqxquyfdn0 under 'If your device charges slowly or won’t charge', and let us know the result in DM: https://t.co/GDrqU22YpT",troubleshooting,guided_escalation
92721,92721,92720,HEY @115858 FIX THE DANG BATTERY PROBLEM ON THE IPHONE 7S!!!!,@136076 Thanks for reaching out again! We'd love to continue working with you on your iPhone's battery. Join us back in DM and we'll start up where we left off. https://t.co/GDrqU22YpT,dm_escalation,guided_escalation
92724,92724,92722,Is there a way to have Siri insert punctuation automatically when dictating a text message?,@136077 Hi. Let's look into that. What device are you using?,information_request,other
92724,92723,92725,iPhone 6,@136077 This feature is not currently available. We encourage you to provide your suggestions and feedback here:  https://t.co/eTPVYVFyd8,link_resource,actionable
92727,92727,92726,my MBP screen goes completely black out of nowhere. I can see it shows some glitter right before going off. Quite strange. Recently upgraded to High Sierra and got the root security fix this morning.,"@136078 We're glad you took the time to reach out to us. We want to be sure you can use your MacBook Pro without any display issues. It sounds like we will need to reset the NVRAM. You can follow the steps outlined here: https://t.co/sf0JEbUJVS
Let us know how it goes.",troubleshooting,actionable
92730,92730,92728,i recently switched from 3 mobile to EE and redeemed the 6 months free Apple Music but I got charged £9.99 today.,@136079 This is something our iTunes billing team can review with you in more detail today. Please reach out here for the best assistance: https://t.co/SDIe7UiyJN,link_resource,actionable
92732,92732,92731,"Dear / - I am beginning to hate my iPhone6plus. It lags, it forgets, it refuses to adapt to the new iOS. You told me you’re “working on a solution”, I don’t believe you. This is like “constructive eviction” - conditions are so bad, I’m being forced out.","@136080 Hey, we'd like to continue looking into this with you. Please DM us with the exact iOS version currently installed and we'll work together from there. https://t.co/GDrqU22YpT",troubleshooting,guided_escalation
92735,92735,92734,Why is it my Cloud Account has deleted items I had Not Moved into the Trash? Policy Violations by Illegitimate Assumed Power...,@136081 That’s not what we’d like to hear. Can you start by letting us know more about what has happened in DM? We’d like to confirm what files were lost as well as the free available space on your iCloud account. You can follow the steps here: https://t.co/7vNd2QAL5s https://t.co/GDrqU22YpT,information_request,guided_escalation
92739,92739,92738,I am from India and I want to order the iPhone X from Dubai? Is that possible from your Apple store? Can I make that happen?,@136085 We’d like to help with your iPhone X order! We know how important being able to customize your order and pickup options are. In order to get started reach out to us here:  https://t.co/8yjRd1Xo0i,link_resource,actionable
92741,92741,92740,- security patch installed automatically on Mac this morning and now NO user password works. Mac is locked. Need help ASAP,"@136086 We'd love to help with this. Are you able to get into the Guest user? Let us know in DM, and we'll team up to see what's going on. https://t.co/GDrqU22YpT",information_request,guided_escalation
92743,92743,92742,i dont get the text overlaps ios 11.1.2,@136087 We can take help out! Does this seem to persist after rebooting the iPhone?,troubleshooting,actionable
92745,92745,92744,"após a atualização do IOS para a versão 11, a bateria do meu telefone não dura nada!","@136088 Since our Twitter support is available in English, get help at https://t.co/IBIY3vMgPj or join https://t.co/pvaOFfPbjt",link_resource,actionable
92748,92748,92746,"sometimes I get these emails that are full of dates, times, and things to do that I wish I could just take a screenshot of it and attach in my calendar. Is this a possibility?",@136089 We can assist you. The following guide provides instructions on how you can include attachments in Calendar events: https://t.co/PP2ob8UU2r,link_resource,actionable
92748,92747,92749,Thank you!!,"@136089 You're welcome, thanks!",other,other
92751,92751,92750,"hey @115858 , where is my iPhoneX?

I'm waiting for a long time, really considering, cancel the order, sell my appleWatch and buy an Android terminal.","@136090 Thanks for reaching out! We know how eager you are to get your new iPhone X, we’d be excited as well! We’d like to get you pointed in the right direction for assistance. Did you order the iPhone from our Online Store or from your carrier?",information_request,other
92753,92753,92752,THIS iOS is the worst iOS in history. My phone has never been the same. Everything is slow. ITunes podcasts is just non responsive 70% of the time. Straight up garbage,@136091 Thanks for contacting us. This is certainly not an experience we want you to have. Let's meet in DM. We'd be happy to help. https://t.co/GDrqU22YpT,dm_escalation,guided_escalation
92755,92755,92754,"Trying to load an email. My iPhone6S never did anything like this before the newest phone was released. Why is it every time that a new model comes out my phone turns to junk, which “mysteriously” is cured after I upgrade?","@136092 We're happy to help. To start, what version of iOS are you currently running? Find that in Settings &gt; General &gt; About.",troubleshooting,actionable
92759,92757,92756,it happened again....,"@136093 Thanks for reaching out. We'd like to look into this with you. Please DM us your current iOS version, and we'll get started. https://t.co/GDrqU22YpT",dm_escalation,guided_escalation
92762,92762,92760,How do you activate the emergency sos with the X because hitting the power button continuously just brush up my Apple Pay,@136094 Thanks for reaching out to us. We'd be happy to help. This article shows how to activate an emergency call on your iPhone X: https://t.co/NOFjqtl0yV,link_resource,actionable
92769,92765,92763,@AppleSupport @5439,"@131555 We'd be happy to look into this with you and figure out what's causing this. Is this the only audio that this is happening with? If so, have you checked for an update in the App Store?",troubleshooting,actionable
92769,92764,92766,No app updates. And I will test with comparison to Apple Music app shortly,@131555 Sounds like a plan. Let us know the result.,other,other
92769,92767,92768,Yes. It’s happening to other apps too like Apple Music. So not app specific but. iOS 11,"@131555 Let's do all we can to ensure we find you a resolution. Please click here, and meet us in DM so we can better assist: https://t.co/GDrqU22YpT",dm_escalation,generic_escalation
92774,92774,92773,please provide me a list of Apple authorised service centres in the state of Punjab (India). Thanks.,@136095 We'd be happy to provide you with our Apple Authorized Service provider in your area. Please check this link for more info: https://t.co/pMByj0ZEGM,troubleshooting,actionable
92777,92777,92775,"A complete muck up from High Sierra. Desktop now will not boot up, will not start in Safe Mode, or any mode. Cannot access Disk Utility. Looks like your Apple software ate itself and loads of pre-2014 computers. Whaaaat?",@136096 Let's help get your Mac up and running again. Tell us in more detail what happens when you start the Mac. What do you see on the screen?,information_request,other
92783,92783,92782,Can’t figure out if it’s or ... my iPhone resets at least twice a week when I’m listening to pandora at the gym. y’all fixing to ruin a workout,"@136097 Can we get which iPhone and software version you're using? Also, do any other apps have this issue?",information_request,other
92783,92781,92780,"iPhone 6S, iOS 11.1.2 Only have this issue with pandora",@136097 Thank you. Are all apps up to date? Have you tried removing Pandora and reinstalling it?,troubleshooting,actionable
92783,92779,92778,Update: still resets phone even after removing and reinstalling.,"@136097 We appreciate the update. Just to be sure that we're on the same page, is your iPhone restarting while you're using any other apps? Please send us a DM with the results. https://t.co/GDrqU22YpT",troubleshooting,guided_escalation
92786,92786,92784,"My Apple Mail just changed its look to this. Did I do this accidentally and how do I change it back, or did this happen to everybody? I prefer the old look (no summaries) and want it back.",@136098 No worries. We can point you in the right direction. Which device will we be working with?,information_request,other
92786,92785,92787,"Aha ... Use Classic Layout, right? Seems to work!","@136098 We're glad you got it sorted out. If you have any other questions, feel free to reach out to us.",other,other
92790,92790,92788,For my new #iPhoneX yesterday. Disappointed in the folio case as it is way more pink than the website shows. #websitecolourfail #poorshow @115858 https://t.co/6Fuj2mtrqf,@136099 Let's get you assistance on this. Check out our Shopping Help online here: https://t.co/NSXHJ7mLcN,troubleshooting,actionable
92790,92789,92791,My gripe is not that I don’t know how to return items or anything like that. It is that the colour advertised is very different from the finished product.,@136099 Understood. Please provide feedback about this here:  https://t.co/eTPVYVFyd8,link_resource,actionable
92800,92800,92798,Omg wtf is wrong with texting; all these weird icony things come up instead and ruin every text! It’s obnoxious. Someone please explain! @115858,"@136100 Let’s look into this together. To be sure we’re on the same page, can you give us a bit more detail on what you notice when typing a text message?",information_request,other
92800,92797,92796,See what I mean,@136100 Thanks for providing us with further details. Which iOS version is your device currently running? We want to make sure that you're running the latest version. You can check this through Settings &gt; General &gt; About.,troubleshooting,actionable
92800,92794,92792,11.0.3,"@136100 Great news. The issue was resolved in a recent iOS update. To update to the latest version, go to Settings &gt; General &gt; Software Update and tap Download and Install. We recommend having a current backup prior to updating. If you have any questions, let us know.",troubleshooting,actionable
92800,92793,92795,Thanks for your help and thanks for being so prompt with me too,@136100 You're very welcome. Have a great evening!,other,other
92803,92802,92801,It would be nice if i could get a response?!,"@136101 We want to get you back to your music so you can listen whenever you're on the go. Try powering off and restarting your iPhone. This sounds simplistic, but it can help with these types of issues. Please DM the result. https://t.co/GDrqU22YpT",troubleshooting,guided_escalation
92807,92807,92805,"the customer service is about the worst I have ever experienced, 2 weeks had my money, no device, useless!!","@136102 We know how important it is to have your device. Please send us a DM, let us know what’s happening, and we’ll see how we can help. https://t.co/GDrqU22YpT",dm_escalation,guided_escalation
92807,92806,92808,"Pleas look at order W578459521, your customer support is abysmal in this matter. Clearly the device has been lost somewhere with the courier",@136102 Whenever we work with an order we like to verify the country where the order is being delivered to. What country are you located in?,troubleshooting,actionable
92807,92809,92810,UK,"@136102 For the best assistance regarding your order status and location, call our Apple Online Store team directly at 0800 048 0408. Lines are open Monday-Friday 08:00-20:00 and Saturday-Sunday 09:00-18:00. Or use: https://t.co/Di7GEfZgJi 
Other questions? DM us. https://t.co/GDrqU22YpT",information_request,guided_escalation
92807,92811,92812,"Tried that for many days already, it’s useless","@136102 Thanks for letting us know. Because we don't handle orders via Twitter, we'd ask that you keep trying to reach our Online Store. They are best suited to assist you.",troubleshooting,actionable
92818,92815,92813,"Hi I would like to ask a question about the iPhone X, Is it alright if is swim with it if I have a screen protector on it?",@136103 Thanks for reaching out. Please check this link for information about water resistance on your iPhone X: https://t.co/7BYhy7G38U,troubleshooting,actionable
92818,92814,92816,The link didn’t really help me,"@136103 We're sorry about that. The link we provided has some information on what's advisable and what isn't. Generally, it is not advisable to swim with your iPhone even with a screen protector.  Please let us know if you have any other questions!",other,other
92870,92870,92868,When will CarKit give access to GPS navigation apps?,@136104 Thanks for reaching out. Are you referring to using GPS like described in this article: https://t.co/dd2f257Ec7,link_resource,actionable
92872,92872,92871,I paid full price to use your app and now it’s not working?,@136105 We'd like to look into this with you. Please DM us more about what's happening. https://t.co/GDrqU22YpT,dm_escalation,guided_escalation
9304,9304,9303,why are my I ‘s changing into I ?!!!!!,@117655 Interesting. Let's look into this. Which iOS version is showing in Settings &gt; General &gt; About?,troubleshooting,actionable
93629,93629,93628,"my 6s has been lagging since I downloaded iOS 11.1.2 & it’s very annoying, especially been as it’s practically brand new","@136293 We know how important it is that your iPhone run like you expect it to, so we'd love to investigate what's going on and team up to find a solution. What are you doing on the iPhone when it slows down? DM us more details and we'll get started. https://t.co/GDrqU22YpT",information_request,guided_escalation
93650,93650,93649,@115858 why is there no way to add seconds to the iPhone status bar or standard ‘Clock’ app? Seriously stupid when there’s a seconds hand on the Clock app icon ... #thismakesnosense,@136296 We appreciate your feedback and recommend letting us know your thoughts about this here: https://t.co/eTPVYVFyd8,link_resource,actionable
93688,93688,93687,@115858 let my ft fail one mo time 🤬,"@136306 You're in the right place, we'll get to the bottom of what's happening with FaceTime. Is the call failing while talking, when making a call or when receiving a call? What type of device are we working with? Please DM us. https://t.co/GDrqU22YpT",information_request,guided_escalation
94731,94731,94730,Is it just me or did the delete key on my Bluetooth keyboard stop working in Mail on iOS11? Com’on @115858 you’re killing me with iOS11 bugs. https://t.co/QpvkrEvzIg,@136576 Hello. Thanks for bringing this to our attention. We'd like to team up with you and get this sorted. Click here to join us in DM and provide us with the device and iOS 11 version that you're using: https://t.co/GDrqU22YpT,dm_escalation,guided_escalation
94734,94734,94732,"Dear , I get a trouble with itunesx64. It can not connect with ip6s at ios11_2_5. What's wrong?","@136577 We're happy to look into these issues with you. To make sure we understand correctly, your iPhone is not recognized by iTunes, is that correct?",information_request,other
94734,94733,94735,"I fixed it. I saw the link ""Using a 64-bit edition of Windows?"" at your site and download via this link. But I didn't know this is an old link. I think you should update it.",@136577 We're glad that things are running once again. Let us know if we can be of any other assistance.,other,other
94737,94737,94736,"So i got a email to update my payment method, i keep trying & reset my iPhone to do this but it keeps saying try again later it cannot update. Any Suggestions","@136578 We've received your DM, and will continue there. Look for a response shortly.",dm_escalation,generic_escalation
94741,94741,94738,@115858 Can someone please explain the bug in icloud mail online where I can't reply to some emails because the email pops up and fills the entire screen without leaving any room for a reply?,@136579 We want to make sure you're able to reply to your emails without issue. Are you accessing the account from a desktop browser?,information_request,other
94741,94739,94742,It started doing this recently...within the last 14 Days.,@136579 Thanks for those details. We'd be happy to look into this with you further. DM us using the link below and we'll go from there. https://t.co/GDrqU22YpT,dm_escalation,guided_escalation
94749,94745,94743,Stupid iPhone autocorrect my “I” you guys need to fix that crap starting to get very irritating,@136580 We want to help. Which version of iOS 11 is your device currently running?,information_request,other
94749,94744,94746,11.0.1 15A403,"@136580 An update has been released to assist with this issue. If you haven’t yet, please back up your device and update it to iOS 11.1.2. For more info, check out: https://t.co/4f8hwT5to6",troubleshooting,actionable
94749,94747,94748,I did update. Appears to work. Thanks,@136580 Awesome! Let us know if we can provide any more assistance.,other,other
94751,94751,94750,iPhone X Bluetooth connectivity issues with JabraConnect headset. Cuts in and out all the time. Didn’t with my 7+,@136581 We're here to help. Try these steps and let us know if you still have this issue: https://t.co/JMbUWh4fsj,troubleshooting,actionable
94753,94753,94752,Is no one else having this I.T autocorrect problem? @115858,@136582 Hey there. Let's work on this together via DM. Please tap here to meet us there and share which iOS version you're running on your device (Settings &gt; General &gt; About): https://t.co/GDrqU22YpT,troubleshooting,guided_escalation
94755,94755,94754,"love deleting 80% of my phone contents to install IOS 11 and waiting 5 hours just for it to fail, nice one @115858",@136583 Let’s team up to get your iPhone updated. Did you get a particular error message or prompt when you attempted to update? Have you had the opportunity to take the steps from this article? https://t.co/p76Gaa97kg,troubleshooting,actionable
94758,94758,94756,After i updated my iphone 6s to 11.1.2 the battery started draining really fast and there is issue in charging too,"@136584 We get how important battery life is to be able to rely on your device. Let's get started troubleshooting what is going on.

How long ago did you update to 11.1.2? Additionally, in the App Store, do you have any updates to install? If so, go ahead and do so.",troubleshooting,actionable
94758,94757,94759,it’s been 5-6 days when i updated to 11.1.2 and all the apps are on their latest version. So what’s next?,@136584 Thank you. Let's take a closer look into support options in DM. Send us a message with the country you're located in and we will follow up there. https://t.co/GDrqU22YpT,troubleshooting,guided_escalation
94761,94761,94760,@115858 I get that y’all are excited about the new phones being released but you don’t have to BREAK MINE FOR ME TO GET A NEW ONE. my phone hardly functions thx to u.,@136585 That’s not the experience we want you to have with your iPhone. Let’s work together to get this addressed. Could you let us know more details about the complications you’re facing via a DM? We’ll keep moving from there. https://t.co/GDrqU22YpT,information_request,guided_escalation
94763,94763,94762,there is a slight green tint on the top right of my iPhone X screen. It shows up in the passcode screen and Spotify but there could be more places I didn’t notice yet. Is this suppose to be there? I have the all black wallpaper on.,@136586 We want you to love your new iPhone X. We aren't seeing the green tint in the screenshot you sent over. DM us and we will take a closer look into this for you. https://t.co/GDrqU22YpT,dm_escalation,generic_escalation
94766,94766,94764,what is this?,"@136587 We can definitely offer some guidance. Since noticing this, have you had a chance to restart your iPad? This step may seem simple, but it can resolve minor issues with your device.",troubleshooting,actionable
94766,94765,94767,Of Course. Unfortunately just one bug out of about ten which appeared in periodically steps since ios11 release,"@136587 Which iOS version is currently installed? Also, does this happen when changing orientation on the home screen or when you're within apps changing orientation?",troubleshooting,actionable
94766,94768,94769,"Latest version at this point, it’s about two weeks ago. After using app switcher to quit apps it appeared. Not noticed in apps",@136587 Thanks for this information. Have you had a chance to power down and restart your device? DM us and we'll continue from there. https://t.co/GDrqU22YpT,troubleshooting,guided_escalation
94771,94771,94770,Dear and thanks for the update that did this to the vast majority of icons in my dock. From the partially sighted woman who relies on being able to recognise her apps by shapes and colours... nothappywithApple thanksformakingmylifethatbitharder Apple,@136588 We want to help. Let's continue in DM. https://t.co/GDrqU22YpT,dm_escalation,generic_escalation
94776,94776,94772,can you please fix this issue? Why is it that when I swipe left from contacts I get blurry shakey screen?!,@136589 We can definitely look into this with you. Are you only experiencing this behavior in the Contacts app? Which iOS are you running currently? You can go to Settings &gt; General &gt; About to locate the version.,troubleshooting,actionable
94776,94775,94778,Same results after restart,@136589 Thanks for giving it a try. Go ahead and send us a DM and we'll look into this further with you. https://t.co/GDrqU22YpT,troubleshooting,generic_escalation
94776,94773,94777,I am running 11.1.2 and I don’t see it in other apps,"@136589 OK, do you see the same results after you restart your iPhone?",troubleshooting,actionable
94781,94781,94780,"on my iPad 2 (iOS 9.3.5), I can't backup to iCloud, iBooks doesn't show my books in iCloud. Can't see what I've purchased in AppStore, iBooks, iTunes, Music, Videos. I reset it and found no iCloud backups when there should be. Any ideas?","@136591 We'd like to take a look into this with you, reach us in DM. https://t.co/GDrqU22YpT",dm_escalation,generic_escalation
94783,94783,94782,any idea what this means when I restart my 2016 MacBook Pro?,@136592 We'd be happy to look into this with you more in detail.  Let us know in DM what version of macOS you're using and if this issues happens each time you restart. https://t.co/GDrqU22YpT,troubleshooting,guided_escalation
94786,94786,94784,my app store isn't allowing me to search for new apps on my ipad 2. I just did a reset and reconnected to wifi and my icloud account.,@136593 Thanks for bringing this behavior to our attention. Let’s team up to get this addressed so you can get back to searching the App Store. How long has this been happening? Are you able to browse the App Store via the other tabs at the bottom of the screen?,information_request,other
94786,94785,94787,"I actually lost the power cord so I finally charged my ipad yesterday and am using it today for the first time in a few months. Since turning it on this morning, I haven't been able to update any apps or navigate the app store at all. I checked and my icloud account is linked","@136593 We appreciate you keeping us updated. If you check under Settings &gt; General &gt; Software Update, do you have any updates available? If so, let’s make a backup before you update: https://t.co/4f8hwT5to6 If there isn’t an update available, just let us know.",troubleshooting,actionable
94786,94788,94789,My ipad is on some version of ios 9 but says there are no updates available.,"@136593 Got it. Could you let us know the exact version number of iOS 9 you’re currently using via a DM? Also, let us know if you are able to search in the iTunes Store. We’ll keep moving forward from there. https://t.co/GDrqU22YpT",information_request,guided_escalation
94792,94792,94790,what is this,@136594 Let's find out. When did you start to see this? Are you getting the same message on cellular only and multiple Wi-Fi networks?,information_request,other
94792,94791,94793,A few hours ago...I’m on WiFi at a restaurant cellular connections not good enough,@136594 Are you able to access other Internet-based content while connected to the restaurant Wi-Fi?,information_request,other
94792,94794,94795,It’s working now I guess it was the network I was on... thanks anyway tho,@136594 We're glad to hear it's working now. Let us know if you have any other questions or concerns. We'll help as best we can.,other,other
94797,94797,94796,is there a way to restore deleted texts,@136595 We’d be happy to help. The only way to recover a deleted message would be to restore a backup from iCloud or iTunes which has the message included. Steps for restoring a backup can be found here: https://t.co/OZqPAHfBRU,troubleshooting,actionable
94800,94800,94798,Hey I’m getting really fed up that my phone keeps doing this all day long. This is NOT okay,"@132411 We're here to help. Can you tell us which iPhone and version of software you're using? Also, can you give us some more details about what has been happening and when this began?",information_request,other
94800,94799,94801,iPhone 7. IOS 11.2. Three days ago,"@132411 Just to confirm, are you using 11.1.2 or 11.2 beta on your iPhone?",information_request,other
94800,94802,94803,11.2 beta,"@132411 Are you seeing this issue with any specific apps or usage?  Do you do anything to restore function?  Let us know in Direct Message, and we'll take a closer look. https://t.co/GDrqU22YpT",information_request,guided_escalation
94805,94805,94804,fix this bc APPLE MUSIC IS $10 NOT $15,@136596  We want to make sure your billing questions are addressed quickly. You can reach out to our iTunes Support team directly at https://t.co/SDIe7UiyJN. They'll be happy to look into this with you.,link_resource,actionable
94809,94808,94807,Iphone 7 version 11.0.3,@136597 We've got some steps for you to follow: https://t.co/gzhYzn2d8R,link_resource,actionable
94812,94812,94811,Funny how my phone is ghosting an messaging people on a night yet during the day it’s fine help,@136598 That's certainly not what we'd expect you to see. We'll be happy to see what's going on. DM full details on what you've been experiencing and we'll continue from there. https://t.co/GDrqU22YpT,dm_escalation,guided_escalation
94814,94814,94813,Dear why does the itunes flash black for some time after applying the update on iPhone 8? The below error pops after the black flash,"@136599 You’ve come to the right place. Let’s begin by gathering some information. What iOS version is your iPhone 8 running? Also, send us a DM and tell us what happens after restarting it following these steps: https://t.co/OWRDHWSt4h https://t.co/GDrqU22YpT",troubleshooting,guided_escalation
94817,94817,94815,"Buggiest app on my @115858 #iPhone SE: ""Phone."" VMs constantly crash it, making the touchscreen nonresponsive and requiring a restart.",@136600 Being able to catch up on those missed calls is an important feature and we'd like you to have access without your iPhone becoming unresponsive. Which iOS version are we working with? You'll find that in Settings &gt; General &gt; About.,troubleshooting,actionable
94817,94816,94818,11.1.2 (15B202). Happens inconsistently when I listen to a VM without finishing playback.,@136600 When did this start happening? Did you notice it start after an update or anything in particular?,troubleshooting,actionable
94817,94819,94820,"Can’t recall exactly. At least 3x before today. Today was the first time closing the app didn’t solve the problem. I closed, but when I reopened, screen went white then crashed to home screen. Had to restart the phone.","@136600 Alright, DM us your country to look into more options.",troubleshooting,guided_escalation
94822,94822,94821,Hey,@136601 Hi. This is not the experience we want you to have with updating your device. DM us and tell us which device you have and the version of iOS you're currently running. You can find that under Settings &gt; General &gt; About. https://t.co/GDrqU22YpT,troubleshooting,guided_escalation
94824,94824,94823,"Hey @VerizonSupport @115858 your activation server is still broken, been trying for an hour. https://t.co/TgSbhaMkW6",@136602 We'd like to see if we can't help. Have you tested your username/password combo on a different device to double check you have it correct? Join us in DM and we'll go from there. https://t.co/GDrqU22YpT,troubleshooting,guided_escalation
94827,94827,94825,@115858 your phones are shite why do they just decide to stop working after a year and a half into a 2 year contract??,@136603 We don't expect that to happen. What's exactly going on with your iPhone? We can help.,information_request,other
94827,94826,94828,"It freezes often, probably 5 or 6 times a day",@136603 Thanks for following up. Send us a DM so we can look into this with you there. https://t.co/GDrqU22YpT,dm_escalation,generic_escalation
94830,94830,94829,@115858 WHY is my Apple TV remote app not working &amp; WHY does my iPhone X keep force closing everything? 😒,@136604 We'd like to help. Let us know which version of iOS you're running on this iPhone via DM. We'll go from there. https://t.co/GDrqU22YpT,dm_escalation,guided_escalation
94832,94832,94831,wat kan ik doen om deze melding te voorkomen?,@136605  We offer support via Twitter in English. Contact us for help in your preferred language here: https://t.co/IBIY3vMgPj,link_resource,actionable
94834,94834,94833,"Dear since last update (11.1.x) my status bar disappears randomly, I have to reboot to get it back. This is a bug of a very poor quality software",@136606 We want to help. Please tell us the exact version of iOS 11 you have installed on your device. You'll see this in Settings &gt; General &gt; About.,troubleshooting,actionable
94836,94836,94835,Hey...I have a question about the most recent security update on my MBP,"@136607 We're here to help however we can. Let us know via DM the question you have on the update, then we can go from there. https://t.co/GDrqU22YpT",troubleshooting,guided_escalation
94839,94839,94837,Soooo are we going to pretend like the new iPhones don’t have massive autocorrect issues? I’d like to be able to type the word it without I.T autocorrecting to this: I.T just to name a single instance.,@136608 We'd like to help! Would you mind please joining us in DM and letting us know your iOS version? You can check in Settings &gt; General &gt; About &gt; Version. https://t.co/GDrqU22YpT,troubleshooting,guided_escalation
94842,94842,94841,I submitted a video podcast show to iTunes and approved. Can’t submit the audio version though “Can’t submit your feed. Your feed was previously submitted” - that’s the video version not audio. How do I go about this?,"@136609 Your best resource for this is to select ""Contact Us"" on this page: https://t.co/Z700WfTAZ1 They will be the best group to assist you further.",link_resource,actionable
94844,94844,94843,"Hi - a friend of mine just got an Apple Watch Series 3, but can't quick reply to Whatsapp notifications on watch. I can on my series 2... Any suggestions as to why? He gets the notification, but no reply option. Thanks in advance.",@136610 Hey there! Thanks for reaching out to us. Can you tell us which version of watchOS he's using in DM? https://t.co/GDrqU22YpT,information_request,guided_escalation
94846,94846,94845,@115858 this “I.T” thing gonna be fixed any time soon....,@136611 We can help. Let's work on this together. Send us a DM. https://t.co/GDrqU22YpT,dm_escalation,generic_escalation
94849,94849,94847,"When I view ‘live’ photos taken on iPhone 7 Plus (iOS 11), I cannot see any motion. They appear like standard static photos","@136612 Live Photos are amazing so we want to make sure you are getting the most out of them.  Let’s make sure we cover the basics first:  
1Open the Photos app.
2Go to the Photos tab.
3Tap the Live Photo.
4Firmly press the screen and hold.",other,other
94849,94848,94850,That works. Can’t I get the animation while just scrolling through the pics in photos.,@136612 Great. Meet us in DM and we'll take a closer look. https://t.co/GDrqU22YpT,dm_escalation,generic_escalation
94853,94852,94851,"Yes, it starts, works normally, but during the day the thing described earlier happens",@136613 We’d like to look further into this with you. Please send us a DM confirming how you’re connecting the external display. https://t.co/GDrqU22YpT,dm_escalation,guided_escalation
94857,94857,94855,"umm, where is my clock and podcast controls on the lock screen? They’re there but can’t be seen.","@136614 We understand the concern over not being able to see all of the items on your lock screen. We're happy to look into this with you. 

To start, are you on iOS 11.1.2? If not, we'd recommend backing up and updating.",information_request,other
94857,94856,94858,"I am using 11.1.2. The controls/info are there, but cannot be seen (podcast controls/number pad for code entry respond when touched--assuming where the buttons are)","@136614 Thanks for verifying. From here, let's take a look into additional support options in DM. 

Send us a message and we'll follow up there. https://t.co/GDrqU22YpT",dm_escalation,generic_escalation
94860,94860,94859,@115858 I didn’t pay around one thousand dollar for my expensive iPhone to constantly not pronounce words correct. You’re depressing.,"@136615 We're here for you. 

Send us a DM with details of what is going on. We'll meet you there. https://t.co/GDrqU22YpT",dm_escalation,guided_escalation
94862,94862,94861,Merci pour cette dernière mise à jour qui a planté mon Mac et j’ai perdu toutes mes données ! On en parle ?,@136616 We offer support via Twitter in English. Contact us for help in your preferred language here: https://t.co/IBIY3vMgPj,link_resource,actionable
94864,94864,94863,what in the flying fuck is this,@136617 Follow up with us in DM. We'll take a closer look with you there. https://t.co/GDrqU22YpT,dm_escalation,generic_escalation
94868,94868,94865,My phone really fucking up hanging up in the middle of my ft calls WTF,@136618 That should not be happening. Let us help. Which version of iOS are you using? You can check in Settings &gt; General &gt; About.,troubleshooting,actionable
94868,94866,94869,"Could it be the WiFi ? It hung up more than 5 times, i know",@136618 Thanks for that screenshot. Have you tried making calls on mobile data or while connected to another Wi-Fi network?,information_request,other
94872,94872,94871,Pretty pissed off at @115858 right now.  #ios11 has completely fucked my iphone 6. Trying to roll back and it just got worse. Three hours charge is not cool #sopissedoffrightnow,@136619 That’s not the experience we’d like you to have. Can you start by letting us know more about the changes you’ve noticed with the recent updates via Direct Message? We’ll use that information to determine where to get started together. https://t.co/GDrqU22YpT,troubleshooting,guided_escalation
94874,94874,94873,hey after I 've installed macOS High Sierra I have problem with keyboard's input language. When I have turned it to Greek it automatically changes back to English. I 've tried all solutions recommended but with no success.,"@136620 We want to help with this. In DM, please let us know the steps you've tried so far to resolve this. https://t.co/GDrqU22YpT",dm_escalation,guided_escalation
94876,94876,94875,@115858 iOS 11.1.2 is so glitchy! Phone keeps freezing on random apps. Touch is less responsive. I’ve restarted it 3x since yesterday. #iphone #glitchy,@136621 Let's get this figured out. Does this seem to happen with specific apps? How do you get the iPhone to respond when this happens? Please DM us. https://t.co/GDrqU22YpT,information_request,guided_escalation
94878,94878,94877,"I’m disappointed with I think I’ll never going to order something again on apple, I'm almost canceling my order and I'm almost going to the or competition after being an apple customer for more than 10 years","@136198 We’d like to understand more about what's going on. Please DM us some details, and which country you're in, and we’ll take a look with you. https://t.co/GDrqU22YpT",troubleshooting,guided_escalation
94881,94881,94880,So I've had my iphone 6s LESS than a day and already it's doing what my iPhone 6 was doing... keeps restarting even though I've got the latest update on my current phone? Whats going on,@136622 That's unexpected. We'd be happy to help. Please join us in DM to continue. https://t.co/GDrqU22YpT,dm_escalation,guided_escalation
94884,94884,94882,any idea what’s going on here? Running latest version of iOS on iPhone 7 Plus.,@136623 Thanks for reaching out. We'd be happy to help. Which version of iOS are you using? You can check in Settings &gt; General &gt; About.,troubleshooting,actionable
94884,94883,94885,"Hi, thanks for getting back to me. I’m on 11.1.2",@136623 Alright. Let's move over to DM to continue looking into this. https://t.co/GDrqU22YpT,dm_escalation,generic_escalation
94887,94887,94886,so a week has come and call no help from you all and go say your for the people I have sent you all you asked for and up to now all I have got is a big fuck you from you all,@136624 We'd like to look into this further with you. Send us a DM and we'll take it from there. https://t.co/GDrqU22YpT,dm_escalation,generic_escalation
94889,94889,94888,hi i just lost my iphone 7 plus. Can you block my imei and no one can not use my iphone?,"@136625 We know the importance of securing your device. If you had the Find My iPhone service enabled, you can use that to locate or lock your device. https://t.co/Tst45TEoo8",link_resource,actionable
94891,94891,94890,"I got my phone fixed 2 weeks ago and I just dropped my phone with a case on it ON CARPET from at MOST four feet, and my screen shattered.... how?","@136626 We're sorry that this happened, so let us help you get it taken care of. DM us so we can better assist you: https://t.co/GDrqU22YpT",dm_escalation,guided_escalation
94893,94893,94892,have a Mac mini for business as soon as I got it had to return it didn’t work still have issues from that finally crashed lost everything Apple user for almost 20 years so disappointed and upset what are y’all going to do??,"@136627 We’d like to better understand what’s happening currently, and see how we can help. Send us a DM, letting us know if you still have the Mac Mini and if you use Time Machine to back up your Mac data. Here’s more information on Time Machine: https://t.co/aT16GG0KcX https://t.co/GDrqU22YpT",dm_escalation,guided_escalation
94896,94896,94894,hello I have my iPhone 5 entered on DFU mode alon and I can’t restore it,@136628 We'd be happy to look into any restore issues you're having on your iPhone. What's going on when you try to restore your iPhone? Do you receive any error messages?,troubleshooting,actionable
94896,94895,94897,This is the error,@136628 Thanks for providing that to us. Let's see if the information in the following article helps as it has steps to perform for that error: https://t.co/lMMVPdjGNN,link_resource,actionable
94899,94899,94898,Halo. it's stuck on this screen no matter how many times I click anything so I can't turn it off to fix it,"@136629 Hey there, let's try force restarting your iPhone to see if anything changes. This link should help: https://t.co/8MvHMFZ83h",troubleshooting,actionable
94904,94904,94902,this happens to my lock screen once a day at least. I hope 11.2 is going to fix this. No date/time and can’t swipe Down to see notifications or control center. Only up to unlock.,"@136630 Thank you for reaching out. We're certainly able to take a look into this issue with you. 

When this issue occurs, does unlocking and locking the phone back address it? Additionally, are you currently on iOS 11.1.2?",information_request,other
94904,94903,94905,"When I unlock and then lock again, it goes back to the blank screen. I am on 11.1.2.",@136630 Thanks for clarifying. Let's take a closer look into this in DM. Send us a message and we will follow up there. https://t.co/GDrqU22YpT,dm_escalation,generic_escalation
94907,94907,94906,third pair of lightning cable headphones have broken in a year with only one headphone carrying sound...why does this keep happening? Just made cheap? May be time to get a new product.,@136631 We'd like to look into this with you. Reach out via DM using the link below and let us know what country you're located in. https://t.co/GDrqU22YpT,troubleshooting,guided_escalation
94909,94909,94908,how do I know what app is requesting my password? This is a bit scary...,"@136632 This would be a system prompt. Usually, for an email account you have signed into previously on your device. This is not normally a 3rd party app that would be requesting this.",other,other
94911,94911,94910,@115858 ever since the update I’ve been experience some difficulties #Typical #MylastIphone https://t.co/BeCpD21A2D,"@136633 We appreciate you reaching back out. Are you able to adjust your keyboard using the steps in the ""Turn on one-handed typing” section of this article? https://t.co/tWyRHFS2AX Also, approximately how often do you experience that behavior with the lock screen?",troubleshooting,actionable
94914,94914,94912,My MacBook prioritized the tethering internet from my iphoneX over Wifi and now slows me down to unusable internet speeds. Any advice to circumvent that ?,"@136634 We're happy to look into this with you. Is the MacBook connected with the cable, or through Bluetooth?",information_request,other
94914,94913,94915,The MacBook Pro was connected via USB for Xcode over the night when i slept :),@136634 Let's move to DM for a closer look. What is your current macOS version? https://t.co/GDrqU22YpT,information_request,guided_escalation
94917,94917,94916,My iPhone podcasts app is so jacked up! Have to restart phone EVERY time I want to listen to podcast. Anyone else having issues? About to look into 3rd party app...,@136636 We'd like to help figure out what's happening with your Podcast app. Which iOS version is this happening with? Let us know in DM. https://t.co/GDrqU22YpT,information_request,guided_escalation
95205,95205,95204,iOS11 .1.2 makes my iPhone sluggish. Disconnects trom WiFi. Battery drains so quick and lot more. I was happy enough with 11.0.3. Never faced such issues with earlier versions to iOS11,"@136703 Hi there! You've come to the right place. Let's get things resolved together so you're back to loving your iPhone. We'll tackle each issue, one at a time. Let's start with things being sluggish. Where are you noticing that? Please DM us. https://t.co/GDrqU22YpT",information_request,guided_escalation
95783,95783,95781,my iphone X earpiece has a crackling sound every time i play music or put calls on loudspeaker,"@136853 We're here to help! We have a few questions to help us learn more. Is the volume high on your iPhone X? Does it happen while using headphones? DM us more details, including the exact version of the operating system that's installed, and we'll get started. https://t.co/GDrqU22YpT",troubleshooting,guided_escalation
95783,95782,95784,This happens when i put my calls on loudspeaker or play music. The phon volume is kept at maximum. And this does not happen while listening to music from headphones. The OS is 11.1.2,@136853 We've got your DM and will continue with you there. Be on the lookout for our reply. Thank you!,dm_escalation,generic_escalation
95787,95787,95785,"instead of wasting time creating moving emojis speak face2face. Then you could fix this mess you call iOS 11. WiFi log top left shows on, slider green shows on, yet “WiFi not connected”. 10 presses instead of 1.",@136854 We'd like to help. What's the version of iOS installed? Does this issue persist after rebooting your device?,troubleshooting,actionable
95787,95786,95788,It is version 11.1.2,@136854 Got it! Let's try the steps listed here: https://t.co/sXbhzfS2lM Let us know if the issue persists once completed.,troubleshooting,actionable
95787,95791,95792,Through settings,@136854 Let's have a look at this together. Can you please DM us? https://t.co/GDrqU22YpT,information_request,guided_escalation
95787,95789,95790,Done all that even done the reboot. It now does it only periodically. Just to reiterate the WiFi and internet are working fine it’s just that the left side does not reflect this every time.,"@136854 Okay. Are you accessing these settings via the Control Center, or through Settings?",troubleshooting,actionable
95794,95794,95793,Thanks apple for this shitty update. My battery is even worse now ... last night I forgot to turn off the automatic update. Today in the morning I was like ... ios1112 ios1112fail,"@136855 Great battery life from your iPhone is important, and we want to get to the bottom of what's happening here. Could you join us in DM with more info on what you're seeing? https://t.co/GDrqU22YpT",information_request,guided_escalation
96616,96616,96615,"@115858 please sort out the latest iOS, I’ve had nothing but trouble since my phone forced me to update. A mermaid emoji is not worth all this hassle 🙄","@137082 We want everything working at its best with the new update, so let's take a look together. Meet us in DM with some details, including what's happening with your iPhone and the country you're in, and we'll go from there. https://t.co/GDrqU22YpT",troubleshooting,guided_escalation
96618,96618,96617,my phone cuts off at 73%,@137083 That's not how we want your iPhone working at all. We know you need it charged and ready for you. Which model iPhone are we working with? What iOS version is installed in Settings &gt; General &gt; About? Please DM us at the link below. https://t.co/GDrqU22YpT,troubleshooting,guided_escalation
96884,96884,96883,"My battery was at 50% when I left the house 15 mins ago and I haven't touched my phone...
Seriously @115858 wtf https://t.co/jps8uOraC8","@137146 We know the importance of having a lasting battery. Tell us the iOS version your iPhone is on, and we’ll work together to get this issue resolved.",other,other
96886,96886,96885,"@115858 stop tryna play me my phone is in EXCELLENT condition and ever since the new one came out it’s freezing, glitching, erasing photos, shutting off on its own! Y’all better stop bullshitn or I’m finna get me an @122609",@137147 Hey there. Let's talk and find the quickest way to get this resolved for you. Please tap here to meet us in a DM: https://t.co/GDrqU22YpT,dm_escalation,generic_escalation
96896,96896,96895,"Hey if I get a replacement for my device because it was defective, will it come in a sealed package as the first I got from the shop or I will get just a device without box?","@137148 If you did a mail in repair, you will receive a device in a box.",other,other
96896,96889,96887,"The device was taken to the service, not mailed. Will I receive just a device without box then?","@137148 Yes, you will just receive a device.",other,other
96896,96888,96890,How can I know where this device is coming from or if the device is new or refurbished?,@137148 You will be given a device after service. You can inquire at the service center about these details.,other,other
96896,96891,96892,"Can you please be more specific? I will be given a new device, they said, which is not in a sealed box. Is that the correct procedure?",@137148 Best bet would be to check with the service center when you pick up the device.,troubleshooting,actionable
96896,96893,96894,"In th center they have already told me it will not be in a sealed box, but I refuse to accept a device without a box, since I do not have the proof that it is a new device.",@137148 Let's meet in a DM. Then share which country you're located in. Please tap here to continue: https://t.co/GDrqU22YpT,troubleshooting,guided_escalation
96899,96899,96897,why is the icon for certain apps in the different than the ones that dlonwload to my home screen?,"@137149 Let’s figure this out together. DM us the apps you’re noticing this with, and we’ll get started. https://t.co/GDrqU22YpT",dm_escalation,guided_escalation
96903,96903,96902,Hey! I don't see anymore the link to create an app-specific passcode... Where is this now?! =(,@136847 We can help. Have you tried the steps found here: https://t.co/a2hzoE0Skt,link_resource,actionable
96903,96901,96900,"Oh, sorry, I didn't saw the necessity of two-factor authentication. Thanks! =)",@136847 You're welcome. We hope you have a great day.,other,other
96905,96905,96904,@115858 please explain to me how my phone dies at 18% i really wanna know cuz that doesn’t make any fucking sense to me or anyone ever,@137150 Let's look into that. Send us a DM and we'll go from there. https://t.co/GDrqU22YpT,dm_escalation,generic_escalation
96913,96913,96912,"16gb phone, 11gb used, app usage totals less than 5gb, only 74 Megabytes available, help please",@137151 We're happy to assist. Which iOS version are you currently running? Go to Settings &gt; General &gt; About for the version.,troubleshooting,actionable
96913,96911,96910,10.2,"@137151 Thank you for that information.  Please back up and update to our latest iOS, 11.1.2, and let us know if the issue persists. These steps here will walk you through the process: https://t.co/80YRnjDFDk.",troubleshooting,actionable
96913,96908,96906,It keeps saying this,@137151 Thanks. Let's work through the steps here to see if we can get the update installed on your device: https://t.co/duYWwlmIVH,troubleshooting,actionable
96913,96907,96909,"It's downloaded. I see it's downloaded in my storage, when I press install it thinks for a bit then says an error occurred, but doesn't explain the error",@137151 Thanks for clarifying. Please work through the steps in the previously linked article to delete and redownload the update.,troubleshooting,actionable
96915,96915,96914,is there a way to turn off live photo permanently. Constantly turning it off and yes I have the preserve live photo setting turned on. So annoying! If I want video I will do video.,"@137152 We want you to enjoy taking pics with your device, and we'll do all we can to help. Let us know what device and OS you're using via DM and we'll continue from there: https://t.co/GDrqU22YpT",dm_escalation,guided_escalation
96919,96919,96918,@115858 why are my photos in opposite chronological order it’s annoying plz advise,@137153 Thanks for contacting us about your photos. We'd be happy to help in any way we can. could you please tell us which device you're using?,information_request,other
96919,96917,96916,iPhone 7,@137153 Thanks. We'd recommend reaching out to our Photos team for further assistance with this here: https://t.co/IBIY3vMgPj,link_resource,actionable
96922,96922,96920,"@115858 appfails mezelf suf getraind om een medaille te halen. 
Kan da activiteit app niet reken 😬 kwam zelf uit op een gemiddelde van 47,2 #AppleWatch #FailsOfTheWeek https://t.co/O824X7yi6u",@137154 We offer support via Twitter in English. Contact us for help in your preferred language here: https://t.co/IBIY3vMgPj,link_resource,actionable
96922,96921,96923,I trained to get a medal. Can not calculate the activity app itself was an average of 47.2,"@137154 We'd be happy to look into this with you and figure out what happened. Which version of watchOS are you running? You can check this in the Apple Watch app, under General &gt; About. Also, which iOS version is your phone running in Settings &gt; General &gt; About &gt; Version?",troubleshooting,actionable
96926,96926,96924,please do something about the nonexistent life-span of the batteries for iPhone 7.,@137155 We're happy to help. Try these tips for battery life and let us know if you still have an issue: https://t.co/TpjqFp3jxD,troubleshooting,actionable
96928,96928,96927,"My iPhone Has A Lot Of Bugs Recently, Uber And A Few Banking Apps Not Working Completely. Please Contact And Assist.",@137156 We'd like to help. What exactly happens with these apps when you try using them? Are there any app updates available in the App Store?,troubleshooting,actionable
96931,96931,96929,"why does my iPhone X continue to switch to automatic time zone? I’m gonna be late, bruh.","@119652 Let’s investigate this together. To clarify, when you switch “Set Automatically”, in the Date &amp; Time setting to the ""off"" position, it switches back on, is that correct?",information_request,other
96931,96930,96932,"No, it stays off for a short period of time. If I connect to a WiFi network in another time zone or travel to another time zone, it turns itself back on.","@119652 Got it, thanks. So that we can look into this further, DM the iOS version your iPhone is currently running. This info can be found under Settings &gt; General &gt; About. https://t.co/GDrqU22YpT",troubleshooting,guided_escalation
96935,96935,96934,Hello! Why my music profile doesn’t look like that on the first picture?,"@137157 Thanks for reaching out. We'd like to know more about this, DM us with some extra detail and we'll look into it. https://t.co/GDrqU22YpT",dm_escalation,generic_escalation
96937,96937,96936,"Hello, my iphone 5C less than two years old explosed in the classoom, what triggered the fire alarm. what do you propose?","@137158 This definitely isn't expected, and we want to help. Send us a DM with your country/location, and we'll continue there: https://t.co/GDrqU22YpT",troubleshooting,guided_escalation
96944,96940,96938,"False alarm in Apple Watch , without using Apple Watch send elevated heart rate notification. How come ? Is it known issue in Apple Watch . I m using series one Watch .",@137159 Let's take a look at this for you. Are you getting the heart rate notification when you are wearing your Apple Watch? What do you have chosen for the BPM for Elevated Heart Rate? Take a look at this article on how to locate that: https://t.co/s7Dmxg9F3H,information_request,guided_escalation
96944,96939,96941,I am getting elevated heart rate without wearing.,@137159 When did this start for you? Let's try cleaning the Apple Watch to make sure there is no debris that can be affecting the sensor.  https://t.co/VxlvpoL1kr Reach out to us in DM if the issue continues https://t.co/GDrqU22YpT,troubleshooting,guided_escalation
96944,96942,96943,"I have faced this issue multiple time now , I hv cleaning my Apple Watch at regular basis. Not sure what is the issue",@137159 Let's take a look at this further for you. Reach out to us in DM. https://t.co/GDrqU22YpT,dm_escalation,generic_escalation
96966,96960,96958,"The weird thing is: I still have the option for percentage, but it doesn’t update at all. Even the icon (without %) doesn’t update! whats wrong with HighSierra?",@137160 Let’s take a look at what’s going on with the battery indicator on your Mac. Can you tell us the exact version of macOS High Sierra your Mac is running? Have you tried any steps since you've noticed this?,information_request,other
96966,96959,96961,"Hi. running 10.13.1 MacBook Pro Retina Early 2012. Tried re-start. The battery indicator won't change unless I switch ""show batter percentage"" on and off BTW, this was a clean install, not upgrade...",@137160 We would be glad to help. Does this occur each time you use your Mac? What happens if you restart your Mac?,troubleshooting,actionable
96968,96968,96967,so annoyed with this phone battery. can't turn it on without losing life. Might as well keep it plugged in 24/7. fix your issues.,"@137162 Battery life is important, and we can help. DM us the iOS version your iPhone is on currently, and we’ll get started. https://t.co/GDrqU22YpT",dm_escalation,guided_escalation
96971,96971,96969,@115858 why must you feel the need to turn my Bluetooth back on automatically killing my battery in the process?!,@137163 Let's help take a closer look. Are you managing Bluetooth from Control Center or the Settings app?,troubleshooting,actionable
96971,96970,96972,Control center i believe. But I turn it off when I wanna disconnect as opposed to just walking far enough away or waiting till I do.,@137163 This is expected behavior in iOS 11. Managing Bluetooth via Control Center will disconnect you from the device it's currently paired with. To completely turn off Bluetooth you'll want to do so via Settings. https://t.co/G7BHuQnDS6,troubleshooting,actionable
96974,96974,96973,I didn't buy an $800 phone for it to stop working the first year. @115858,"@137164 Give us some details on the issue you’re noticing with your iPhone, and we’ll partner with you to work towards a resolution.",other,other
96976,96976,96975,I got an electric shock from your headphones on the 5th and still haven’t got a replacement. I’ve also been told that it’s unlikely that I’ll have my replacement by my holiday on the 6th. Anything to speed this up?,@137165 Thanks for reaching out. We'd be happy to get you pointed in the right direction. DM us and we'll continue with you there. https://t.co/GDrqU22YpT,dm_escalation,guided_escalation
96980,96980,96978,Why is the double tap summoning Siri?,@137166 We're here to help. Have you restarted your iPhone since applying this change in settings? https://t.co/GDrqU22YpT,troubleshooting,actionable
96980,96979,96981,"I have not. I was having Airpods issues and contacted apple last night...we rebooted airpods and disconnected from phone and reconnected. hence, my need to change the setting back to ""double tap to pause"" which had been working flawlesly for months.","@137166 Go ahead and try that now. If the issue continues, send us a DM and we'll go from there. https://t.co/GDrqU22YpT",troubleshooting,generic_escalation
96985,96985,96983,"Apenas salió en nuevo iPhone X y el 7 ya empieza a colgarse, la batería se descarga rápido, etc, siempre lo mismo",@137167 We offer support via Twitter in English. Get help in Spanish here: https://t.co/IBIY3vMgPj or join https://t.co/OczyRx7IOs,link_resource,actionable
96985,96984,96986,"It just came out the new iPhone X and the 7 already starts to freeze, the battery quickly go low , etc, always the same",@137167 We can help with your iPhone 7. DM us with more details on what is happening. https://t.co/GDrqU22YpT,dm_escalation,guided_escalation
96991,96991,96990,"Congratulations, @115858!
Just when I thought iOS couldn’t get any worst, bang!! Can’t setup iMessage with mobile data on. Good enough for Twitter but not for mr. iMessage.
A new low!",@137168 We'd love to help look into this and get you back in action. Can you send us a DM with some additional details? https://t.co/GDrqU22YpT,information_request,guided_escalation
96993,96993,96992,"Hey I was warned not to upgrade to 11.1.2 but had to for work, this sucks, what are you going to do about the battery drain? It’s a joke! Do something ASAP! listentoyourcustomers!",@137169 Thanks for reaching out to us. We are always happy to help. Send us a DM so we can look into this issue with you there. https://t.co/GDrqU22YpT,dm_escalation,guided_escalation
96995,96995,96994,the Bluetooth function on my iPhone is super frustrating! I accidentally pressed forget device and now my iPhone is forgetting my wireless headphone forever! I did all reset but still can’t find my device! so frustrating!,@137170 We'd be happy to help you with this.  Let us know in DM the iOS version you're using and the type of Bluetooth headphones. https://t.co/GDrqU22YpT,dm_escalation,guided_escalation
96997,96997,96996,Really disappointed with @115858 and their new iOS update. Too many glitches &amp; none of my apps run well.,"@137171 We're sorry to hear you're having issues with the update. We're happy to see what we can do to assist. What issues specifically are you having with your device? Also, what version of iOS are you on? The latest is iOS 11.1.2.",troubleshooting,actionable
97000,97000,96998,can you fix my Iphone please.,@137172 We want to help. Which iOS version is your phone running?,information_request,other
97000,96999,97001,I was on the public beta list but recently unsubscribed,@137172 Let's first get you back to an official iOS version. Use this link to complete the process: https://t.co/rEEDcjXdhp,link_resource,actionable
97004,97003,97002,But nothing work.,"@135025 We're happy to help with your Wi-Fi. Meet us in DM with some details. Tell us the exact version of iOS 11 you're using, and which country you're in, and we'll take it from there. https://t.co/GDrqU22YpT",troubleshooting,guided_escalation
97006,97006,97005,Looks a bit fishy. Scam?,@137173 This is likely a phishing attempt. You can find more information about phishing attempts and how to react to them here: https://t.co/LNMCdqt6fD,link_resource,actionable
97013,97011,97009,I had to disable my spell check. IT was driving me INSANE DoBetterApple,@137174 We'd like to help with the issue you're having with your keyboard. Let us know which version of iOS you are using in Settings &gt; General &gt; About and we'll go from there.,troubleshooting,actionable
97013,97010,97012,Im using 11.1.2 software my iphone states that is the latest update,"@137174 Okay, DM us which country you are located in and we'll look into all options.",troubleshooting,guided_escalation
97015,97015,97014,how do I see much longer I have to pay on my iPhone. Not sure I want to upgrade yet but curious how much longer the term I’ve been paying is. I am on the apply upgrade program. Thanks!,@137176 Hi there. We're happy to get you pointed in the right direction. You can check your eligibility for an upgrade here: https://t.co/m2v14tiM2Q That should give you the information you're looking for.,troubleshooting,actionable
97017,97017,97016,I was supposed to get an answer from Engineering as to why my iCloud drive isnt working. Grady has been an amazing help but my case isn't resolved one bit yet. Case number 100360325798,@137177 Thank you for getting in touch with us. Please send us a DM including the country you're in. We'll continue there. https://t.co/GDrqU22YpT,troubleshooting,guided_escalation
97025,97025,97023,"Ever since I upgraded to High Sierra, my media controls on the keyboard don’t work with iTunes. Please help or fix it","@137179 We're here for you. The media controls at the top of the keyboard will control whichever program you have open. If you'd like to provide feedback on this feature, you can do so here: https://t.co/GewaBVdeV8",link_resource,actionable
97025,97024,97026,"Well I have iTunes open but it doesn’t work. The buttons were working in safari when I had a video open, but then I closed it. Currently iTunes is the only window with media playing.",@137179 Do the media keys work if you have iTunes open and on screen (rather than minimized)?,information_request,other
97025,97027,97028,"No, I’ve tried it both ways. Even when iTunes is open, they don’t work.",@137179 We'd be happy to look into this with you further. DM us using the link below and we'll go from there. https://t.co/GDrqU22YpT,dm_escalation,guided_escalation
97031,97031,97029,"Is it just me or is the @115858 app store a piece of shit? I rarely use it, but everytime I need to, it's always the biggest pain in the ass!",@137180 We'd like to look into the issues you're having with the Apple Store app. Can you explain the issues you are seeing?,information_request,other
97035,97035,97032,"Messages on my iMac and my wife’s MB have randomly stopped working. No changes, just can’t send or receive anymore.",@137182 We'd love to assist you with getting this sorted. Are you receiving any error messages while trying to send messages?,troubleshooting,actionable
97035,97033,97036,Also can send fine from my MBP. Just two Macs in our house cannot send or receive.,@137182 Understood. Are your account settings configured and enabled properly? You can check by following the section of this link titled Set up to send text messages with iMessage: https://t.co/FA74cK6qYt https://t.co/GDrqU22YpT,troubleshooting,actionable
97035,97037,97038,"Yeah, they’ve been working for years. Our setup hasn’t changed at all.",@137182 Send us a DM. Let us know the country you're in. https://t.co/GDrqU22YpT,troubleshooting,guided_escalation
97041,97041,97039,"bro, ever since the update my phone has been trash @115858 ihy",@137183 We want to help. What issues are you experiencing with your iPhone?,information_request,other
97041,97040,97042,I take back my ihy. It keeps turning off around 10-15% and keeps crashing when I’m trying to switch from apps :/ I had to format my phone like 3 times already,@137183 We'd be happy to assist with that today. Send us a DM to get started. https://t.co/GDrqU22YpT,dm_escalation,guided_escalation
97045,97045,97044,So I just got an electric shock in my ear from my earphones and now I can’t hear out of it,@137184 Thanks for reaching out. We're here to help. DM us so we can look into this further with you. https://t.co/GDrqU22YpT,dm_escalation,generic_escalation
97047,97047,97046,"bought a new MacBook Air last week and now it won’t turn on at all, tried all the variations for recovery mode and hardbooting. Makes a quiet whirring sound and then stops.","@137185 We want you to be able to use your new MacBook Air as expected. Please send us a DM, so we can gather more information about this. https://t.co/GDrqU22YpT",dm_escalation,generic_escalation
97049,97049,97048,"Hey @115858, any word on the iMac Pro? Us pros have end-of-year tax implications with these kind of things. How about an update?",@137186 We appreciate your interest and encourage you to stay up to date on Apple news here: https://t.co/gbIPLOsnZd,link_resource,actionable
97051,97051,97050,Yo this glitch with the letter I really be pissing me off. Yo @115858 figure it the fuck out,"@137187 Let’s look into this together. Use the link below to DM us the iOS version your iPhone is running, and we’ll meet you there. https://t.co/GDrqU22YpT",dm_escalation,guided_escalation
97054,97053,97052,@115858 fix this,"@137188 Battery life, and usability is very important. We want to ensure we do all we can to get this working for you. In order to find you the information you need, we need some details from you. Please click here, to meet us in DM: https://t.co/GDrqU22YpT",dm_escalation,guided_escalation
97057,97057,97055,Really wishing I hadn’t updated to #ios111 and its subsequent updates. I’ve never had more problems with a 9 month old #iPhone. @115858 needs to step up their updates,@137189 We want to help. What issues are you experiencing with your iPhone?,information_request,other
97057,97056,97058,"Only about 10 of my contacts transfer to my 2017 Acura RDX. Sometimes my screen becomes unresponsive. My voicemail box has disappeared and reappeared. This morning my time, service, and battery disappeared from my home screen",@137189 Let's find out what's going on. Could you Direct Message us and let us know what iOS version the iPhone is on? https://t.co/GDrqU22YpT,information_request,guided_escalation
97061,97061,97059,why tf does my wifi n bluetooth turn on by its self after I turn it off?,@137190 We want to help. Which version of iOS are you using? You can check in Settings &gt; General &gt; About.,troubleshooting,actionable
97061,97060,97062,11.1,"@137190 Have you tried updating to the latest version? Before you do this, make sure you have a backup of your iPhone. Here are the steps: https://t.co/4f8hwT5to6",troubleshooting,actionable
97061,97063,97064,does the same to my friends aswell n she’s already updated it,@137190 Alright. Let us know how you're turning off Wi-Fi and Bluetooth in DM. https://t.co/GDrqU22YpT,dm_escalation,guided_escalation
97067,97067,97065,Ok @115858: what’s the deal with iCal spontaneously shutting down while I’m using it? It’s happening more frequently lately. Seems like an easy fix....?,@137191 Let's look into this together. Is the Calendar the only app that's shutting down unexpectedly? Are you doing anything specific that triggers it? We look forward to your response.,information_request,other
97067,97066,97068,"Thanks! Yes- specifically iCal, and usually not doing anything other than viewing my days meetings/items.","@137191 OK, thanks. Which device are you using and which software version is installed?",troubleshooting,actionable
97067,97069,97070,iPhone 7- iOS 11.1.2,@137191 OK. Let's continue in DM. Let us know if you have external accounts synced with the Calendar App. https://t.co/GDrqU22YpT,dm_escalation,guided_escalation
97072,97072,97071,"Ever since I got my iPhone X I’ve been prompted to sign in to iCloud every day at the same time. I’ve tried completely signing out then back in, changing the password, nothing has worked so far. Any ideas?","@137192 We don't want you having to sign in every day! Meet us in DM with some details about what's going on, and which country you're in, and we'll take a look. https://t.co/GDrqU22YpT",troubleshooting,guided_escalation
97074,97074,97073,why isnt my imsgs working @115858 ?,"@137193 We know how important it is for your iMessages to work so you can stay in touch with friends and family. Let’s go through some troubleshooting to see what we can find out. To start, which device are you using? Which software version are you running on the device?",information_request,other
97077,97077,97075,"before the latest iOS update my 16 GB ipad could correctly optimise the iCloud Photo Library storage. But now storage usage of Photos on the iPad is ballooning, making the iPad unusable. Is there any way to flush the locally stores pictures?","@137194 You can choose to optimize your device storage by following this article: https://t.co/8YUslsnsM5

Let us know if that is what you are looking to do.",link_resource,actionable
97077,97076,97078,"I’m already using optimised storage. The problem is that it has stopped being so optimal. It is permanently bloated, it used to grow and shrink dynamically but something has stopped working. It works fine on my iPhone 7, but not on the iPad.",@137194 Send us a DM and we'll take a look at storage together. https://t.co/GDrqU22YpT,dm_escalation,generic_escalation
97080,97080,97079,"Me too. It’s bloody awful. From 21% to phone switching off, for no reason. Terrible Bluetooth. My phone worked perfectly until the update. It is a lamentable disgrace","@137195 Help is here! Let's check a few things together. We want your iPhone to be available when you need it. Check out these tips to optimize your battery life: https://t.co/TpjqFpkUpb
Need more help? Send us a DM here: https://t.co/GDrqU2kzhr",troubleshooting,guided_escalation
97085,97085,97083,“Trash” button on email notification does not work on latest iOS.,@137196 Thanks for reaching out about this issue. What happens when you try to delete an email? Do you get an error message?,troubleshooting,actionable
97085,97084,97086,I don’t get an error and it does not go to trash. Email still show up in inbox,@137196 Do you use the native Mail app or a third-party email app? Which version of iOS are you running in Settings &gt; General &gt; About?,troubleshooting,actionable
97085,97087,97088,iOS : 11.1.2 and I’m using native app,"@137196 Alright, when did this start happening? Are there any workarounds that you know of? Like restarting the iPhone or closing the app in Multitasking?",troubleshooting,actionable
97085,97089,97090,"After upgrading to latest iOS , workaround is I need to go to mailbox and trash it from there.",@137196 Let's look into that further. Send us a DM and we'll go from there. https://t.co/GDrqU22YpT,dm_escalation,generic_escalation
97093,97093,97091,What have you Done My Macbook Pro Sucks after the security update yesterday!!,"@137197 We want your Mac working for you, and we'll do all we can to help. To make sure we're on the same page, it appears that some apps in the Dock are missing their images, is that right?",information_request,other
97093,97092,97094,"Yes, That started this morning!, Tried Logging in and out No luck..it gets worse(as below)..Resolved after the restart though!","@137197 We appreciate the clarification. Restarting your Mac was a good step to take, and it sounds like that fixed the issue for you. Let us know if you have any other questions we can help with. We're here for you.",troubleshooting,actionable
97093,97095,97096,"Hello, I still have that icons disappear bug after the update. Once I log out and Log back on it's back. Just wondering, Is that a known issue or just Me?","@137197 Happy to help. Verify for us what macOS you are running there?  Also, does this issue remain after restarting the computer?  For the icons that are disappearing are they specific to certain apps?",troubleshooting,actionable
97093,97097,97098,I'm using High Sierra version 10.13.1 Yes it disappears after the restart but back after some time. It is not specific to particular apps that keeps shuffling. and the notifications on top right also miss images.,"@137197 Got it. Let's have you boot up in safe mode. This will rule out a cache or directory issue with your startup disk; if that's the cause. Here's how to use safe mode: https://t.co/PQ4LSYhUTY After you boot into safe mode, restart as normal and DM us the results. https://t.co/GDrqU22YpT",troubleshooting,guided_escalation
97584,97584,97583,"Erm... What even happened here, ?","@137352 We'd like to learn more about what's going on. Meet us in DM with some details, such as what happened right before you saw this screen, what version of IOS you're using, and what country you're in, and we'll go from there. https://t.co/GDrqU22YpT",troubleshooting,guided_escalation
97589,97589,97588,"my Apple Watch is unlocking itself! I put it on my wrist in the morning and it asks for an unlock code, if I don’t enter the code it automatically unlocks itself after a couple of minutes anyway! Any ideas?","@137354 We're happy to look into this further with you. Is the option to 'Unlock with iPhone' enabled? You can see this in the Apple Watch app on your iPhone. Tap My Watch, then Passcode, and look for that setting. Let us know in DM. https://t.co/GDrqU2kzhr",information_request,guided_escalation
97591,97591,97590,"Fuck this question mark thing, like for real... I trust fellow tweeters (or twatters as I like to call them) still understand the tweet, but still. First I️t was just the letter I now it’s also it... What. The. Fuck. @115858","@137355 Please be sure your device is updated to iOS 11.1.2. The recent updates include a fix for autocorrect issues.  If the issues are still occurring at that point, shoot us over a DM and we'll take it from there. https://t.co/GDrqU22YpT",troubleshooting,guided_escalation
9827,9827,9826,Damn the new emojis @115858. Will my battery still go from 65% to 40% after one snap?,"@117805 We're happy to help. Are you experiencing battery issues, when using certain app?",information_request,other
98297,98297,98296,my iPhone 6 screen flickers and bands when it’s really cold weather. I need to heat it up before it’ll stop. Is this a software issue or a screen issue or something else?,"@137488 We’d love to help. To start, please send us a DM confirming if you see temperature warnings on the iPhone in the cold weather, as well as which software version you’re using. You can tap Settings &gt; General &gt; About to locate the software version. https://t.co/GDrqU22YpT",troubleshooting,guided_escalation
9831,9831,9828,please help us lmao,@117806 Your keyboard is important and we'd like to help get it working right. When did this start and which device model is it?,information_request,other
9831,9829,9832,started before downloading 11.1 (was never able to download 11.0.3). hasn't gotten better since update,@117806 Let's continue within DM here: https://t.co/GDrqU22YpT,dm_escalation,generic_escalation
9835,9835,9833,Dear why is my letter I not working by itself in email or text? When I type the letter “I” the attached happens.,@117807 We're here to help. Which version of iOS do you have installed on your device? You'd see this in Settings &gt; General &gt; About.,troubleshooting,actionable
9835,9834,9836,11.0.3,@117807 Thanks. Let's continue the conversation in DM. https://t.co/GDrqU22YpT,dm_escalation,generic_escalation
9838,9838,9837,updating xcode via appstore. 7-min remaining 6-hr ago. 1-min rem for over an hour. Why? My net bandwidth is good.,@117808 We'd like to help any way we can. Are other apps able to be downloaded on your device? Which model is it and which OS version?,information_request,other
9840,9840,9839,"mi iPhone no se puede conectar a la red wifi privadas pero si a las free, que hago",@117809 We offer support via Twitter in English. Get help in Spanish here: https://t.co/IBIY3vMgPj or join https://t.co/OczyRx7IOs,link_resource,actionable
9843,9843,9841,FOCO AQUI Q Q TÁ ACONTECENDO ~ iOS 11 guloso,"@117810 Since our Twitter support is available in English, get help at https://t.co/IBIY3vMgPj or join https://t.co/pvaOFfPbjt",link_resource,actionable
9843,9842,9844,I said the battery is dying too fast. Is that because of the new iOS 11.0.3? I’m pretty worried about it I can’t trust my phone anymore,@117810 We're here to help. Let's update your device to iOS 11.1 and test to see if the issue persists: https://t.co/80YRnjDFDk,troubleshooting,actionable
9848,9848,9846,hey my i on my keyboard isn't working and i just updated my phone to the latest IOS,@117811 Thank you for reaching out. May we ask which apps you're seeing the keyboard issue with?,information_request,other
9848,9847,9849,iMessage & snapchat,@117811 Thanks for letting us know. Send us a DM and we'll do everything we can to get your keyboard back on track. https://t.co/GDrqU22YpT,dm_escalation,generic_escalation
98814,98814,98813,"Annoyed at the fact I just got a new iPhone 7plus, because my old one stopped working, a few weeks ago & now the front camera on the new one doesn’t work at all.",@137624 Thanks for reaching out to us. We'd like to help you and look into this further. Please DM us to continue working on this. https://t.co/GDrqU22YpT,dm_escalation,generic_escalation
98816,98816,98815,"my iPhone 6 A1586, the touch screen freezes all the time no matter what iOS11 installed. It is disappointed.",@137625 Let's check into what's going on with your iPhone.  Tell us in DM when you notice this freezing. Does it happen when using specific apps or services? https://t.co/GDrqU22YpT,troubleshooting,guided_escalation
98818,98818,98817,I really hate . The latest iphone updates have so many problems. I can't crop photos. It refuses to use the ringtone I set in my settings. Half my apps crash. Can't wait to switch to Samsung.,@137626 Let's look into that. Send us a DM and we'll go from there. https://t.co/GDrqU22YpT,dm_escalation,generic_escalation
98820,98820,98819,"My iPhone X does not have all of my most recent photos stored on iCloud. It does have both ""iCloud Photo Library"" and ""Upload to my Photo Stream"" enabled. Help! I want to see my latest photos...","@137627 Hello there. Let's find your photos so you can enjoy them at a glance. In Settings &gt; Photos is Optimize iPhone Storage checked? And is Photos on in iCloud Settings? If yes, our Photo Specialists can help you here: https://t.co/IBIY3vMgPj",troubleshooting,actionable
98824,98824,98823,My phone wouldn't turn on for an hour @115858 we're going to have some problems,"@137628 We never like to hear that your iPhone isn’t powering on. We’d be happy to help troubleshoot this issue. Just to clarify, are you still having power issues with the iPhone or is it working correctly now?",information_request,other
98824,98822,98821,It's working now,"@137628 Glad to hear that things are working as expected once again. Let us know if we can be of any other assistance, and have a wonderful rest of your day!",other,other
98826,98826,98825,"Galera preciso de ajuda aqui, meu despertador não funciona nem a pau, eu programo e ele cancela sozinho","@137629 Since our Twitter support is available in English, get help at https://t.co/IBIY3vMgPj or join https://t.co/pvaOFfPbjt",link_resource,actionable
98826,98827,101296,E eu não recebo notificação de nenhum aplicativo,"@138173 Since our Twitter support is available in English, get help at https://t.co/IBIY3vMgPj or join https://t.co/pvaOFfPbjt",link_resource,actionable
98829,98829,98828,The new security update resulting in my texts also going to my mother. I feel anything but secure stop trying make my parents more disappointed in me @115858.,@137630 Let's take a look at this together. Please go to Settings &gt; Messages &gt; Text Message Forwarding on your iPhone. What's that set to? Let us know in DM and we can dig in deeper. https://t.co/GDrqU22YpT,troubleshooting,guided_escalation
98832,98832,98830,wtf I finally go and get a new iPhone because I­t­ was acting up and my new iPhone 8 plus just turns off,@137631 Make sure the new iPhone is updated to 11.1.2: https://t.co/80YRnjDFDk Then send us a DM with more details and we'll be happy to help further. https://t.co/GDrqU22YpT,troubleshooting,guided_escalation
98832,98831,98833,It is updated that’s the worst part!,"@137631 If the iPhone is still restarting on you, send us a DM and let us know. Include the country you're in. https://t.co/GDrqU22YpT",troubleshooting,guided_escalation
98838,98838,98837,"Why oh why didn’t I get my badge? Worked so hard for this. Watch 3, iPhone X, all software up to date",@137632 Those achievements can take 9 days to appear after you've earned them. You can read more about that here: https://t.co/xwf6lrIgzJ,link_resource,actionable
98838,98835,98834,Got it!,@137632 Awesome! Please let us know if you have any other issues or questions.,other,other
98840,98840,98839,"I’ve had a iPhone X for two wks now within the first 3 Days I’ve dropped it twice and cracked the screen protector, At night the camera cannot read my face and I am forced to manually type my passcode. Does this happen to all people of color @115858 ?",@137633 We'd like to look into this with you. Send us a DM and we'll continue there. https://t.co/GDrqU22YpT,dm_escalation,generic_escalation
98842,98842,98841,Ever since I updated my phone it hasn’t been able to hold a charge very well,@137634 Let's look in to this battery issue together. Please DM us about this and we'll continue there. https://t.co/GDrqU22YpT,dm_escalation,generic_escalation
98845,98845,98843,I never use Live Photo mode and I don’t intend to. Why does it sporadically keep getting turned back on in camera?,@137635 We want to help. Live Photos is on by default on your iPhone 6s and later. You can tun off Live Photos in the Camera app and then preserve your Camera settings so that Live Photos is always on or off. Go to Settings &gt; Camera &gt; Preserve Settings.,troubleshooting,actionable
98845,98844,98846,"Thanks for the reply. I’ve done all that but once in a while Live Photo’s still turns back on by itself, it seems.",@137635 Thanks for letting us know. Has this always happening with your device or just start? Which iOS version is your device running?,information_request,other
98845,98847,98848,Latest iOS. Has always happened with the iPhone X,@137635 We'd be happy to look into this with you further. DM us using the link below and we'll go from there. https://t.co/GDrqU22YpT,dm_escalation,guided_escalation
98850,98850,98849,So many things broken on my MacBook after the security update yesterday,"@137636 We want to help get your MacBook working properly, and we appreciate you keeping it updated. Please join us in DM, and we’ll take a closer look. https://t.co/GDrqU22YpT",troubleshooting,guided_escalation
98853,98853,98852,why is it that I download an iTunes movie on to my iPad in my home. The download completes and I check I can playback the movie. But when I get on the train to work when I play the movie I just get an endlessly spinning “Loading...” at the top of the screen?,"@137637 We want you to enjoy your movies on the go, so we’d like to help. Does this appear to happen with multiple movies or just one? If just one, are you able to watch or download it to a different device?",information_request,other
98855,98855,98854,why does this only happen with the Mail app? It’s annoying,@137638 We can help you with your Mail app. Which iOS version is this happening with? Let us know in DM. https://t.co/GDrqU22YpT,information_request,guided_escalation
98857,98857,98856,"it's doing it again. So I run my Watch 3 workout app, pick the HIIT workout. Do a 30 minute Nike Training Club workout. The numbers don't add up. Is there anyway I can delete the data from the app? Do I need to disable it in the Watch app?",@137639 Good to know. Please clarify for us in DM which data you want to remove from the app to continue. https://t.co/GDrqU22YpT,troubleshooting,guided_escalation
98859,98859,98858,any special reason why my phone has randomly shut off three times since upgrading to iOS 11.1.2?,"@137640 We want you to be able to count on your iPhone, and we'll do all we can to help. Let us know what type of iPhone you're using via DM and we'll continue from there: https://t.co/GDrqU22YpT",dm_escalation,guided_escalation
98862,98862,98860,My identical twin brother just unlocked my iPhone X with his face !!,@137641 We're glad you reached out. Check out this article on Face ID: https://t.co/w0GFEbuI3a Let us know if you have questions; we're happy to help.,troubleshooting,actionable
98868,98866,98864,@115858 Update: My phone just shut off at 60% and then I managed to turn it back on and it was at 10% 🙃🙃,@137643 We understand it's important to be able to use your iPhone without it shutting down unexpectedly. Which version of iOS are you running now in Settings &gt; General &gt; About?,troubleshooting,actionable
98868,98865,98867,iOS 11.1.1,@137643 We'd like to gather some more details.  Please reach out to us via DM and we'll continue there. https://t.co/GDrqU22YpT,dm_escalation,guided_escalation
98871,98871,98870,"After putting it off for so long and ignoring it I got forced into updating my phone to the newest iOS, and what happens immediately after? My phone screen was unresponsive to touch or restart commands. @115858 ya’ll shady. Updates should improve not make things worse. #greedy",@137644 Hey there. Let's talk and work together to get your iPhone responding as expected. Please tap here to meet us in a DM and we'll get started: https://t.co/GDrqU22YpT,dm_escalation,generic_escalation
98873,98873,98872,My iPhone screen is broken,@137645 We are here to help. DM us your current country and we can take a look at this. https://t.co/GDrqU22YpT,troubleshooting,guided_escalation
98875,98875,98874,"#FaceID works seamlessly when it works, though, it takes 1.5 secs &amp; a swipe more than finger print scanner but the real problem is that is works only 80% of the times, even lesser when in well lit outdoors! @115858 you didn’t perfect it, so unlike you! #iPhoneX",@137646 Thanks for reaching out. That’s not the experience we want you to have with your new iPhone X. Could you let us know more details via a DM? We’ll keep moving forward from there. https://t.co/GDrqU22YpT,information_request,guided_escalation
98878,98878,98876,"My iPhone 8+ has suddenly began acting up. It’s randomly restarting by itself, no sound is working as in when I receive a text or call my phone doesn’t make a sound. My touchscreen isn’t responsive sometimes and I can’t play videos in apps, like YouTube or Hayu.","@137647 Thanks for reaching out to us. Let's work to get this resolved together. Let's start with the the sound issue. Which version of iOS is installed currently? Also, check out this article for help with it as well: https://t.co/4Kux8rhhGX",troubleshooting,actionable
98878,98877,98879,11.1.2,"@137647 Thanks! Were you able to take a look at the steps in the article we provided? If not, go ahead and give that a try and let us know how it goes.",troubleshooting,actionable
98878,98880,98881,I tried all of those so that’s not the issue. I have even tried resetting my phone to factory settings. Now my music app isn’t working.,"@137647 Perfect, thanks for that info! Go ahead and reach out to us in DM and tell us more about the exact steps you took to reset your iPhone to factory settings. Also, tell us more about what's not working with the Music app. We'll get this taken care of together. https://t.co/GDrqU22YpT",troubleshooting,guided_escalation
98883,98883,98882,Unplug my iphone at 7 AM and it’s at 39% at 8:23 AM hahahahahah i cant take this that’s disgusting. I should be able to get a phone because this one is broken. Makes me sick,@137648 We certainly understand that battery life is important and we'd like to look in to this with you. Please DM us about this and we'll continue from there. https://t.co/GDrqU22YpT,dm_escalation,generic_escalation
98887,98887,98885,"What’s going with #iphone7plus batteries? Over the last few days my battery has been losing power, without being used much, at a rate I’ve never seen? @115858 is something happening? #apple","@116962 Let's look into that. Send us a DM and we'll go from there, https://t.co/GDrqU22YpT",dm_escalation,generic_escalation
98887,98886,98888,Hi replying to your tweet. Thank you,@116962 You're welcome. Can you tell us which software version is currently running on your phone? Click here to connect with us in DM and we'll pick up there. https://t.co/GDrqU22YpT,information_request,guided_escalation
98894,98894,98891,"So, @115858, how do I fix the blurry PDFs in Preview running on macOS High Sierra? #ux #pdf",@137649 We'd be happy to assist. Does this happen with all PDFs? When did you first notice this happening? Tell us in a DM. https://t.co/GDrqU22YpT,information_request,guided_escalation
98894,98890,98889,"Happens with all PDFs (vector/typography based), no exception. PDFs appear blurry compared to original (like in Pages).",@137649 We're more than happy to look into this with you. You can send us a DM using the link below and we'll go from there. https://t.co/GDrqU22YpT,dm_escalation,guided_escalation
